Market,Filled Type,Filled Quantity,Filled Price,Order Price,Fee Rate,Trading Fee,feeCoin,ExecFeeV2,Direction,Order Type,Trasaction ID,Order No.,Transaction Time(UTC+0)
BTCUSDT,Trade,0.017,109041,108036.2,5.5E-4,1.01953335,USDT,1.01953335,Short,Market, 6a46e712, 65458496,04:26 2025-10-30
BTCUSDT,Trade,0.005,110262.5,111371.7,5.5E-4,0.30322188,USDT,0.30322188,Long,Market, a87c7298, fd18065e,00:29 2025-10-30
BTCUSDT,Trade,0.01,110262.5,111371.7,5.5E-4,0.60644375,USDT,0.60644375,Long,Market, e5e840fc, fd18065e,00:29 2025-10-30
BTCUSDT,Trade,0.001,110262.5,111371.7,5.5E-4,0.06064438,USDT,0.06064438,Long,Market, d68f1326, fd18065e,00:29 2025-10-30
BTCUSDT,Trade,0.001,110262.5,111371.7,5.5E-4,0.06064438,USDT,0.06064438,Long,Market, e0941c5a, fd18065e,00:29 2025-10-30
BTCUSDT,Trade,0.011,113187.5,112070,5.5E-4,0.68478438,USDT,0.68478438,Short,Market, 734039fa, a3421062,08:33 2025-10-29
BTCUSDT,Trade,0.001,113187.5,112070,5.5E-4,0.06225313,USDT,0.06225313,Short,Market, 69fcabe5, a3421062,08:33 2025-10-29
BTCUSDT,Trade,0.001,113187.5,112070,5.5E-4,0.06225313,USDT,0.06225313,Short,Market, 5d83125c, a3421062,08:33 2025-10-29
BTCUSDT,Trade,0.004,113187.5,112070,5.5E-4,0.2490125,USDT,0.2490125,Short,Market, 187b4d2b, a3421062,08:33 2025-10-29
BTCUSDT,Trade,0.005,113296.5,114429.4,5.5E-4,0.31156538,USDT,0.31156538,Long,Market, c0fb4c0e, e2c2e414,08:23 2025-10-29
BTCUSDT,Trade,0.001,113296.5,114429.4,5.5E-4,0.06231308,USDT,0.06231308,Long,Market, 542ec1ab, e2c2e414,08:23 2025-10-29
BTCUSDT,Trade,0.001,113296.5,114429.4,5.5E-4,0.06231308,USDT,0.06231308,Long,Market, 3023297e, e2c2e414,08:23 2025-10-29
BTCUSDT,Trade,0.001,113296.5,114429.4,5.5E-4,0.06231308,USDT,0.06231308,Long,Market, 969fd771, e2c2e414,08:23 2025-10-29
BTCUSDT,Trade,0.001,113296.5,114429.4,5.5E-4,0.06231308,USDT,0.06231308,Long,Market, f287d1a1, e2c2e414,08:23 2025-10-29
BTCUSDT,Trade,0.003,113296.5,114429.4,5.5E-4,0.18693923,USDT,0.18693923,Long,Market, 00f0b589, e2c2e414,08:23 2025-10-29
BTCUSDT,Trade,0.005,113296.5,114429.4,5.5E-4,0.31156538,USDT,0.31156538,Long,Market, e7a0e6bf, e2c2e414,08:23 2025-10-29
ETHFIUSDT,Trade,1342.0,0.9463,1.0279,5.5E-4,0.69846403,USDT,0.69846403,Long,Market, a63ada7a, 45b472a0,22:48 2025-10-28
ETHFIUSDT,Trade,5.9,0.9462,1.0279,5.5E-4,0.00307042,USDT,0.00307042,Long,Market, c5b2435e, 45b472a0,22:48 2025-10-28
ETHFIUSDT,Trade,196.0,0.9345,0.8672,5.5E-4,0.1007391,USDT,0.1007391,Short,Market, ca0c0b2e, 5c839037,22:16 2025-10-28
ETHFIUSDT,Trade,227.4,0.9345,0.8672,5.5E-4,0.11687792,USDT,0.11687792,Short,Market, 41f0b075, 5c839037,22:16 2025-10-28
ETHFIUSDT,Trade,153.9,0.9345,0.8672,5.5E-4,0.07910076,USDT,0.07910076,Short,Market, 9208c8e4, 5c839037,22:16 2025-10-28
ETHFIUSDT,Trade,308.5,0.9345,0.8672,5.5E-4,0.15856129,USDT,0.15856129,Short,Market, 617aebf1, 5c839037,22:16 2025-10-28
ETHFIUSDT,Trade,276.9,0.9345,0.8672,5.5E-4,0.14231968,USDT,0.14231968,Short,Market, 7b9984d5, 5c839037,22:16 2025-10-28
ETHFIUSDT,Trade,8.1,0.9345,0.8672,5.5E-4,0.0041632,USDT,0.0041632,Short,Market, f2b2be47, 5c839037,22:16 2025-10-28
ETHFIUSDT,Trade,141.0,0.9346,0.8672,5.5E-4,0.07247823,USDT,0.07247823,Short,Market, 0f566e6c, 5c839037,22:16 2025-10-28
ETHFIUSDT,Trade,8.1,0.9346,0.8672,5.5E-4,0.00416365,USDT,0.00416365,Short,Market, b8c57d3a, 5c839037,22:16 2025-10-28
ETHFIUSDT,Trade,5.9,0.9346,0.8672,5.5E-4,0.00303278,USDT,0.00303278,Short,Market, de3917ca, 5c839037,22:16 2025-10-28
ETHFIUSDT,Trade,8.1,0.9346,0.8672,5.5E-4,0.00416365,USDT,0.00416365,Short,Market, f776ce3d, 5c839037,22:16 2025-10-28
ETHFIUSDT,Trade,8.1,0.9347,0.8672,5.5E-4,0.00416409,USDT,0.00416409,Short,Market, bce64307, 5c839037,22:16 2025-10-28
ETHFIUSDT,Trade,5.9,0.9348,0.8672,5.5E-4,0.00303343,USDT,0.00303343,Short,Market, e642b004, 5c839037,22:16 2025-10-28
ETHUSDT,Trade,0.29,4030.47,4109.01,5.5E-4,0.64285997,USDT,0.64285997,Long,Market, 66f74a9f, 3209aa36,11:42 2025-10-26
ETHUSDT,Funding,0.29,3950.24,0,-1.0E-4,-0.11455696,USDT,-0.11455696,Short,--, 833e1662, 764aea2f,08:00 2025-10-26
ETHUSDT,Funding,0.29,3952.01,0,-1.0E-4,-0.11460829,USDT,-0.11460829,Short,--, 86a77252, 26e417de,00:00 2025-10-26
ETHUSDT,Funding,0.29,3931.8,0,-1.0E-4,-0.1140222,USDT,-0.1140222,Short,--, b125d1a8, 8d0e0e24,16:00 2025-10-25
ETHUSDT,Funding,0.29,3927.19,0,-7.603E-5,-0.08658944,USDT,-0.08658944,Short,--, e1a57943, 360e1e87,08:00 2025-10-25
ETHUSDT,Funding,0.29,3933.8,0,-1.0E-4,-0.1140802,USDT,-0.1140802,Short,--, b38b4fa7, c5189c98,00:00 2025-10-25
ETHFIUSDT,Trade,400.0,1.0254,1.1198,5.5E-4,0.225588,USDT,0.225588,Long,Market, 737f98a3, 06e60e99,22:23 2025-10-24
ETHFIUSDT,Trade,280.7,1.0254,1.1198,5.5E-4,0.15830638,USDT,0.15830638,Long,Market, 55dd00c8, 06e60e99,22:23 2025-10-24
ETHFIUSDT,Trade,99.7,1.0254,1.1198,5.5E-4,0.05622781,USDT,0.05622781,Long,Market, 9173862e, 06e60e99,22:23 2025-10-24
ETHFIUSDT,Trade,5.4,1.0254,1.1198,5.5E-4,0.00304544,USDT,0.00304544,Long,Market, 4f804c3c, 06e60e99,22:23 2025-10-24
ETHFIUSDT,Trade,7.4,1.0254,1.1198,5.5E-4,0.00417338,USDT,0.00417338,Long,Market, 93c13543, 06e60e99,22:23 2025-10-24
ETHFIUSDT,Trade,196.5,1.0254,1.1198,5.5E-4,0.11082011,USDT,0.11082011,Long,Market, 32dfae57, 06e60e99,22:23 2025-10-24
ETHFIUSDT,Trade,91.6,1.0254,1.1198,5.5E-4,0.05165966,USDT,0.05165966,Long,Market, 4f653b9c, 06e60e99,22:23 2025-10-24
ETHFIUSDT,Trade,146.2,1.0254,1.1198,5.5E-4,0.08245242,USDT,0.08245242,Long,Market, 0baba354, 06e60e99,22:23 2025-10-24
ETHFIUSDT,Trade,85.9,1.0254,1.1198,5.5E-4,0.04844503,USDT,0.04844503,Long,Market, 735f743a, 06e60e99,22:23 2025-10-24
ETHFIUSDT,Trade,48.8,1.0254,1.1198,5.5E-4,0.02752174,USDT,0.02752174,Long,Market, 1c36fe2f, 06e60e99,22:23 2025-10-24
ETHFIUSDT,Trade,97.0,1.0253,1.1198,5.5E-4,0.05469976,USDT,0.05469976,Long,Market, 9f9c29bb, 06e60e99,22:23 2025-10-24
ETHFIUSDT,Trade,7.4,1.0253,1.1198,5.5E-4,0.00417298,USDT,0.00417298,Long,Market, f04914ee, 06e60e99,22:23 2025-10-24
ETHFIUSDT,Trade,85.9,1.0253,1.1198,5.5E-4,0.0484403,USDT,0.0484403,Long,Market, 219a9598, 06e60e99,22:23 2025-10-24
ETHFIUSDT,Trade,5.4,1.0252,1.1198,5.5E-4,0.00304485,USDT,0.00304485,Long,Market, 96b7764f, 06e60e99,22:23 2025-10-24
ETHFIUSDT,Trade,7.4,1.0252,1.1198,5.5E-4,0.00417257,USDT,0.00417257,Long,Market, 2e973ff9, 06e60e99,22:23 2025-10-24
ETHFIUSDT,Trade,86.1,1.0251,1.1198,5.5E-4,0.04854362,USDT,0.04854362,Long,Market, 67ce85a9, 06e60e99,22:23 2025-10-24
ETHFIUSDT,Trade,7.4,1.0251,1.1198,5.5E-4,0.00417216,USDT,0.00417216,Long,Market, 4684f281, 06e60e99,22:23 2025-10-24
ETHFIUSDT,Trade,4.3,1.0179,0.9443,5.5E-4,0.00240734,USDT,0.00240734,Short,Market, f16be13c, 28fec2d7,21:13 2025-10-24
ETHFIUSDT,Trade,6.9,1.0179,0.9443,5.5E-4,0.00386294,USDT,0.00386294,Short,Market, f4bf58b5, 28fec2d7,21:13 2025-10-24
ETHFIUSDT,Trade,80.0,1.0179,0.9443,5.5E-4,0.0447876,USDT,0.0447876,Short,Market, 6acbb21c, 28fec2d7,21:13 2025-10-24
ETHFIUSDT,Trade,53.4,1.018,0.9443,5.5E-4,0.02989866,USDT,0.02989866,Short,Market, 7c01ed97, 28fec2d7,21:13 2025-10-24
ETHFIUSDT,Trade,444.5,1.018,0.9443,5.5E-4,0.24887555,USDT,0.24887555,Short,Market, 8384cd7e, 28fec2d7,21:13 2025-10-24
ETHFIUSDT,Trade,53.9,1.018,0.9443,5.5E-4,0.03017861,USDT,0.03017861,Short,Market, 38c53e7d, 28fec2d7,21:13 2025-10-24
ETHFIUSDT,Trade,5.5,1.018,0.9443,5.5E-4,0.00307945,USDT,0.00307945,Short,Market, 6c412d9d, 28fec2d7,21:13 2025-10-24
ETHFIUSDT,Trade,7.4,1.018,0.9443,5.5E-4,0.00414326,USDT,0.00414326,Short,Market, 58c72ef4, 28fec2d7,21:13 2025-10-24
ETHFIUSDT,Trade,80.0,1.018,0.9443,5.5E-4,0.044792,USDT,0.044792,Short,Market, 6154ece3, 28fec2d7,21:13 2025-10-24
ETHFIUSDT,Trade,6.9,1.018,0.9443,5.5E-4,0.00386331,USDT,0.00386331,Short,Market, 76f9eb14, 28fec2d7,21:13 2025-10-24
ETHFIUSDT,Trade,103.6,1.018,0.9443,5.5E-4,0.05800564,USDT,0.05800564,Short,Market, 2e446e70, 28fec2d7,21:13 2025-10-24
ETHFIUSDT,Trade,241.9,1.0181,0.9443,5.5E-4,0.13545312,USDT,0.13545312,Short,Market, 8ee8e5e6, 28fec2d7,21:13 2025-10-24
ETHFIUSDT,Trade,53.9,1.0181,0.9443,5.5E-4,0.03018158,USDT,0.03018158,Short,Market, c4536152, 28fec2d7,21:13 2025-10-24
ETHFIUSDT,Trade,51.6,1.0181,0.9443,5.5E-4,0.02889368,USDT,0.02889368,Short,Market, 9bf6f312, 28fec2d7,21:13 2025-10-24
ETHFIUSDT,Trade,7.4,1.0181,0.9443,5.5E-4,0.00414367,USDT,0.00414367,Short,Market, e1a157ed, 28fec2d7,21:13 2025-10-24
ETHFIUSDT,Trade,6.9,1.0181,0.9443,5.5E-4,0.00386369,USDT,0.00386369,Short,Market, 9a291ba5, 28fec2d7,21:13 2025-10-24
ETHFIUSDT,Trade,80.0,1.0181,0.9443,5.5E-4,0.0447964,USDT,0.0447964,Short,Market, 49074825, 28fec2d7,21:13 2025-10-24
ETHFIUSDT,Trade,53.9,1.0182,0.9443,5.5E-4,0.03018454,USDT,0.03018454,Short,Market, b2b07b3f, 28fec2d7,21:13 2025-10-24
ETHFIUSDT,Trade,53.9,1.0182,0.9443,5.5E-4,0.03018454,USDT,0.03018454,Short,Market, aeeb695a, 28fec2d7,21:13 2025-10-24
ETHFIUSDT,Trade,101.8,1.0182,0.9443,5.5E-4,0.05700902,USDT,0.05700902,Short,Market, 2cdf055a, 28fec2d7,21:13 2025-10-24
ETHFIUSDT,Trade,53.1,1.0182,0.9443,5.5E-4,0.02973654,USDT,0.02973654,Short,Market, e547511e, 28fec2d7,21:13 2025-10-24
ETHFIUSDT,Trade,7.4,1.0182,0.9443,5.5E-4,0.00414408,USDT,0.00414408,Short,Market, 3ebf1e11, 28fec2d7,21:13 2025-10-24
ETHFIUSDT,Trade,13.3,1.0183,0.9443,5.5E-4,0.00744887,USDT,0.00744887,Short,Market, 69990838, 28fec2d7,21:13 2025-10-24
ETHFIUSDT,Trade,49.9,1.0183,0.9443,5.5E-4,0.02794725,USDT,0.02794725,Short,Market, 72b50f51, 28fec2d7,21:13 2025-10-24
ETHFIUSDT,Trade,7.4,1.0183,0.9443,5.5E-4,0.00414449,USDT,0.00414449,Short,Market, 2ca0ad77, 28fec2d7,21:13 2025-10-24
ETHFIUSDT,Trade,15.0,1.0184,0.9443,5.5E-4,0.0084018,USDT,0.0084018,Short,Market, 60f7114e, 28fec2d7,21:13 2025-10-24
ETHFIUSDT,Trade,15.0,1.0184,0.9443,5.5E-4,0.0084018,USDT,0.0084018,Short,Market, a60f67ed, 28fec2d7,21:13 2025-10-24
ETHFIUSDT,Trade,82.6,1.0239,1.1214,5.5E-4,0.04651578,USDT,0.04651578,Long,Market, 08634cb5, a3bfa6e8,21:06 2025-10-24
ETHFIUSDT,Trade,488.4,1.0239,1.1214,5.5E-4,0.27504002,USDT,0.27504002,Long,Market, 97fdfc9a, a3bfa6e8,21:06 2025-10-24
ETHFIUSDT,Trade,51.6,1.0239,1.1214,5.5E-4,0.02905829,USDT,0.02905829,Long,Market, c5a70748, a3bfa6e8,21:06 2025-10-24
ETHFIUSDT,Trade,7.4,1.0239,1.1214,5.5E-4,0.00416728,USDT,0.00416728,Long,Market, 6623c290, a3bfa6e8,21:06 2025-10-24
ETHFIUSDT,Trade,90.8,1.0238,1.1214,5.5E-4,0.05112858,USDT,0.05112858,Long,Market, 20fcd670, a3bfa6e8,21:06 2025-10-24
ETHFIUSDT,Trade,208.0,1.0238,1.1214,5.5E-4,0.11712272,USDT,0.11712272,Long,Market, 01d2556c, a3bfa6e8,21:06 2025-10-24
ETHFIUSDT,Trade,105.1,1.0238,1.1214,5.5E-4,0.05918076,USDT,0.05918076,Long,Market, bf98617c, a3bfa6e8,21:06 2025-10-24
ETHFIUSDT,Trade,325.5,1.0238,1.1214,5.5E-4,0.1832858,USDT,0.1832858,Long,Market, 1b854db0, a3bfa6e8,21:06 2025-10-24
ETHFIUSDT,Trade,7.4,1.0238,1.1214,5.5E-4,0.00416687,USDT,0.00416687,Long,Market, 603e3b53, a3bfa6e8,21:06 2025-10-24
ETHFIUSDT,Trade,65.2,1.0237,1.1214,5.5E-4,0.03670989,USDT,0.03670989,Long,Market, 8b400701, a3bfa6e8,21:06 2025-10-24
ETHFIUSDT,Trade,7.4,1.0237,1.1214,5.5E-4,0.00416646,USDT,0.00416646,Long,Market, 0c46a4a2, a3bfa6e8,21:06 2025-10-24
ETHFIUSDT,Trade,38.2,1.0236,1.1214,5.5E-4,0.02150584,USDT,0.02150584,Long,Market, 481e517e, a3bfa6e8,21:06 2025-10-24
ETHFIUSDT,Trade,24.0,1.0236,1.1214,5.5E-4,0.01351152,USDT,0.01351152,Long,Market, b5f2ac14, a3bfa6e8,21:06 2025-10-24
ETHFIUSDT,Trade,28.3,1.0236,1.1214,5.5E-4,0.01593234,USDT,0.01593234,Long,Market, 44126b99, a3bfa6e8,21:06 2025-10-24
ETHFIUSDT,Trade,75.7,1.0236,1.1214,5.5E-4,0.04261759,USDT,0.04261759,Long,Market, f09f4802, a3bfa6e8,21:06 2025-10-24
ETHFIUSDT,Trade,51.6,1.0236,1.1214,5.5E-4,0.02904977,USDT,0.02904977,Long,Market, d163aa6b, a3bfa6e8,21:06 2025-10-24
ETHUSDT,Trade,0.27,3940.55,3861.74,5.5E-4,0.58517168,USDT,0.58517168,Short,Market, 768dfdef, 47a875f5,21:00 2025-10-24
ETHUSDT,Trade,0.01,3940.55,3861.74,5.5E-4,0.02167303,USDT,0.02167303,Short,Market, 23ad0364, 47a875f5,21:00 2025-10-24
ETHUSDT,Trade,0.01,3940.55,3861.74,5.5E-4,0.02167303,USDT,0.02167303,Short,Market, 0050a41d, 47a875f5,21:00 2025-10-24
ETHFIUSDT,Trade,171.7,1.0194,0.9459,5.5E-4,0.09626704,USDT,0.09626704,Short,Market, a1378b5d, 3578aa52,20:56 2025-10-24
ETHFIUSDT,Trade,64.5,1.0194,0.9459,5.5E-4,0.03616322,USDT,0.03616322,Short,Market, 5f547e1a, 3578aa52,20:56 2025-10-24
ETHFIUSDT,Trade,285.6,1.0194,0.9459,5.5E-4,0.16012736,USDT,0.16012736,Short,Market, 53ec512e, 3578aa52,20:56 2025-10-24
ETHFIUSDT,Trade,5.4,1.0194,0.9459,5.5E-4,0.00302762,USDT,0.00302762,Short,Market, d2dc3258, 3578aa52,20:56 2025-10-24
ETHFIUSDT,Trade,7.4,1.0194,0.9459,5.5E-4,0.00414896,USDT,0.00414896,Short,Market, 863d4ff0, 3578aa52,20:56 2025-10-24
ETHFIUSDT,Trade,103.7,1.0194,0.9459,5.5E-4,0.05814148,USDT,0.05814148,Short,Market, 4ac1ace6, 3578aa52,20:56 2025-10-24
ETHFIUSDT,Trade,7.4,1.0194,0.9459,5.5E-4,0.00414896,USDT,0.00414896,Short,Market, 17751574, 3578aa52,20:56 2025-10-24
ETHFIUSDT,Trade,246.7,1.0195,0.9459,5.5E-4,0.13833086,USDT,0.13833086,Short,Market, ff646221, 3578aa52,20:56 2025-10-24
ETHFIUSDT,Trade,236.8,1.0195,0.9459,5.5E-4,0.13277968,USDT,0.13277968,Short,Market, be8cc5a5, 3578aa52,20:56 2025-10-24
ETHFIUSDT,Trade,252.0,1.0195,0.9459,5.5E-4,0.1413027,USDT,0.1413027,Short,Market, 37833569, 3578aa52,20:56 2025-10-24
ETHFIUSDT,Trade,50.5,1.0195,0.9459,5.5E-4,0.02831662,USDT,0.02831662,Short,Market, 28d1a78a, 3578aa52,20:56 2025-10-24
ETHFIUSDT,Trade,7.4,1.0195,0.9459,5.5E-4,0.00414937,USDT,0.00414937,Short,Market, 8ec0aa27, 3578aa52,20:56 2025-10-24
ETHFIUSDT,Trade,50.5,1.0196,0.9459,5.5E-4,0.02831939,USDT,0.02831939,Short,Market, 030e403b, 3578aa52,20:56 2025-10-24
ETHFIUSDT,Trade,1.0,1.0196,0.9459,5.5E-4,5.6078E-4,USDT,0.00056078,Short,Market, a7215d3a, 3578aa52,20:56 2025-10-24
ETHFIUSDT,Trade,1.0,1.0196,0.9459,5.5E-4,5.6078E-4,USDT,0.00056078,Short,Market, de8a686e, 3578aa52,20:56 2025-10-24
ETHFIUSDT,Trade,3.1,1.0196,0.9459,5.5E-4,0.00173842,USDT,0.00173842,Short,Market, 42d982b7, 3578aa52,20:56 2025-10-24
ETHFIUSDT,Trade,5.4,1.0196,0.9459,5.5E-4,0.00302822,USDT,0.00302822,Short,Market, 1159cf1a, 3578aa52,20:56 2025-10-24
ETHFIUSDT,Trade,7.4,1.0196,0.9459,5.5E-4,0.00414978,USDT,0.00414978,Short,Market, 0c9512ec, 3578aa52,20:56 2025-10-24
ETHFIUSDT,Trade,39.1,1.0197,0.9459,5.5E-4,0.02192865,USDT,0.02192865,Short,Market, bbcac10d, 3578aa52,20:56 2025-10-24
ETHFIUSDT,Trade,51.2,1.0197,0.9459,5.5E-4,0.02871476,USDT,0.02871476,Short,Market, e816595c, 3578aa52,20:56 2025-10-24
ETHFIUSDT,Trade,52.0,1.0197,0.9459,5.5E-4,0.02916342,USDT,0.02916342,Short,Market, 980b68f3, 3578aa52,20:56 2025-10-24
ETHFIUSDT,Trade,7.4,1.0197,0.9459,5.5E-4,0.00415018,USDT,0.00415018,Short,Market, fc6ba02d, 3578aa52,20:56 2025-10-24
ETHFIUSDT,Trade,20.4,0.9706,1.0666,5.5E-4,0.01089014,USDT,0.01089014,Long,Market, 25a5bbaa, 3d0d4f7b,22:01 2025-10-23
ETHFIUSDT,Trade,313.8,0.9706,1.0666,5.5E-4,0.16751586,USDT,0.16751586,Long,Market, 10a05274, 3d0d4f7b,22:01 2025-10-23
ETHFIUSDT,Trade,123.9,0.9706,1.0666,5.5E-4,0.06614154,USDT,0.06614154,Long,Market, e2b0608a, 3d0d4f7b,22:01 2025-10-23
ETHFIUSDT,Trade,7.8,0.9706,1.0666,5.5E-4,0.00416388,USDT,0.00416388,Long,Market, 85a874ea, 3d0d4f7b,22:01 2025-10-23
ETHFIUSDT,Trade,5.7,0.9706,1.0666,5.5E-4,0.00304284,USDT,0.00304284,Long,Market, 179c5df7, 3d0d4f7b,22:01 2025-10-23
ETHFIUSDT,Trade,358.5,0.9706,1.0666,5.5E-4,0.19137806,USDT,0.19137806,Long,Market, c0de1e32, 3d0d4f7b,22:01 2025-10-23
ETHFIUSDT,Trade,179.2,0.9706,1.0666,5.5E-4,0.09566234,USDT,0.09566234,Long,Market, fda2456d, 3d0d4f7b,22:01 2025-10-23
ETHFIUSDT,Trade,55.7,0.9705,1.0666,5.5E-4,0.02973127,USDT,0.02973127,Long,Market, 6ffe623c, 3d0d4f7b,22:01 2025-10-23
ETHFIUSDT,Trade,76.5,0.9705,1.0666,5.5E-4,0.04083379,USDT,0.04083379,Long,Market, 911b6ceb, 3d0d4f7b,22:01 2025-10-23
ETHFIUSDT,Trade,82.6,0.9705,1.0666,5.5E-4,0.04408982,USDT,0.04408982,Long,Market, 2dd971c4, 3d0d4f7b,22:01 2025-10-23
ETHFIUSDT,Trade,223.6,0.9705,1.0666,5.5E-4,0.11935209,USDT,0.11935209,Long,Market, d6f47c08, 3d0d4f7b,22:01 2025-10-23
ETHFIUSDT,Trade,7.8,0.9705,1.0666,5.5E-4,0.00416345,USDT,0.00416345,Long,Market, 26a61762, 3d0d4f7b,22:01 2025-10-23
ETHFIUSDT,Trade,7.8,0.9705,1.0666,5.5E-4,0.00416345,USDT,0.00416345,Long,Market, d8465482, 3d0d4f7b,22:01 2025-10-23
ETHFIUSDT,Trade,179.2,0.9705,1.0666,5.5E-4,0.09565248,USDT,0.09565248,Long,Market, 911659b4, 3d0d4f7b,22:01 2025-10-23
ETHFIUSDT,Trade,358.5,0.9705,1.0666,5.5E-4,0.19135834,USDT,0.19135834,Long,Market, b8ca22c2, 3d0d4f7b,22:01 2025-10-23
ETHFIUSDT,Trade,229.3,0.9704,1.0666,5.5E-4,0.122382,USDT,0.122382,Long,Market, 45ee6fe8, 3d0d4f7b,22:01 2025-10-23
ETHFIUSDT,Trade,35.3,0.9704,1.0666,5.5E-4,0.01884032,USDT,0.01884032,Long,Market, 93665fd8, 3d0d4f7b,22:01 2025-10-23
ETHFIUSDT,Trade,7.8,0.9704,1.0666,5.5E-4,0.00416302,USDT,0.00416302,Long,Market, cfbc9f0d, 3d0d4f7b,22:01 2025-10-23
ETHFIUSDT,Trade,5.7,0.9704,1.0666,5.5E-4,0.00304221,USDT,0.00304221,Long,Market, 163a5a08, 3d0d4f7b,22:01 2025-10-23
ETHFIUSDT,Trade,23.5,0.9703,1.0666,5.5E-4,0.01254113,USDT,0.01254113,Long,Market, 096a0ed1, 3d0d4f7b,22:01 2025-10-23
ETHFIUSDT,Trade,7.8,0.9703,1.0666,5.5E-4,0.00416259,USDT,0.00416259,Long,Market, 85ab2c3e, 3d0d4f7b,22:01 2025-10-23
ETHFIUSDT,Trade,5.7,0.9702,1.0666,5.5E-4,0.00304158,USDT,0.00304158,Long,Market, 72d6aff3, 3d0d4f7b,22:01 2025-10-23
BTCUSDT,Trade,0.001,109580.2,110676,5.5E-4,0.06026911,USDT,0.06026911,Long,Market, d83d8e8a, 7fbca939,22:01 2025-10-23
BTCUSDT,Trade,0.002,109580.2,110676,5.5E-4,0.12053822,USDT,0.12053822,Long,Market, 94d03efd, 7fbca939,22:01 2025-10-23
BTCUSDT,Trade,0.002,109580.2,110676,5.5E-4,0.12053822,USDT,0.12053822,Long,Market, 37a9b5c9, 7fbca939,22:01 2025-10-23
BTCUSDT,Trade,0.002,109580.2,110676,5.5E-4,0.12053822,USDT,0.12053822,Long,Market, 12d0e028, 7fbca939,22:01 2025-10-23
BTCUSDT,Trade,0.002,109580.2,110676,5.5E-4,0.12053822,USDT,0.12053822,Long,Market, dc2f0c32, 7fbca939,22:01 2025-10-23
BTCUSDT,Trade,0.001,109580.2,110676,5.5E-4,0.06026911,USDT,0.06026911,Long,Market, ec833799, 7fbca939,22:01 2025-10-23
BTCUSDT,Trade,0.002,109580.2,110676,5.5E-4,0.12053822,USDT,0.12053822,Long,Market, ef77cc47, 7fbca939,22:01 2025-10-23
BTCUSDT,Trade,0.001,109580.2,110676,5.5E-4,0.06026911,USDT,0.06026911,Long,Market, d5f71a4f, 7fbca939,22:01 2025-10-23
BTCUSDT,Trade,0.001,109580.2,110676,5.5E-4,0.06026911,USDT,0.06026911,Long,Market, bd0a8ed5, 7fbca939,22:01 2025-10-23
BTCUSDT,Trade,0.002,109580.2,110676,5.5E-4,0.12053822,USDT,0.12053822,Long,Market, cdecc9c5, 7fbca939,22:01 2025-10-23
BTCUSDT,Trade,0.001,109580.2,110676,5.5E-4,0.06026911,USDT,0.06026911,Long,Market, c5388d9e, 7fbca939,22:01 2025-10-23
BTCUSDT,Trade,0.001,109580.2,110676,5.5E-4,0.06026911,USDT,0.06026911,Long,Market, 4d8f0042, 7fbca939,22:01 2025-10-23
BTCUSDT,Trade,0.001,109580.2,110676,5.5E-4,0.06026911,USDT,0.06026911,Long,Market, da107a09, 7fbca939,22:01 2025-10-23
BTCUSDT,Trade,0.001,109580.2,110676,5.5E-4,0.06026911,USDT,0.06026911,Long,Market, 6e375e6c, 7fbca939,22:01 2025-10-23
BTCUSDT,Trade,0.001,109580.2,110676,5.5E-4,0.06026911,USDT,0.06026911,Long,Market, 426b5bb2, 7fbca939,22:01 2025-10-23
ETHFIUSDT,Trade,174.4,0.9696,0.8996,5.5E-4,0.09300404,USDT,0.09300404,Short,Market, 3050e330, b8219eda,21:30 2025-10-23
ETHFIUSDT,Trade,7.8,0.9696,0.8996,5.5E-4,0.00415959,USDT,0.00415959,Short,Market, 4ef9d39a, b8219eda,21:30 2025-10-23
ETHFIUSDT,Trade,7.5,0.9696,0.8996,5.5E-4,0.0039996,USDT,0.0039996,Short,Market, 0d935912, b8219eda,21:30 2025-10-23
ETHFIUSDT,Trade,257.7,0.9697,0.8996,5.5E-4,0.13744043,USDT,0.13744043,Short,Market, 4fa0461b, b8219eda,21:30 2025-10-23
ETHFIUSDT,Trade,515.5,0.9697,0.8996,5.5E-4,0.2749342,USDT,0.2749342,Short,Market, 7b464f41, b8219eda,21:30 2025-10-23
ETHFIUSDT,Trade,515.5,0.9697,0.8996,5.5E-4,0.2749342,USDT,0.2749342,Short,Market, f35cc534, b8219eda,21:30 2025-10-23
ETHFIUSDT,Trade,7.8,0.9697,0.8996,5.5E-4,0.00416002,USDT,0.00416002,Short,Market, 7bc72e8f, b8219eda,21:30 2025-10-23
ETHFIUSDT,Trade,406.8,0.9697,0.8996,5.5E-4,0.21696068,USDT,0.21696068,Short,Market, 950b7800, b8219eda,21:30 2025-10-23
ETHFIUSDT,Trade,257.7,0.9697,0.8996,5.5E-4,0.13744043,USDT,0.13744043,Short,Market, af9f0bdb, b8219eda,21:30 2025-10-23
ETHFIUSDT,Trade,7.5,0.9697,0.8996,5.5E-4,0.00400002,USDT,0.00400002,Short,Market, 7c428e20, b8219eda,21:30 2025-10-23
ETHFIUSDT,Trade,34.4,0.9697,0.8996,5.5E-4,0.01834673,USDT,0.01834673,Short,Market, a9f6ffaa, b8219eda,21:30 2025-10-23
ETHFIUSDT,Trade,58.0,0.9697,0.8996,5.5E-4,0.03093343,USDT,0.03093343,Short,Market, b226a3cc, b8219eda,21:30 2025-10-23
ETHFIUSDT,Trade,7.5,0.9698,0.8996,5.5E-4,0.00400043,USDT,0.00400043,Short,Market, 604b038f, b8219eda,21:30 2025-10-23
ETHFIUSDT,Trade,58.0,0.9698,0.8996,5.5E-4,0.03093662,USDT,0.03093662,Short,Market, 0eddcdbb, b8219eda,21:30 2025-10-23
BTCUSDT,Trade,0.021,109826.6,108728.5,5.5E-4,1.26849723,USDT,1.26849723,Short,Market, dbbbdb39, 3aec21a4,20:16 2025-10-23
NEARUSDT,Trade,697.0,2.208,2.098,5.5E-4,0.8464368,USDT,0.8464368,Short,Market, 84e0fd11, 4bfd518f,20:01 2025-10-23
BNBUSDT,Trade,0.11,1114.3,1058.8,5.5E-4,0.06741515,USDT,0.06741515,Short,Market, e92cc664, 99e5d70b,20:01 2025-10-23
BNBUSDT,Trade,0.1,1114.3,1058.8,5.5E-4,0.0612865,USDT,0.0612865,Short,Market, a9e93bb3, 99e5d70b,20:01 2025-10-23
BNBUSDT,Trade,0.73,1114.3,1058.8,5.5E-4,0.44739145,USDT,0.44739145,Short,Market, 2fa30c38, 99e5d70b,20:01 2025-10-23
ETHFIUSDT,Trade,22.4,0.9919,0.893,5.5E-4,0.01222021,USDT,0.01222021,Short,Market, 9871e64b, 6638314b,20:01 2025-10-23
ETHFIUSDT,Trade,7.6,0.9919,0.893,5.5E-4,0.00414615,USDT,0.00414615,Short,Market, 106a31c0, 6638314b,20:01 2025-10-23
ETHFIUSDT,Trade,135.2,0.9919,0.893,5.5E-4,0.07375769,USDT,0.07375769,Short,Market, ed0a0672, 6638314b,20:01 2025-10-23
ETHFIUSDT,Trade,251.9,0.992,0.893,5.5E-4,0.13743664,USDT,0.13743664,Short,Market, 1bbca19e, 6638314b,20:01 2025-10-23
ETHFIUSDT,Trade,262.9,0.992,0.893,5.5E-4,0.14343824,USDT,0.14343824,Short,Market, 47b0fb27, 6638314b,20:01 2025-10-23
ETHFIUSDT,Trade,158.0,0.992,0.893,5.5E-4,0.0862048,USDT,0.0862048,Short,Market, 060e451c, 6638314b,20:01 2025-10-23
ETHFIUSDT,Trade,284.3,0.992,0.893,5.5E-4,0.15511408,USDT,0.15511408,Short,Market, 25e7473f, 6638314b,20:01 2025-10-23
ETHFIUSDT,Trade,251.9,0.992,0.893,5.5E-4,0.13743664,USDT,0.13743664,Short,Market, 093cdfda, 6638314b,20:01 2025-10-23
ETHFIUSDT,Trade,316.5,0.992,0.893,5.5E-4,0.1726824,USDT,0.1726824,Short,Market, 87825bda, 6638314b,20:01 2025-10-23
ETHFIUSDT,Trade,135.2,0.992,0.893,5.5E-4,0.07376512,USDT,0.07376512,Short,Market, 65ebbe9f, 6638314b,20:01 2025-10-23
ETHFIUSDT,Trade,7.6,0.992,0.893,5.5E-4,0.00414656,USDT,0.00414656,Short,Market, 43c1e121, 6638314b,20:01 2025-10-23
ETHFIUSDT,Trade,15.5,0.9921,0.893,5.5E-4,0.00845766,USDT,0.00845766,Short,Market, 4269a07f, 6638314b,20:01 2025-10-23
ETHFIUSDT,Trade,7.6,0.9921,0.893,5.5E-4,0.00414698,USDT,0.00414698,Short,Market, 5b9b3fb3, 6638314b,20:01 2025-10-23
ETHFIUSDT,Trade,135.2,0.9921,0.893,5.5E-4,0.07377256,USDT,0.07377256,Short,Market, 1c5df59a, 6638314b,20:01 2025-10-23
ETHFIUSDT,Funding,1991.8,0.9943,0,-2.092E-5,-0.04143095,USDT,-0.04143095,Long,--, b0a6260c, 64586827,20:00 2025-10-23
BNBUSDT,Trade,0.86,1114.7,1170,5.5E-4,0.5272531,USDT,0.5272531,Long,Market, c3ba77db, dce28216,19:32 2025-10-23
BNBUSDT,Trade,0.08,1114.7,1170,5.5E-4,0.0490468,USDT,0.0490468,Long,Market, 9f69db4c, dce28216,19:32 2025-10-23
NEARUSDT,Trade,697.0,2.212,2.322,5.5E-4,0.8479702,USDT,0.8479702,Long,Market, 95452cfd, 23c98dc4,19:25 2025-10-23
ETHFIUSDT,Trade,69.0,0.9909,1.079,5.5E-4,0.03760466,USDT,0.03760466,Long,Market, d4359390, eae0518b,19:23 2025-10-23
ETHFIUSDT,Trade,252.2,0.9909,1.079,5.5E-4,0.13744774,USDT,0.13744774,Long,Market, 3bb89712, eae0518b,19:23 2025-10-23
ETHFIUSDT,Trade,159.7,0.9909,1.079,5.5E-4,0.08703571,USDT,0.08703571,Long,Market, 15b4244f, eae0518b,19:23 2025-10-23
ETHFIUSDT,Trade,7.6,0.9909,1.079,5.5E-4,0.00414197,USDT,0.00414197,Long,Market, bc3692e7, eae0518b,19:23 2025-10-23
ETHFIUSDT,Trade,252.3,0.9908,1.079,5.5E-4,0.13748837,USDT,0.13748837,Long,Market, 1b6eea5a, eae0518b,19:23 2025-10-23
ETHFIUSDT,Trade,93.8,0.9908,1.079,5.5E-4,0.05111538,USDT,0.05111538,Long,Market, 1bcf92d9, eae0518b,19:23 2025-10-23
ETHFIUSDT,Trade,129.7,0.9908,1.079,5.5E-4,0.07067872,USDT,0.07067872,Long,Market, 4136e8e7, eae0518b,19:23 2025-10-23
ETHFIUSDT,Trade,266.9,0.9908,1.079,5.5E-4,0.14544449,USDT,0.14544449,Long,Market, e12019dc, eae0518b,19:23 2025-10-23
ETHFIUSDT,Trade,212.6,0.9908,1.079,5.5E-4,0.11585425,USDT,0.11585425,Long,Market, 05f6dcff, eae0518b,19:23 2025-10-23
ETHFIUSDT,Trade,318.4,0.9908,1.079,5.5E-4,0.1735089,USDT,0.1735089,Long,Market, 07541b1e, eae0518b,19:23 2025-10-23
ETHFIUSDT,Trade,159.6,0.9908,1.079,5.5E-4,0.08697243,USDT,0.08697243,Long,Market, 82bb30ad, eae0518b,19:23 2025-10-23
ETHFIUSDT,Trade,7.6,0.9908,1.079,5.5E-4,0.00414155,USDT,0.00414155,Long,Market, 820426e8, eae0518b,19:23 2025-10-23
ETHFIUSDT,Trade,1.4,0.9908,1.079,5.5E-4,7.6292E-4,USDT,0.00076292,Long,Market, 876cdf2c, eae0518b,19:23 2025-10-23
ETHFIUSDT,Trade,34.5,0.9908,1.079,5.5E-4,0.01880043,USDT,0.01880043,Long,Market, 7f8b2b28, eae0518b,19:23 2025-10-23
ETHFIUSDT,Trade,7.1,0.9907,1.079,5.5E-4,0.00386869,USDT,0.00386869,Long,Market, e27c60e1, eae0518b,19:23 2025-10-23
ETHFIUSDT,Trade,11.8,0.9907,1.079,5.5E-4,0.00642965,USDT,0.00642965,Long,Market, c8966769, eae0518b,19:23 2025-10-23
ETHFIUSDT,Trade,7.6,0.9907,1.079,5.5E-4,0.00414113,USDT,0.00414113,Long,Market, 18807503, eae0518b,19:23 2025-10-23
ETHFIUSDT,Trade,29.4,0.9884,0.8941,5.5E-4,0.01598243,USDT,0.01598243,Short,Market, 67eb5aa1, e57a5449,19:20 2025-10-23
ETHFIUSDT,Trade,328.9,0.9884,0.8941,5.5E-4,0.17879662,USDT,0.17879662,Short,Market, cbd5aba2, e57a5449,19:20 2025-10-23
ETHFIUSDT,Trade,245.2,0.9884,0.8941,5.5E-4,0.13329563,USDT,0.13329563,Short,Market, ad84aa74, e57a5449,19:20 2025-10-23
ETHFIUSDT,Trade,252.9,0.9885,0.8941,5.5E-4,0.13749541,USDT,0.13749541,Short,Market, 955aeded, e57a5449,19:20 2025-10-23
ETHFIUSDT,Trade,164.6,0.9885,0.8941,5.5E-4,0.08948891,USDT,0.08948891,Short,Market, affb0ccd, e57a5449,19:20 2025-10-23
ETHFIUSDT,Trade,328.8,0.9885,0.8941,5.5E-4,0.17876034,USDT,0.17876034,Short,Market, 0efffb77, e57a5449,19:20 2025-10-23
ETHFIUSDT,Trade,7.6,0.9885,0.8941,5.5E-4,0.00413193,USDT,0.00413193,Short,Market, 3df99a47, e57a5449,19:20 2025-10-23
ETHFIUSDT,Trade,256.7,0.9885,0.8941,5.5E-4,0.13956138,USDT,0.13956138,Short,Market, a6ca8c67, e57a5449,19:20 2025-10-23
ETHFIUSDT,Trade,75.4,0.9885,0.8941,5.5E-4,0.0409931,USDT,0.0409931,Short,Market, 32ce0050, e57a5449,19:20 2025-10-23
ETHFIUSDT,Trade,78.7,0.9885,0.8941,5.5E-4,0.04278723,USDT,0.04278723,Short,Market, 8c935979, e57a5449,19:20 2025-10-23
ETHFIUSDT,Trade,76.2,0.9885,0.8941,5.5E-4,0.04142804,USDT,0.04142804,Short,Market, 1a28b263, e57a5449,19:20 2025-10-23
ETHFIUSDT,Trade,80.1,0.9885,0.8941,5.5E-4,0.04354837,USDT,0.04354837,Short,Market, e99c70f5, e57a5449,19:20 2025-10-23
ETHFIUSDT,Trade,120.6,0.9886,0.8941,5.5E-4,0.06557384,USDT,0.06557384,Short,Market, 6cb56d5b, e57a5449,19:20 2025-10-23
ETHFIUSDT,Trade,1.0,0.9886,0.8941,5.5E-4,5.4373E-4,USDT,0.00054373,Short,Market, ef1c313a, e57a5449,19:20 2025-10-23
ETHFIUSDT,Trade,28.2,0.9886,0.8941,5.5E-4,0.01533319,USDT,0.01533319,Short,Market, 9117d1a1, e57a5449,19:20 2025-10-23
ETHFIUSDT,Trade,40.8,0.9886,0.8941,5.5E-4,0.02218419,USDT,0.02218419,Short,Market, df6bd29d, e57a5449,19:20 2025-10-23
ETHFIUSDT,Trade,75.4,0.9886,0.8941,5.5E-4,0.04099725,USDT,0.04099725,Short,Market, fcc2e0a6, e57a5449,19:20 2025-10-23
ETHFIUSDT,Trade,76.2,0.9886,0.8941,5.5E-4,0.04143223,USDT,0.04143223,Short,Market, 64eb3d07, e57a5449,19:20 2025-10-23
BTCUSDT,Trade,0.009,110187.2,109085.4,5.5E-4,0.54542664,USDT,0.54542664,Short,Market, 09b2c6d4, 738eda08,19:20 2025-10-23
BTCUSDT,Trade,0.001,110187.2,109085.4,5.5E-4,0.06060296,USDT,0.06060296,Short,Market, 13918045, 738eda08,19:20 2025-10-23
BTCUSDT,Trade,0.003,110187.2,109085.4,5.5E-4,0.18180888,USDT,0.18180888,Short,Market, f24e6a6b, 738eda08,19:20 2025-10-23
ETHFIUSDT,Trade,26.4,0.9905,0.8941,5.5E-4,0.01438206,USDT,0.01438206,Short,Market, 9916c311, dee3257c,19:04 2025-10-23
ETHFIUSDT,Trade,7.6,0.9905,0.8941,5.5E-4,0.00414029,USDT,0.00414029,Short,Market, 1fb5c7c6, dee3257c,19:04 2025-10-23
ETHFIUSDT,Trade,183.7,0.9905,0.8941,5.5E-4,0.10007517,USDT,0.10007517,Short,Market, 78712293, dee3257c,19:04 2025-10-23
ETHFIUSDT,Trade,366.5,0.9905,0.8941,5.5E-4,0.19966004,USDT,0.19966004,Short,Market, f44073a2, dee3257c,19:04 2025-10-23
ETHFIUSDT,Trade,298.6,0.9906,0.8941,5.5E-4,0.16268624,USDT,0.16268624,Short,Market, ea9ded6b, dee3257c,19:04 2025-10-23
ETHFIUSDT,Trade,361.6,0.9906,0.8941,5.5E-4,0.19701053,USDT,0.19701053,Short,Market, d58546ef, dee3257c,19:04 2025-10-23
ETHFIUSDT,Trade,7.6,0.9906,0.8941,5.5E-4,0.00414071,USDT,0.00414071,Short,Market, af7e783b, dee3257c,19:04 2025-10-23
ETHFIUSDT,Trade,5.6,0.9906,0.8941,5.5E-4,0.00305105,USDT,0.00305105,Short,Market, a0e49e04, dee3257c,19:04 2025-10-23
ETHFIUSDT,Trade,7.6,0.9906,0.8941,5.5E-4,0.00414071,USDT,0.00414071,Short,Market, 174ec8f9, dee3257c,19:04 2025-10-23
ETHFIUSDT,Trade,183.4,0.9906,0.8941,5.5E-4,0.09992183,USDT,0.09992183,Short,Market, 41431fd9, dee3257c,19:04 2025-10-23
ETHFIUSDT,Trade,7.6,0.9907,0.8941,5.5E-4,0.00414113,USDT,0.00414113,Short,Market, 0c62fc89, dee3257c,19:04 2025-10-23
ETHFIUSDT,Trade,5.6,0.9908,0.8941,5.5E-4,0.00305167,USDT,0.00305167,Short,Market, 613d2ad6, dee3257c,19:04 2025-10-23
ETHFIUSDT,Trade,289.6,0.9943,1.0828,5.5E-4,0.15837211,USDT,0.15837211,Long,Market, 0798b5df, a8a4c358,18:55 2025-10-23
ETHFIUSDT,Trade,385.2,0.9943,1.0828,5.5E-4,0.2106524,USDT,0.2106524,Long,Market, 8cac4851, a8a4c358,18:55 2025-10-23
ETHFIUSDT,Trade,52.9,0.9943,1.0828,5.5E-4,0.02892916,USDT,0.02892916,Long,Market, cf4d9e60, a8a4c358,18:55 2025-10-23
ETHFIUSDT,Trade,50.1,0.9943,1.0828,5.5E-4,0.02739794,USDT,0.02739794,Long,Market, 37f3a6b5, a8a4c358,18:55 2025-10-23
ETHFIUSDT,Trade,256.1,0.9943,1.0828,5.5E-4,0.14005213,USDT,0.14005213,Long,Market, a848f445, a8a4c358,18:55 2025-10-23
ETHFIUSDT,Trade,50.3,0.9942,1.0828,5.5E-4,0.02750455,USDT,0.02750455,Long,Market, 5d45feb6, a8a4c358,18:55 2025-10-23
ETHFIUSDT,Trade,52.5,0.9942,1.0828,5.5E-4,0.02870753,USDT,0.02870753,Long,Market, 4b173782, a8a4c358,18:55 2025-10-23
ETHFIUSDT,Trade,50.8,0.9942,1.0828,5.5E-4,0.02777795,USDT,0.02777795,Long,Market, 04f0eb7b, a8a4c358,18:55 2025-10-23
ETHFIUSDT,Trade,53.4,0.9942,1.0828,5.5E-4,0.02919966,USDT,0.02919966,Long,Market, 6208fe72, a8a4c358,18:55 2025-10-23
ETHFIUSDT,Trade,82.6,0.9882,1.0759,5.5E-4,0.04489393,USDT,0.04489393,Long,Market, 23a5160a, b70ea802,17:32 2025-10-23
ETHFIUSDT,Trade,421.6,0.9882,1.0759,5.5E-4,0.22914382,USDT,0.22914382,Long,Market, fabd8dc2, b70ea802,17:32 2025-10-23
ETHFIUSDT,Trade,101.1,0.9882,1.0759,5.5E-4,0.05494887,USDT,0.05494887,Long,Market, 8f62174d, b70ea802,17:32 2025-10-23
ETHFIUSDT,Trade,98.2,0.9882,1.0759,5.5E-4,0.05337269,USDT,0.05337269,Long,Market, b9dce760, b70ea802,17:32 2025-10-23
ETHFIUSDT,Trade,68.7,0.9882,1.0759,5.5E-4,0.03733914,USDT,0.03733914,Long,Market, ddffca53, b70ea802,17:32 2025-10-23
ETHFIUSDT,Trade,467.6,0.9882,1.0759,5.5E-4,0.25414528,USDT,0.25414528,Long,Market, 362c33b8, b70ea802,17:32 2025-10-23
ETHFIUSDT,Trade,1.0,0.9882,1.0759,5.5E-4,5.4351E-4,USDT,0.00054351,Long,Market, f4f5c85c, b70ea802,17:32 2025-10-23
ETHFIUSDT,Trade,7.6,0.9882,1.0759,5.5E-4,0.00413068,USDT,0.00413068,Long,Market, a1d7b9d9, b70ea802,17:32 2025-10-23
ETHFIUSDT,Funding,1239.2,0.9908,0,5.0E-5,0.06138997,USDT,0.06138997,Long,--, a9269602, 904c62d8,16:00 2025-10-23
BTCUSDT,Funding,0.013,109866.1,0,6.755E-5,0.09647892,USDT,0.09647892,Long,--, 2497a4b5, 2c51efa1,16:00 2025-10-23
ETHFIUSDT,Trade,160.3,0.9978,1.0859,5.5E-4,0.08797104,USDT,0.08797104,Long,Market, daa9c3a2, 6bdb846d,15:34 2025-10-23
ETHFIUSDT,Trade,305.7,0.9978,1.0859,5.5E-4,0.16776511,USDT,0.16776511,Long,Market, a1cc2071, 6bdb846d,15:34 2025-10-23
ETHFIUSDT,Trade,306.2,0.9978,1.0859,5.5E-4,0.1680395,USDT,0.1680395,Long,Market, 2f377ad5, 6bdb846d,15:34 2025-10-23
ETHFIUSDT,Trade,223.1,0.9978,1.0859,5.5E-4,0.12243505,USDT,0.12243505,Long,Market, 84712a5c, 6bdb846d,15:34 2025-10-23
ETHFIUSDT,Trade,223.1,0.9978,1.0859,5.5E-4,0.12243505,USDT,0.12243505,Long,Market, 1f8ed125, 6bdb846d,15:34 2025-10-23
ETHFIUSDT,Trade,7.6,0.9978,1.0859,5.5E-4,0.00417081,USDT,0.00417081,Long,Market, b09c5903, 6bdb846d,15:34 2025-10-23
ETHFIUSDT,Trade,7.6,0.9977,1.0859,5.5E-4,0.00417039,USDT,0.00417039,Long,Market, 0ca843bb, 6bdb846d,15:34 2025-10-23
ETHFIUSDT,Trade,5.6,0.9976,1.0859,5.5E-4,0.00307261,USDT,0.00307261,Long,Market, 646e6bf3, 6bdb846d,15:34 2025-10-23
BTCUSDT,Trade,0.013,109972.3,111076.8,5.5E-4,0.78630195,USDT,0.78630195,Long,Market, a9351dba, 6b6f1836,15:33 2025-10-23
BTCUSDT,Trade,0.025,108677.7,107630.8,5.5E-4,1.49431838,USDT,1.49431838,Short,Market, 285af114, b44f839e,14:15 2025-10-23
ETHFIUSDT,Trade,119.0,0.9826,0.885,5.5E-4,0.06431117,USDT,0.06431117,Short,Market, 50f7ecb3, 1686da11,14:12 2025-10-23
ETHFIUSDT,Trade,15.5,0.9826,0.885,5.5E-4,0.00837667,USDT,0.00837667,Short,Market, e20d60e9, 1686da11,14:12 2025-10-23
ETHFIUSDT,Trade,8.9,0.9826,0.885,5.5E-4,0.00480983,USDT,0.00480983,Short,Market, 8319b213, 1686da11,14:12 2025-10-23
ETHFIUSDT,Trade,7.7,0.9826,0.885,5.5E-4,0.00416132,USDT,0.00416132,Short,Market, fca2b80d, 1686da11,14:12 2025-10-23
ETHFIUSDT,Trade,205.1,0.9827,0.885,5.5E-4,0.11085348,USDT,0.11085348,Short,Market, c6ec7e9d, 1686da11,14:12 2025-10-23
ETHFIUSDT,Trade,145.4,0.9827,0.885,5.5E-4,0.07858652,USDT,0.07858652,Short,Market, 90edf98e, 1686da11,14:12 2025-10-23
ETHFIUSDT,Trade,205.1,0.9827,0.885,5.5E-4,0.11085348,USDT,0.11085348,Short,Market, d95328d4, 1686da11,14:12 2025-10-23
ETHFIUSDT,Trade,149.3,0.9827,0.885,5.5E-4,0.08069442,USDT,0.08069442,Short,Market, 2c580da9, 1686da11,14:12 2025-10-23
ETHFIUSDT,Trade,7.7,0.9827,0.885,5.5E-4,0.00416174,USDT,0.00416174,Short,Market, 2735c4af, 1686da11,14:12 2025-10-23
ETHFIUSDT,Trade,299.1,0.9827,0.885,5.5E-4,0.16165907,USDT,0.16165907,Short,Market, c8dd3f6a, 1686da11,14:12 2025-10-23
ETHFIUSDT,Trade,199.0,0.9827,0.885,5.5E-4,0.10755652,USDT,0.10755652,Short,Market, 5da1e319, 1686da11,14:12 2025-10-23
ETHFIUSDT,Trade,129.3,0.9828,0.885,5.5E-4,0.06989183,USDT,0.06989183,Short,Market, 7b1899d7, 1686da11,14:12 2025-10-23
ETHFIUSDT,Trade,21.2,0.9828,0.885,5.5E-4,0.01145945,USDT,0.01145945,Short,Market, c6fe3ab0, 1686da11,14:12 2025-10-23
ETHFIUSDT,Trade,5.6,0.9828,0.885,5.5E-4,0.00302703,USDT,0.00302703,Short,Market, 4d4bf7cc, 1686da11,14:12 2025-10-23
ETHFIUSDT,Trade,7.7,0.9828,0.885,5.5E-4,0.00416216,USDT,0.00416216,Short,Market, 9bd8ac4c, 1686da11,14:12 2025-10-23
ETHFIUSDT,Trade,7.7,0.9829,0.885,5.5E-4,0.00416259,USDT,0.00416259,Short,Market, 2019bd44, 1686da11,14:12 2025-10-23
ETHFIUSDT,Trade,148.8,0.9808,1.0678,5.5E-4,0.08026868,USDT,0.08026868,Long,Market, fc851bbb, 5971cff1,13:26 2025-10-23
ETHFIUSDT,Trade,129.6,0.9808,1.0678,5.5E-4,0.06991143,USDT,0.06991143,Long,Market, 73d4d22b, 5971cff1,13:26 2025-10-23
ETHFIUSDT,Trade,5.7,0.9808,1.0678,5.5E-4,0.00307481,USDT,0.00307481,Long,Market, a4ec5cb5, 5971cff1,13:26 2025-10-23
ETHFIUSDT,Trade,331.0,0.9808,1.0678,5.5E-4,0.17855464,USDT,0.17855464,Long,Market, 8d7bed5f, 5971cff1,13:26 2025-10-23
ETHFIUSDT,Trade,296.7,0.9808,1.0678,5.5E-4,0.16005185,USDT,0.16005185,Long,Market, 1c078a25, 5971cff1,13:26 2025-10-23
ETHFIUSDT,Trade,219.4,0.9808,1.0678,5.5E-4,0.11835314,USDT,0.11835314,Long,Market, f2d76c0a, 5971cff1,13:26 2025-10-23
ETHFIUSDT,Trade,7.7,0.9808,1.0678,5.5E-4,0.00415369,USDT,0.00415369,Long,Market, 457b042f, 5971cff1,13:26 2025-10-23
ETHFIUSDT,Trade,327.4,0.9807,1.0678,5.5E-4,0.17659465,USDT,0.17659465,Long,Market, 32d79713, 5971cff1,13:26 2025-10-23
ETHFIUSDT,Trade,53.6,0.9807,1.0678,5.5E-4,0.02891104,USDT,0.02891104,Long,Market, c138eb79, 5971cff1,13:26 2025-10-23
ETHFIUSDT,Trade,7.7,0.9807,1.0678,5.5E-4,0.00415327,USDT,0.00415327,Long,Market, 62b2b1d2, 5971cff1,13:26 2025-10-23
ETHFIUSDT,Trade,5.7,0.9806,1.0678,5.5E-4,0.00307419,USDT,0.00307419,Long,Market, aa5e288d, 5971cff1,13:26 2025-10-23
ETHFIUSDT,Trade,14.9,0.9779,0.8823,5.5E-4,0.0080139,USDT,0.0080139,Short,Market, 1ebecbec, 5d508aba,13:23 2025-10-23
ETHFIUSDT,Trade,7.7,0.9779,0.8823,5.5E-4,0.00414141,USDT,0.00414141,Short,Market, e07f904e, 5d508aba,13:23 2025-10-23
ETHFIUSDT,Trade,204.1,0.9779,0.8823,5.5E-4,0.10977417,USDT,0.10977417,Short,Market, 6a0a044f, 5d508aba,13:23 2025-10-23
ETHFIUSDT,Trade,204.1,0.9779,0.8823,5.5E-4,0.10977417,USDT,0.10977417,Short,Market, c2b72b12, 5d508aba,13:23 2025-10-23
ETHFIUSDT,Trade,511.2,0.9779,0.8823,5.5E-4,0.27494637,USDT,0.27494637,Short,Market, b3332b03, 5d508aba,13:23 2025-10-23
ETHFIUSDT,Trade,7.2,0.9779,0.8823,5.5E-4,0.00387249,USDT,0.00387249,Short,Market, e6d0e5c3, 5d508aba,13:23 2025-10-23
ETHFIUSDT,Trade,40.1,0.9779,0.8823,5.5E-4,0.02156759,USDT,0.02156759,Short,Market, c1e821bb, 5d508aba,13:23 2025-10-23
ETHFIUSDT,Trade,30.2,0.978,0.8823,5.5E-4,0.01624458,USDT,0.01624458,Short,Market, f616a4de, 5d508aba,13:23 2025-10-23
ETHFIUSDT,Trade,7.7,0.978,0.8823,5.5E-4,0.00414183,USDT,0.00414183,Short,Market, 3f156968, 5d508aba,13:23 2025-10-23
ETHFIUSDT,Trade,40.1,0.978,0.8823,5.5E-4,0.02156979,USDT,0.02156979,Short,Market, 2596e4e0, 5d508aba,13:23 2025-10-23
ETHFIUSDT,Trade,41.5,0.978,0.8823,5.5E-4,0.02232285,USDT,0.02232285,Short,Market, cccc519c, 5d508aba,13:23 2025-10-23
ETHFIUSDT,Trade,204.1,0.978,0.8823,5.5E-4,0.10978539,USDT,0.10978539,Short,Market, 8ee1a35b, 5d508aba,13:23 2025-10-23
ETHFIUSDT,Trade,41.5,0.9781,0.8823,5.5E-4,0.02232514,USDT,0.02232514,Short,Market, a3e56c24, 5d508aba,13:23 2025-10-23
ETHFIUSDT,Trade,41.4,0.9781,0.8823,5.5E-4,0.02227134,USDT,0.02227134,Short,Market, c922d96c, 5d508aba,13:23 2025-10-23
ETHFIUSDT,Trade,53.4,0.9781,0.8823,5.5E-4,0.0287268,USDT,0.0287268,Short,Market, a83c3713, 5d508aba,13:23 2025-10-23
ETHFIUSDT,Trade,40.1,0.9781,0.8823,5.5E-4,0.021572,USDT,0.021572,Short,Market, a5b226da, 5d508aba,13:23 2025-10-23
ETHFIUSDT,Trade,41.4,0.9781,0.8823,5.5E-4,0.02227134,USDT,0.02227134,Short,Market, d00cb44c, 5d508aba,13:23 2025-10-23
ETHFIUSDT,Trade,208.6,0.9803,1.0669,5.5E-4,0.11246982,USDT,0.11246982,Long,Market, 5a9eecfd, 2375860d,13:16 2025-10-23
ETHFIUSDT,Trade,165.9,0.9803,1.0669,5.5E-4,0.08944748,USDT,0.08944748,Long,Market, e1feeb73, 2375860d,13:16 2025-10-23
ETHFIUSDT,Trade,332.7,0.9803,1.0669,5.5E-4,0.1793802,USDT,0.1793802,Long,Market, 54094325, 2375860d,13:16 2025-10-23
ETHFIUSDT,Trade,168.3,0.9803,1.0669,5.5E-4,0.09074147,USDT,0.09074147,Long,Market, 7863e22b, 2375860d,13:16 2025-10-23
ETHFIUSDT,Trade,221.0,0.9803,1.0669,5.5E-4,0.11915547,USDT,0.11915547,Long,Market, a9015b4b, 2375860d,13:16 2025-10-23
ETHFIUSDT,Trade,7.7,0.9803,1.0669,5.5E-4,0.00415158,USDT,0.00415158,Long,Market, a61d27ff, 2375860d,13:16 2025-10-23
ETHFIUSDT,Trade,332.5,0.9802,1.0669,5.5E-4,0.17925408,USDT,0.17925408,Long,Market, 62f6acd1, 2375860d,13:16 2025-10-23
ETHFIUSDT,Trade,7.7,0.9802,1.0669,5.5E-4,0.00415115,USDT,0.00415115,Long,Market, c9e4acf5, 2375860d,13:16 2025-10-23
ETHFIUSDT,Trade,55.6,0.9802,1.0669,5.5E-4,0.02997452,USDT,0.02997452,Long,Market, b1f45a94, 2375860d,13:16 2025-10-23
ETHFIUSDT,Trade,5.7,0.9802,1.0669,5.5E-4,0.00307293,USDT,0.00307293,Long,Market, a5e4481c, 2375860d,13:16 2025-10-23
ETHFIUSDT,Trade,25.0,0.9801,1.0669,5.5E-4,0.01347638,USDT,0.01347638,Long,Market, 492609e1, 2375860d,13:16 2025-10-23
BTCUSDT,Trade,0.009,109052.1,110164.4,5.5E-4,0.5398079,USDT,0.5398079,Long,Market, 529a0fb3, 58927294,13:15 2025-10-23
BTCUSDT,Trade,0.016,109052.1,110164.4,5.5E-4,0.95965848,USDT,0.95965848,Long,Market, a3a609aa, 58927294,13:15 2025-10-23
ETHFIUSDT,Trade,285.2,0.9771,1.0715,5.5E-4,0.15326791,USDT,0.15326791,Long,Market, cc29d422, 47a2e8e4,13:12 2025-10-23
ETHFIUSDT,Trade,7.7,0.9771,1.0715,5.5E-4,0.00413802,USDT,0.00413802,Long,Market, 728ad795, 47a2e8e4,13:12 2025-10-23
ETHFIUSDT,Trade,168.8,0.9771,1.0715,5.5E-4,0.09071397,USDT,0.09071397,Long,Market, b78c37a1, 47a2e8e4,13:12 2025-10-23
ETHFIUSDT,Trade,169.3,0.9771,1.0715,5.5E-4,0.09098267,USDT,0.09098267,Long,Market, edd564ad, 47a2e8e4,13:12 2025-10-23
ETHFIUSDT,Trade,339.1,0.9771,1.0715,5.5E-4,0.18223404,USDT,0.18223404,Long,Market, a330593b, 47a2e8e4,13:12 2025-10-23
ETHFIUSDT,Trade,18.0,0.977,1.0715,5.5E-4,0.0096723,USDT,0.0096723,Long,Market, 4ac77660, 47a2e8e4,13:12 2025-10-23
ETHFIUSDT,Trade,7.7,0.977,1.0715,5.5E-4,0.0041376,USDT,0.0041376,Long,Market, 16b52930, 47a2e8e4,13:12 2025-10-23
ETHFIUSDT,Trade,5.7,0.977,1.0715,5.5E-4,0.0030629,USDT,0.0030629,Long,Market, 73b179a1, 47a2e8e4,13:12 2025-10-23
ETHFIUSDT,Trade,0.6,0.977,1.0715,5.5E-4,3.2241E-4,USDT,0.00032241,Long,Market, ad8010e5, 47a2e8e4,13:12 2025-10-23
ETHFIUSDT,Trade,39.6,0.9769,1.0715,5.5E-4,0.02127689,USDT,0.02127689,Long,Market, f38fd6e4, 47a2e8e4,13:12 2025-10-23
SOLUSDT,Trade,6.7,188.67,198.1,5.5E-4,0.69524895,USDT,0.69524895,Long,Market, bc741a36, eebab224,13:11 2025-10-23
ETHFIUSDT,Trade,235.4,0.9741,0.9038,5.5E-4,0.12611673,USDT,0.12611673,Short,Market, 14f9fcde, e2df4ccd,13:10 2025-10-23
ETHFIUSDT,Trade,7.7,0.9741,0.9038,5.5E-4,0.00412532,USDT,0.00412532,Short,Market, d6f96d14, e2df4ccd,13:10 2025-10-23
ETHFIUSDT,Trade,338.6,0.9741,0.9038,5.5E-4,0.18140665,USDT,0.18140665,Short,Market, c5cdd789, e2df4ccd,13:10 2025-10-23
ETHFIUSDT,Trade,169.3,0.9741,0.9038,5.5E-4,0.09070333,USDT,0.09070333,Short,Market, 16d61ed1, e2df4ccd,13:10 2025-10-23
ETHFIUSDT,Trade,168.8,0.9741,0.9038,5.5E-4,0.09043545,USDT,0.09043545,Short,Market, 50c7f21d, e2df4ccd,13:10 2025-10-23
ETHFIUSDT,Trade,242.1,0.9741,0.9038,5.5E-4,0.12970629,USDT,0.12970629,Short,Market, 16d205ac, e2df4ccd,13:10 2025-10-23
ETHFIUSDT,Trade,7.7,0.9741,0.9038,5.5E-4,0.00412532,USDT,0.00412532,Short,Market, 02302e9f, e2df4ccd,13:10 2025-10-23
ETHFIUSDT,Trade,13.2,0.9741,0.9038,5.5E-4,0.00707197,USDT,0.00707197,Short,Market, 4d88d11b, e2df4ccd,13:10 2025-10-23
ETHFIUSDT,Trade,226.8,0.9742,0.9038,5.5E-4,0.12152171,USDT,0.12152171,Short,Market, c1eb5551, e2df4ccd,13:10 2025-10-23
ETHFIUSDT,Trade,7.7,0.9742,0.9038,5.5E-4,0.00412574,USDT,0.00412574,Short,Market, f1d4e6dd, e2df4ccd,13:10 2025-10-23
ETHFIUSDT,Trade,1.0,0.9743,0.9038,5.5E-4,5.3587E-4,USDT,0.00053587,Short,Market, 4b289ed0, e2df4ccd,13:10 2025-10-23
ETHFIUSDT,Trade,7.7,0.9743,0.9038,5.5E-4,0.00412617,USDT,0.00412617,Short,Market, cccc912e, e2df4ccd,13:10 2025-10-23
ETHFIUSDT,Trade,168.0,0.974,0.8766,5.5E-4,0.0899976,USDT,0.0899976,Short,Market, 1fe36d8b, f18994fb,13:10 2025-10-23
ETHFIUSDT,Trade,90.6,0.974,0.8766,5.5E-4,0.04853442,USDT,0.04853442,Short,Market, ee79e860, f18994fb,13:10 2025-10-23
ETHFIUSDT,Trade,45.9,0.974,0.8766,5.5E-4,0.02458863,USDT,0.02458863,Short,Market, b0f2eb00, f18994fb,13:10 2025-10-23
ETHFIUSDT,Trade,7.7,0.974,0.8766,5.5E-4,0.00412489,USDT,0.00412489,Short,Market, 579bc096, f18994fb,13:10 2025-10-23
ETHFIUSDT,Trade,208.8,0.9741,0.8766,5.5E-4,0.11186565,USDT,0.11186565,Short,Market, 85adae0e, f18994fb,13:10 2025-10-23
ETHFIUSDT,Trade,102.1,0.9741,0.8766,5.5E-4,0.05470059,USDT,0.05470059,Short,Market, 8808f951, f18994fb,13:10 2025-10-23
ETHFIUSDT,Trade,34.1,0.9741,0.8766,5.5E-4,0.01826925,USDT,0.01826925,Short,Market, b5621b6c, f18994fb,13:10 2025-10-23
ETHFIUSDT,Trade,205.3,0.9741,0.8766,5.5E-4,0.10999051,USDT,0.10999051,Short,Market, fd3aab30, f18994fb,13:10 2025-10-23
ETHFIUSDT,Trade,7.7,0.9741,0.8766,5.5E-4,0.00412532,USDT,0.00412532,Short,Market, c3be43fe, f18994fb,13:10 2025-10-23
ETHFIUSDT,Trade,102.4,0.9742,0.8766,5.5E-4,0.05486695,USDT,0.05486695,Short,Market, 9197b3b9, f18994fb,13:10 2025-10-23
ETHFIUSDT,Trade,37.6,0.9742,0.8766,5.5E-4,0.02014646,USDT,0.02014646,Short,Market, 6aa76d30, f18994fb,13:10 2025-10-23
ETHFIUSDT,Trade,102.2,0.9742,0.8766,5.5E-4,0.05475979,USDT,0.05475979,Short,Market, 88c2d729, f18994fb,13:10 2025-10-23
ETHFIUSDT,Trade,184.6,0.9742,0.8766,5.5E-4,0.09891053,USDT,0.09891053,Short,Market, 06e2cb30, f18994fb,13:10 2025-10-23
ETHFIUSDT,Trade,102.4,0.9742,0.8766,5.5E-4,0.05486695,USDT,0.05486695,Short,Market, 0c3b9f81, f18994fb,13:10 2025-10-23
ETHFIUSDT,Trade,50.9,0.9742,0.8766,5.5E-4,0.02727273,USDT,0.02727273,Short,Market, 82a64ec7, f18994fb,13:10 2025-10-23
ETHFIUSDT,Trade,49.7,0.9742,0.8766,5.5E-4,0.02662976,USDT,0.02662976,Short,Market, 6815bd65, f18994fb,13:10 2025-10-23
SOLUSDT,Trade,6.7,188.84,179.39,5.5E-4,0.6958754,USDT,0.6958754,Short,Market, 062d6580, 05c7e2ed,13:06 2025-10-23
ETHFIUSDT,Trade,292.5,0.9763,1.0627,5.5E-4,0.15706227,USDT,0.15706227,Long,Market, 8b3d9b90, 799bf1f5,12:42 2025-10-23
ETHFIUSDT,Trade,187.3,0.9763,1.0627,5.5E-4,0.10057355,USDT,0.10057355,Long,Market, cd564034, 799bf1f5,12:42 2025-10-23
ETHFIUSDT,Trade,299.4,0.9763,1.0627,5.5E-4,0.16076733,USDT,0.16076733,Long,Market, 4c36f40c, 799bf1f5,12:42 2025-10-23
ETHFIUSDT,Trade,7.7,0.9763,1.0627,5.5E-4,0.00413464,USDT,0.00413464,Long,Market, 23bd27a6, 799bf1f5,12:42 2025-10-23
ETHFIUSDT,Trade,53.8,0.9763,1.0627,5.5E-4,0.02888872,USDT,0.02888872,Long,Market, feafba57, 799bf1f5,12:42 2025-10-23
ETHFIUSDT,Trade,78.1,0.9762,1.0627,5.5E-4,0.04193268,USDT,0.04193268,Long,Market, 6cc8929c, 799bf1f5,12:42 2025-10-23
ETHFIUSDT,Trade,78.1,0.9762,1.0627,5.5E-4,0.04193268,USDT,0.04193268,Long,Market, c2e8a9df, 799bf1f5,12:42 2025-10-23
ETHFIUSDT,Trade,497.6,0.9762,1.0627,5.5E-4,0.26716642,USDT,0.26716642,Long,Market, dfc163f2, 799bf1f5,12:42 2025-10-23
ETHFIUSDT,Trade,7.7,0.9762,1.0627,5.5E-4,0.00413421,USDT,0.00413421,Long,Market, 773667ff, 799bf1f5,12:42 2025-10-23
ETHFIUSDT,Trade,1.3,0.9761,1.0627,5.5E-4,6.9792E-4,USDT,0.00069792,Long,Market, 61f08e9d, 799bf1f5,12:42 2025-10-23
ETHFIUSDT,Trade,25.6,0.9761,1.0627,5.5E-4,0.01374349,USDT,0.01374349,Long,Market, 10ed9aad, 799bf1f5,12:42 2025-10-23
ETHFIUSDT,Trade,1.0,0.9761,1.0627,5.5E-4,5.3686E-4,USDT,0.00053686,Long,Market, dff54dbd, 799bf1f5,12:42 2025-10-23
ETHFIUSDT,Trade,45.7,0.9761,1.0627,5.5E-4,0.02453428,USDT,0.02453428,Long,Market, 8f6c4c9f, 799bf1f5,12:42 2025-10-23
ETHFIUSDT,Funding,308.5,0.9802,0,5.0E-5,0.01511959,USDT,0.01511959,Long,--, ccd35143, 14c523d4,12:00 2025-10-23
ETHFIUSDT,Funding,308.5,0.9851,0,-1.988E-5,-0.0060416,USDT,-0.0060416,Long,--, a2a5cb28, f94b7a8c,08:00 2025-10-23
ETHFIUSDT,Trade,68.9,0.986,0.8883,5.5E-4,0.03736447,USDT,0.03736447,Short,Market, 685fd5f1, 5a5fb4f3,07:04 2025-10-23
ETHFIUSDT,Trade,158.9,0.9861,0.8883,5.5E-4,0.08618021,USDT,0.08618021,Short,Market, eea24c62, 5a5fb4f3,07:04 2025-10-23
ETHFIUSDT,Trade,317.6,0.9861,0.8883,5.5E-4,0.17225195,USDT,0.17225195,Short,Market, 83dc0e25, 5a5fb4f3,07:04 2025-10-23
ETHFIUSDT,Trade,7.7,0.9861,0.8883,5.5E-4,0.00417614,USDT,0.00417614,Short,Market, 271999d2, 5a5fb4f3,07:04 2025-10-23
ETHFIUSDT,Trade,211.9,0.9861,0.8883,5.5E-4,0.11492503,USDT,0.11492503,Short,Market, 90614d46, 5a5fb4f3,07:04 2025-10-23
ETHFIUSDT,Trade,95.0,0.9861,0.8883,5.5E-4,0.05152373,USDT,0.05152373,Short,Market, 2eadfcf5, 5a5fb4f3,07:04 2025-10-23
ETHFIUSDT,Trade,40.6,0.9862,0.8883,5.5E-4,0.02202185,USDT,0.02202185,Short,Market, 2c96998c, 5a5fb4f3,07:04 2025-10-23
ETHFIUSDT,Trade,19.1,0.9862,0.8883,5.5E-4,0.01036004,USDT,0.01036004,Short,Market, e69ea14d, 5a5fb4f3,07:04 2025-10-23
ETHFIUSDT,Trade,5.6,0.9862,0.8883,5.5E-4,0.0030375,USDT,0.0030375,Short,Market, 78606556, 5a5fb4f3,07:04 2025-10-23
ETHFIUSDT,Funding,1233.8,0.9596,0,5.0E-5,0.05919773,USDT,0.05919773,Long,--, 161515f5, c7ee5b52,04:00 2025-10-23
ETHFIUSDT,Funding,1233.8,0.9599,0,5.0E-5,0.05921624,USDT,0.05921624,Long,--, c9e9896a, f5d59813,00:00 2025-10-23
ETHFIUSDT,Trade,152.2,0.9485,1.0322,5.5E-4,0.07939894,USDT,0.07939894,Long,Market, 01826b5d, 457a9f48,23:08 2025-10-22
ETHFIUSDT,Trade,8.0,0.9485,1.0322,5.5E-4,0.0041734,USDT,0.0041734,Long,Market, 36fb85e6, 457a9f48,23:08 2025-10-22
ETHFIUSDT,Trade,177.2,0.9484,1.0322,5.5E-4,0.09243107,USDT,0.09243107,Long,Market, a29b40e3, 457a9f48,23:08 2025-10-22
ETHFIUSDT,Trade,354.2,0.9484,1.0322,5.5E-4,0.18475781,USDT,0.18475781,Long,Market, 44857030, 457a9f48,23:08 2025-10-22
ETHFIUSDT,Trade,235.8,0.9484,1.0322,5.5E-4,0.122998,USDT,0.122998,Long,Market, d2177e1d, 457a9f48,23:08 2025-10-22
ETHFIUSDT,Trade,8.0,0.9484,1.0322,5.5E-4,0.00417296,USDT,0.00417296,Long,Market, 8dd9c6c0, 457a9f48,23:08 2025-10-22
ETHFIUSDT,Trade,5.8,0.9484,1.0322,5.5E-4,0.0030254,USDT,0.0030254,Long,Market, 06080f7d, 457a9f48,23:08 2025-10-22
ETHFIUSDT,Trade,292.6,0.9483,1.0322,5.5E-4,0.15260992,USDT,0.15260992,Long,Market, c00e768a, 457a9f48,23:08 2025-10-22
ETHFIUSDT,Trade,26.0,0.9363,1.0299,5.5E-4,0.01338909,USDT,0.01338909,Long,Market, 053e0c8e, 137733e1,22:52 2025-10-22
ETHFIUSDT,Trade,93.4,0.9363,1.0299,5.5E-4,0.04809774,USDT,0.04809774,Long,Market, 3c2f6028, 137733e1,22:52 2025-10-22
ETHFIUSDT,Trade,312.0,0.9363,1.0299,5.5E-4,0.16066908,USDT,0.16066908,Long,Market, 28d39c05, 137733e1,22:52 2025-10-22
ETHFIUSDT,Trade,115.9,0.9363,1.0299,5.5E-4,0.05968445,USDT,0.05968445,Long,Market, 867ed922, 137733e1,22:52 2025-10-22
ETHFIUSDT,Trade,280.7,0.9362,1.0299,5.5E-4,0.14453524,USDT,0.14453524,Long,Market, 3ffb931b, 137733e1,22:52 2025-10-22
ETHFIUSDT,Trade,181.8,0.9362,1.0299,5.5E-4,0.09361064,USDT,0.09361064,Long,Market, e4702efd, 137733e1,22:52 2025-10-22
ETHFIUSDT,Trade,242.3,0.9362,1.0299,5.5E-4,0.1247627,USDT,0.1247627,Long,Market, 89993112, 137733e1,22:52 2025-10-22
ETHFIUSDT,Trade,362.7,0.9362,1.0299,5.5E-4,0.18675786,USDT,0.18675786,Long,Market, cca1cfda, 137733e1,22:52 2025-10-22
ETHFIUSDT,Trade,261.4,0.9362,1.0299,5.5E-4,0.13459748,USDT,0.13459748,Long,Market, 797a43da, 137733e1,22:52 2025-10-22
ETHFIUSDT,Trade,8.1,0.9362,1.0299,5.5E-4,0.00417078,USDT,0.00417078,Long,Market, de155c9f, 137733e1,22:52 2025-10-22
ETHFIUSDT,Trade,88.9,0.9362,1.0299,5.5E-4,0.0457755,USDT,0.0457755,Long,Market, a2ca0cf1, 137733e1,22:52 2025-10-22
ETHFIUSDT,Trade,115.9,0.9362,1.0299,5.5E-4,0.05967807,USDT,0.05967807,Long,Market, 1b822ad1, 137733e1,22:52 2025-10-22
ETHFIUSDT,Trade,115.9,0.9361,1.0299,5.5E-4,0.0596717,USDT,0.0596717,Long,Market, ec91ee7f, 137733e1,22:52 2025-10-22
ETHFIUSDT,Trade,55.0,0.9361,1.0299,5.5E-4,0.02831703,USDT,0.02831703,Long,Market, 000d9223, 137733e1,22:52 2025-10-22
ETHFIUSDT,Trade,503.7,0.9423,0.8749,5.5E-4,0.26105009,USDT,0.26105009,Short,Market, ecc48121, 2ace3262,22:15 2025-10-22
ETHFIUSDT,Trade,8.0,0.9423,0.8749,5.5E-4,0.00414612,USDT,0.00414612,Short,Market, 09674a7e, 2ace3262,22:15 2025-10-22
ETHFIUSDT,Trade,643.6,0.9424,0.8749,5.5E-4,0.33359076,USDT,0.33359076,Short,Market, 60edc64a, 2ace3262,22:15 2025-10-22
ETHFIUSDT,Trade,45.1,0.9424,0.8749,5.5E-4,0.02337624,USDT,0.02337624,Short,Market, 934126ee, 2ace3262,22:15 2025-10-22
ETHFIUSDT,Trade,8.0,0.9424,0.8749,5.5E-4,0.00414656,USDT,0.00414656,Short,Market, fd569e92, 2ace3262,22:15 2025-10-22
ETHFIUSDT,Trade,5.9,0.9424,0.8749,5.5E-4,0.00305809,USDT,0.00305809,Short,Market, 6437350d, 2ace3262,22:15 2025-10-22
ETHFIUSDT,Trade,5.5,0.9424,0.8749,5.5E-4,0.00285076,USDT,0.00285076,Short,Market, 05f3b3d8, 2ace3262,22:15 2025-10-22
ETHFIUSDT,Trade,22.2,0.9425,0.8749,5.5E-4,0.01150793,USDT,0.01150793,Short,Market, 72f3cc42, 2ace3262,22:15 2025-10-22
ETHFIUSDT,Trade,309.6,0.9425,0.8749,5.5E-4,0.1604889,USDT,0.1604889,Short,Market, 69122c7c, 2ace3262,22:15 2025-10-22
ETHFIUSDT,Trade,302.1,0.9425,0.8749,5.5E-4,0.15660109,USDT,0.15660109,Short,Market, 631e3cff, 2ace3262,22:15 2025-10-22
ETHFIUSDT,Trade,8.0,0.9425,0.8749,5.5E-4,0.004147,USDT,0.004147,Short,Market, ccd400e6, 2ace3262,22:15 2025-10-22
ETHFIUSDT,Trade,35.3,0.9426,0.8749,5.5E-4,0.01830058,USDT,0.01830058,Short,Market, 9459c98a, 2ace3262,22:15 2025-10-22
ETHFIUSDT,Trade,22.1,0.9426,0.8749,5.5E-4,0.01145731,USDT,0.01145731,Short,Market, 5c5f0852, 2ace3262,22:15 2025-10-22
ETHFIUSDT,Trade,13.0,0.9426,0.8749,5.5E-4,0.00673959,USDT,0.00673959,Short,Market, 2325f6e0, 2ace3262,22:15 2025-10-22
ETHFIUSDT,Trade,8.0,0.9426,0.8749,5.5E-4,0.00414744,USDT,0.00414744,Short,Market, 0f7d7b10, 2ace3262,22:15 2025-10-22
ETHFIUSDT,Trade,5.9,0.9426,0.8749,5.5E-4,0.00305874,USDT,0.00305874,Short,Market, d4148183, 2ace3262,22:15 2025-10-22
ETHFIUSDT,Trade,8.0,0.9426,0.8749,5.5E-4,0.00414744,USDT,0.00414744,Short,Market, 6b4cc158, 2ace3262,22:15 2025-10-22
ETHFIUSDT,Trade,105.6,0.9427,0.8749,5.5E-4,0.05475202,USDT,0.05475202,Short,Market, 2465de5a, 2ace3262,22:15 2025-10-22
ETHFIUSDT,Trade,22.1,0.9427,0.8749,5.5E-4,0.01145852,USDT,0.01145852,Short,Market, a9b30582, 2ace3262,22:15 2025-10-22
ETHFIUSDT,Trade,8.0,0.9427,0.8749,5.5E-4,0.00414788,USDT,0.00414788,Short,Market, e646f039, 2ace3262,22:15 2025-10-22
ETHFIUSDT,Trade,105.8,0.9428,0.8749,5.5E-4,0.05486154,USDT,0.05486154,Short,Market, 9ecf90f1, 2ace3262,22:15 2025-10-22
ETHFIUSDT,Trade,20.7,0.9428,0.8749,5.5E-4,0.01073378,USDT,0.01073378,Short,Market, 638d6fdf, 2ace3262,22:15 2025-10-22
ETHFIUSDT,Trade,22.1,0.9428,0.8749,5.5E-4,0.01145974,USDT,0.01145974,Short,Market, db50a2b4, 2ace3262,22:15 2025-10-22
ETHFIUSDT,Trade,7.8,0.9428,0.8749,5.5E-4,0.00404462,USDT,0.00404462,Short,Market, 982cb186, 2ace3262,22:15 2025-10-22
ETHFIUSDT,Trade,8.0,0.9428,0.8749,5.5E-4,0.00414832,USDT,0.00414832,Short,Market, 242576a7, 2ace3262,22:15 2025-10-22
ETHFIUSDT,Trade,5.9,0.9428,0.8749,5.5E-4,0.00305939,USDT,0.00305939,Short,Market, f54eb02a, 2ace3262,22:15 2025-10-22
ETHFIUSDT,Trade,94.5,0.9469,1.0391,5.5E-4,0.04921513,USDT,0.04921513,Long,Market, 54db6081, ea936d53,21:55 2025-10-22
ETHFIUSDT,Trade,424.1,0.9469,1.0391,5.5E-4,0.22086916,USDT,0.22086916,Long,Market, d77d906d, ea936d53,21:55 2025-10-22
ETHFIUSDT,Trade,8.0,0.9469,1.0391,5.5E-4,0.00416636,USDT,0.00416636,Long,Market, adbfd1c0, ea936d53,21:55 2025-10-22
ETHFIUSDT,Trade,305.8,0.9468,1.0391,5.5E-4,0.1592423,USDT,0.1592423,Long,Market, 18fa5126, ea936d53,21:55 2025-10-22
ETHFIUSDT,Trade,8.0,0.9468,1.0391,5.5E-4,0.00416592,USDT,0.00416592,Long,Market, c5a119d9, ea936d53,21:55 2025-10-22
ETHFIUSDT,Trade,211.4,0.9468,1.0391,5.5E-4,0.11008444,USDT,0.11008444,Long,Market, 143faa13, ea936d53,21:55 2025-10-22
ETHFIUSDT,Trade,424.1,0.9468,1.0391,5.5E-4,0.22084584,USDT,0.22084584,Long,Market, a496f986, ea936d53,21:55 2025-10-22
ETHFIUSDT,Trade,51.0,0.9468,1.0391,5.5E-4,0.02655774,USDT,0.02655774,Long,Market, 2f27a3c0, ea936d53,21:55 2025-10-22
ETHFIUSDT,Trade,5.9,0.9468,1.0391,5.5E-4,0.00307237,USDT,0.00307237,Long,Market, acdc9f3c, ea936d53,21:55 2025-10-22
ETHFIUSDT,Trade,12.7,0.9466,1.0391,5.5E-4,0.00661201,USDT,0.00661201,Long,Market, a135e6a1, ea936d53,21:55 2025-10-22
ETHFIUSDT,Trade,35.9,0.9466,1.0391,5.5E-4,0.01869062,USDT,0.01869062,Long,Market, 11a857b2, ea936d53,21:55 2025-10-22
ETHFIUSDT,Trade,5.9,0.9466,1.0391,5.5E-4,0.00307172,USDT,0.00307172,Long,Market, 31e53472, ea936d53,21:55 2025-10-22
ETHFIUSDT,Trade,152.6,0.9446,0.8771,5.5E-4,0.07928028,USDT,0.07928028,Short,Market, 8ab223f9, 5b1e6f10,21:50 2025-10-22
ETHFIUSDT,Trade,8.0,0.9446,0.8771,5.5E-4,0.00415624,USDT,0.00415624,Short,Market, 988880db, 5b1e6f10,21:50 2025-10-22
ETHFIUSDT,Trade,401.1,0.9447,0.8771,5.5E-4,0.20840555,USDT,0.20840555,Short,Market, e0d073f0, 5b1e6f10,21:50 2025-10-22
ETHFIUSDT,Trade,12.1,0.9447,0.8771,5.5E-4,0.00628698,USDT,0.00628698,Short,Market, 50e4d63c, 5b1e6f10,21:50 2025-10-22
ETHFIUSDT,Trade,199.6,0.9447,0.8771,5.5E-4,0.10370917,USDT,0.10370917,Short,Market, bee1d26e, 5b1e6f10,21:50 2025-10-22
ETHFIUSDT,Trade,399.6,0.9447,0.8771,5.5E-4,0.20762617,USDT,0.20762617,Short,Market, 57f19851, 5b1e6f10,21:50 2025-10-22
ETHFIUSDT,Trade,7.8,0.9447,0.8771,5.5E-4,0.00405277,USDT,0.00405277,Short,Market, df95097b, 5b1e6f10,21:50 2025-10-22
ETHFIUSDT,Trade,400.6,0.9447,0.8771,5.5E-4,0.20814576,USDT,0.20814576,Short,Market, efbc0bfa, 5b1e6f10,21:50 2025-10-22
ETHFIUSDT,Trade,5.9,0.9448,0.8771,5.5E-4,0.00306588,USDT,0.00306588,Short,Market, fe7e3334, 5b1e6f10,21:50 2025-10-22
ETHFIUSDT,Trade,29.8,0.9464,1.0407,5.5E-4,0.0155115,USDT,0.0155115,Long,Market, 3d5498fc, 3ecd0131,21:48 2025-10-22
ETHFIUSDT,Trade,387.1,0.9464,1.0407,5.5E-4,0.2014933,USDT,0.2014933,Long,Market, 87b9a8ba, 3ecd0131,21:48 2025-10-22
ETHFIUSDT,Trade,390.4,0.9464,1.0407,5.5E-4,0.20321101,USDT,0.20321101,Long,Market, 0757feac, 3ecd0131,21:48 2025-10-22
ETHFIUSDT,Trade,40.0,0.9464,1.0407,5.5E-4,0.0208208,USDT,0.0208208,Long,Market, 63014125, 3ecd0131,21:48 2025-10-22
ETHFIUSDT,Trade,20.3,0.9464,1.0407,5.5E-4,0.01056656,USDT,0.01056656,Long,Market, 7577b702, 3ecd0131,21:48 2025-10-22
ETHFIUSDT,Trade,8.0,0.9464,1.0407,5.5E-4,0.00416416,USDT,0.00416416,Long,Market, 23426c07, 3ecd0131,21:48 2025-10-22
ETHFIUSDT,Trade,429.5,0.9464,1.0407,5.5E-4,0.22356334,USDT,0.22356334,Long,Market, ac5937c8, 3ecd0131,21:48 2025-10-22
ETHFIUSDT,Trade,213.3,0.9464,1.0407,5.5E-4,0.11102692,USDT,0.11102692,Long,Market, f489a586, 3ecd0131,21:48 2025-10-22
ETHFIUSDT,Trade,5.9,0.9464,1.0407,5.5E-4,0.00307107,USDT,0.00307107,Long,Market, 31e59bad, 3ecd0131,21:48 2025-10-22
ETHFIUSDT,Trade,386.8,0.9463,1.0407,5.5E-4,0.20131587,USDT,0.20131587,Long,Market, eb1ed54f, 3ecd0131,21:48 2025-10-22
ETHFIUSDT,Trade,332.6,0.9463,1.0407,5.5E-4,0.17310666,USDT,0.17310666,Long,Market, e070142a, 3ecd0131,21:48 2025-10-22
ETHFIUSDT,Trade,335.0,0.9463,1.0407,5.5E-4,0.17435578,USDT,0.17435578,Long,Market, ea9434bc, 3ecd0131,21:48 2025-10-22
ETHFIUSDT,Trade,429.0,0.9463,1.0407,5.5E-4,0.22327949,USDT,0.22327949,Long,Market, 72aff265, 3ecd0131,21:48 2025-10-22
ETHFIUSDT,Trade,213.1,0.9463,1.0407,5.5E-4,0.1109111,USDT,0.1109111,Long,Market, e49f7925, 3ecd0131,21:48 2025-10-22
ETHFIUSDT,Trade,8.0,0.9463,1.0407,5.5E-4,0.00416372,USDT,0.00416372,Long,Market, c5f479c1, 3ecd0131,21:48 2025-10-22
ETHFIUSDT,Trade,7.4,0.9463,1.0407,5.5E-4,0.00385145,USDT,0.00385145,Long,Market, 368080b4, 3ecd0131,21:48 2025-10-22
ETHFIUSDT,Trade,50.4,0.9463,1.0407,5.5E-4,0.02623144,USDT,0.02623144,Long,Market, 160801e5, 3ecd0131,21:48 2025-10-22
ETHFIUSDT,Trade,8.0,0.9462,1.0407,5.5E-4,0.00416328,USDT,0.00416328,Long,Market, 04362456, 3ecd0131,21:48 2025-10-22
ETHFIUSDT,Trade,429.0,0.9462,1.0407,5.5E-4,0.22325589,USDT,0.22325589,Long,Market, f0052736, 3ecd0131,21:48 2025-10-22
ETHFIUSDT,Trade,212.9,0.9462,1.0407,5.5E-4,0.11079529,USDT,0.11079529,Long,Market, b35bf184, 3ecd0131,21:48 2025-10-22
ETHFIUSDT,Trade,7.4,0.9462,1.0407,5.5E-4,0.00385104,USDT,0.00385104,Long,Market, 3bdb3832, 3ecd0131,21:48 2025-10-22
ETHFIUSDT,Trade,25.6,0.9462,1.0407,5.5E-4,0.0133225,USDT,0.0133225,Long,Market, a0546dde, 3ecd0131,21:48 2025-10-22
ETHFIUSDT,Trade,8.0,0.9461,1.0407,5.5E-4,0.00416284,USDT,0.00416284,Long,Market, 087c8cd8, 3ecd0131,21:48 2025-10-22
ETHFIUSDT,Trade,212.9,0.9461,1.0407,5.5E-4,0.11078358,USDT,0.11078358,Long,Market, 8af4a717, 3ecd0131,21:48 2025-10-22
ETHFIUSDT,Trade,429.0,0.9461,1.0407,5.5E-4,0.2232323,USDT,0.2232323,Long,Market, 07333117, 3ecd0131,21:48 2025-10-22
ETHFIUSDT,Trade,105.4,0.9461,1.0407,5.5E-4,0.05484542,USDT,0.05484542,Long,Market, 93210f93, 3ecd0131,21:48 2025-10-22
ETHFIUSDT,Trade,42.3,0.946,1.0407,5.5E-4,0.02200869,USDT,0.02200869,Long,Market, f38723da, 3ecd0131,21:48 2025-10-22
ETHFIUSDT,Trade,4.3,0.946,1.0407,5.5E-4,0.00223729,USDT,0.00223729,Long,Market, 48328bfb, 3ecd0131,21:48 2025-10-22
ETHFIUSDT,Trade,1461.1,0.9411,0.8728,5.5E-4,0.75627267,USDT,0.75627267,Short,Market, b68abac2, c0e13cdc,21:45 2025-10-22
ETHFIUSDT,Trade,26.5,0.9411,0.8728,5.5E-4,0.01371654,USDT,0.01371654,Short,Market, 0ea9fbc3, c0e13cdc,21:45 2025-10-22
ETHFIUSDT,Trade,53.1,0.9412,0.8728,5.5E-4,0.02748775,USDT,0.02748775,Short,Market, 15aee2ad, c0e13cdc,21:45 2025-10-22
ETHFIUSDT,Trade,53.1,0.9412,0.8728,5.5E-4,0.02748775,USDT,0.02748775,Short,Market, c86ce533, c0e13cdc,21:45 2025-10-22
ETHFIUSDT,Trade,514.9,0.9396,0.8722,5.5E-4,0.26609003,USDT,0.26609003,Short,Market, 663a7526, c11877b4,21:31 2025-10-22
ETHFIUSDT,Trade,8.0,0.9396,0.8722,5.5E-4,0.00413424,USDT,0.00413424,Short,Market, 65c0d570, c11877b4,21:31 2025-10-22
ETHFIUSDT,Trade,5.9,0.9396,0.8722,5.5E-4,0.00304901,USDT,0.00304901,Short,Market, b42a621b, c11877b4,21:31 2025-10-22
ETHFIUSDT,Trade,8.0,0.9397,0.8722,5.5E-4,0.00413468,USDT,0.00413468,Short,Market, 49e875d7, c11877b4,21:31 2025-10-22
ETHFIUSDT,Trade,220.0,0.9397,0.8722,5.5E-4,0.1137037,USDT,0.1137037,Short,Market, d95ba7d0, c11877b4,21:31 2025-10-22
ETHFIUSDT,Trade,8.0,0.9398,0.8722,5.5E-4,0.00413512,USDT,0.00413512,Short,Market, ee91f027, c11877b4,21:31 2025-10-22
ETHFIUSDT,Trade,5.9,0.9398,0.8722,5.5E-4,0.00304966,USDT,0.00304966,Short,Market, 88d57fe8, c11877b4,21:31 2025-10-22
ETHFIUSDT,Trade,46.5,0.9399,0.8722,5.5E-4,0.02403795,USDT,0.02403795,Short,Market, d13b1c1e, c11877b4,21:31 2025-10-22
ETHFIUSDT,Trade,8.0,0.9399,0.8722,5.5E-4,0.00413556,USDT,0.00413556,Short,Market, 86125d5a, c11877b4,21:31 2025-10-22
ETHFIUSDT,Trade,8.1,0.94,0.8722,5.5E-4,0.0041877,USDT,0.0041877,Short,Market, 6f5f09c7, c11877b4,21:31 2025-10-22
ETHFIUSDT,Trade,8.0,0.94,0.8722,5.5E-4,0.004136,USDT,0.004136,Short,Market, 8b46c164, c11877b4,21:31 2025-10-22
ETHFIUSDT,Trade,5.9,0.94,0.8722,5.5E-4,0.0030503,USDT,0.0030503,Short,Market, 45001c03, c11877b4,21:31 2025-10-22
ETHFIUSDT,Trade,0.6,0.94,0.8722,5.5E-4,3.102E-4,USDT,0.0003102,Short,Market, e2c56b4d, c11877b4,21:31 2025-10-22
ETHFIUSDT,Trade,389.1,0.94,0.8722,5.5E-4,0.2011647,USDT,0.2011647,Short,Market, c73c2017, c11877b4,21:31 2025-10-22
ETHFIUSDT,Trade,21.2,0.94,0.8722,5.5E-4,0.0109604,USDT,0.0109604,Short,Market, c8a6743b, c11877b4,21:31 2025-10-22
ETHFIUSDT,Trade,8.1,0.9401,0.8722,5.5E-4,0.00418815,USDT,0.00418815,Short,Market, b6f61a82, c11877b4,21:31 2025-10-22
ETHFIUSDT,Trade,24.6,0.9401,0.8722,5.5E-4,0.01271956,USDT,0.01271956,Short,Market, 6d1a13ed, c11877b4,21:31 2025-10-22
ETHFIUSDT,Trade,83.7,0.9401,0.8722,5.5E-4,0.04327751,USDT,0.04327751,Short,Market, a57a689e, c11877b4,21:31 2025-10-22
ETHFIUSDT,Trade,8.0,0.9401,0.8722,5.5E-4,0.00413644,USDT,0.00413644,Short,Market, 2b39287b, c11877b4,21:31 2025-10-22
ETHFIUSDT,Trade,8.0,0.9401,0.8722,5.5E-4,0.00413644,USDT,0.00413644,Short,Market, a24ffbbf, c11877b4,21:31 2025-10-22
ETHFIUSDT,Trade,91.8,0.9402,0.8722,5.5E-4,0.0474707,USDT,0.0474707,Short,Market, 5a3087f5, c11877b4,21:31 2025-10-22
ETHFIUSDT,Trade,8.0,0.9402,0.8722,5.5E-4,0.00413688,USDT,0.00413688,Short,Market, babad7fb, c11877b4,21:31 2025-10-22
ETHFIUSDT,Trade,5.9,0.9402,0.8722,5.5E-4,0.00305095,USDT,0.00305095,Short,Market, d2c9d727, c11877b4,21:31 2025-10-22
ETHFIUSDT,Trade,17.8,0.9403,0.8722,5.5E-4,0.00920554,USDT,0.00920554,Short,Market, 00ecfc8d, c11877b4,21:31 2025-10-22
ETHFIUSDT,Trade,8.0,0.9403,0.8722,5.5E-4,0.00413732,USDT,0.00413732,Short,Market, aa77f17c, c11877b4,21:31 2025-10-22
ETHFIUSDT,Trade,9.1,0.9404,0.8722,5.5E-4,0.00470671,USDT,0.00470671,Short,Market, 842f736a, c11877b4,21:31 2025-10-22
ETHFIUSDT,Trade,200.6,0.9485,1.0429,5.5E-4,0.10464801,USDT,0.10464801,Long,Market, a97d76e3, d8e1b6d2,21:22 2025-10-22
ETHFIUSDT,Trade,8.0,0.9485,1.0429,5.5E-4,0.0041734,USDT,0.0041734,Long,Market, a02bbc96, d8e1b6d2,21:22 2025-10-22
ETHFIUSDT,Trade,12.1,0.9484,1.0429,5.5E-4,0.00631161,USDT,0.00631161,Long,Market, 3d3465fe, d8e1b6d2,21:22 2025-10-22
ETHFIUSDT,Trade,49.9,0.9484,1.0429,5.5E-4,0.02602884,USDT,0.02602884,Long,Market, 48ff12d7, d8e1b6d2,21:22 2025-10-22
ETHFIUSDT,Trade,8.0,0.9484,1.0429,5.5E-4,0.00417296,USDT,0.00417296,Long,Market, e875ce10, d8e1b6d2,21:22 2025-10-22
ETHFIUSDT,Trade,105.3,0.9484,1.0429,5.5E-4,0.05492659,USDT,0.05492659,Long,Market, 385e6235, d8e1b6d2,21:22 2025-10-22
ETHFIUSDT,Trade,3.8,0.9484,1.0429,5.5E-4,0.00198216,USDT,0.00198216,Long,Market, 1c99fa2f, d8e1b6d2,21:22 2025-10-22
ETHFIUSDT,Trade,12.1,0.9483,1.0429,5.5E-4,0.00631094,USDT,0.00631094,Long,Market, 3d78dac7, d8e1b6d2,21:22 2025-10-22
ETHFIUSDT,Trade,95.0,0.9483,1.0429,5.5E-4,0.04954868,USDT,0.04954868,Long,Market, 1dae082c, d8e1b6d2,21:22 2025-10-22
ETHFIUSDT,Trade,54.0,0.9483,1.0429,5.5E-4,0.02816451,USDT,0.02816451,Long,Market, a11d9863, d8e1b6d2,21:22 2025-10-22
ETHFIUSDT,Trade,194.5,0.9661,1.0618,5.5E-4,0.10334855,USDT,0.10334855,Long,Market, d67ad36c, d1719e3e,20:56 2025-10-22
ETHFIUSDT,Trade,11.0,0.9661,1.0618,5.5E-4,0.00584491,USDT,0.00584491,Long,Market, d5d3f859, d1719e3e,20:56 2025-10-22
ETHFIUSDT,Trade,497.1,0.9661,1.0618,5.5E-4,0.26413658,USDT,0.26413658,Long,Market, 3e8fe47e, d1719e3e,20:56 2025-10-22
ETHFIUSDT,Trade,7.8,0.9661,1.0618,5.5E-4,0.00414457,USDT,0.00414457,Long,Market, 1533aa6b, d1719e3e,20:56 2025-10-22
ETHFIUSDT,Trade,5.7,0.966,1.0618,5.5E-4,0.00302841,USDT,0.00302841,Long,Market, ac94e17c, d1719e3e,20:56 2025-10-22
ETHFIUSDT,Trade,7.8,0.966,1.0618,5.5E-4,0.00414414,USDT,0.00414414,Long,Market, 25d7f876, d1719e3e,20:56 2025-10-22
ETHFIUSDT,Trade,7.8,0.966,1.0618,5.5E-4,0.00414414,USDT,0.00414414,Long,Market, 3360f475, d1719e3e,20:56 2025-10-22
ETHFIUSDT,Trade,6.2,0.971,0.9016,5.5E-4,0.00331111,USDT,0.00331111,Short,Market, d71556cd, 7e0c86a7,20:48 2025-10-22
ETHFIUSDT,Trade,446.8,0.971,0.9016,5.5E-4,0.23861354,USDT,0.23861354,Short,Market, 019537cc, 7e0c86a7,20:48 2025-10-22
ETHFIUSDT,Trade,10.9,0.971,0.9016,5.5E-4,0.00582115,USDT,0.00582115,Short,Market, 26b9e4ec, 7e0c86a7,20:48 2025-10-22
ETHFIUSDT,Trade,257.2,0.971,0.9016,5.5E-4,0.13735766,USDT,0.13735766,Short,Market, 40f1f917, 7e0c86a7,20:48 2025-10-22
ETHFIUSDT,Trade,7.8,0.971,0.9016,5.5E-4,0.00416559,USDT,0.00416559,Short,Market, 0ff814bd, 7e0c86a7,20:48 2025-10-22
ETHFIUSDT,Trade,437.2,0.9711,0.9016,5.5E-4,0.23351071,USDT,0.23351071,Short,Market, 2072a95d, 7e0c86a7,20:48 2025-10-22
ETHFIUSDT,Trade,7.8,0.9711,0.9016,5.5E-4,0.00416602,USDT,0.00416602,Short,Market, c2f02d51, 7e0c86a7,20:48 2025-10-22
ETHFIUSDT,Trade,257.2,0.9711,0.9016,5.5E-4,0.13737181,USDT,0.13737181,Short,Market, 35172848, 7e0c86a7,20:48 2025-10-22
ETHFIUSDT,Trade,7.8,0.9711,0.9016,5.5E-4,0.00416602,USDT,0.00416602,Short,Market, 68e3956b, 7e0c86a7,20:48 2025-10-22
ETHFIUSDT,Trade,27.4,0.9712,0.9016,5.5E-4,0.01463599,USDT,0.01463599,Short,Market, bc4c0e14, 7e0c86a7,20:48 2025-10-22
ETHFIUSDT,Trade,7.8,0.9712,0.9016,5.5E-4,0.00416645,USDT,0.00416645,Short,Market, 7dc2cf8d, 7e0c86a7,20:48 2025-10-22
ETHFIUSDT,Trade,7.8,0.9713,0.9016,5.5E-4,0.00416688,USDT,0.00416688,Short,Market, cdef89d0, 7e0c86a7,20:48 2025-10-22
ETHFIUSDT,Funding,1445.1,0.9767,0,-5.0E-5,-0.07057146,USDT,-0.07057146,Short,--, a90ae47c, d232e188,20:00 2025-10-22
PAXGUSDT,Trade,0.402,4092.3,4173.78,5.5E-4,0.90480753,USDT,0.90480753,Long,Market, 7978a5f7, 95c88118,19:14 2025-10-22
PAXGUSDT,Trade,0.002,4092.27,4173.78,5.5E-4,0.0045015,USDT,0.0045015,Long,Market, 1d13a619, 95c88118,19:14 2025-10-22
ETHFIUSDT,Trade,108.5,0.973,0.9025,5.5E-4,0.05806378,USDT,0.05806378,Short,Market, 57fc34ce, 7e37906c,18:44 2025-10-22
ETHFIUSDT,Trade,301.6,0.973,0.9025,5.5E-4,0.16140124,USDT,0.16140124,Short,Market, 866f7c62, 7e37906c,18:44 2025-10-22
ETHFIUSDT,Trade,518.5,0.973,0.9025,5.5E-4,0.27747528,USDT,0.27747528,Short,Market, 7cfa6af5, 7e37906c,18:44 2025-10-22
ETHFIUSDT,Trade,266.0,0.973,0.9025,5.5E-4,0.1423499,USDT,0.1423499,Short,Market, 16b06167, 7e37906c,18:44 2025-10-22
ETHFIUSDT,Trade,7.8,0.973,0.9025,5.5E-4,0.00417417,USDT,0.00417417,Short,Market, a6116860, 7e37906c,18:44 2025-10-22
ETHFIUSDT,Trade,137.5,0.973,0.9025,5.5E-4,0.07358313,USDT,0.07358313,Short,Market, 56287ba6, 7e37906c,18:44 2025-10-22
ETHFIUSDT,Trade,52.6,0.973,0.9025,5.5E-4,0.02814889,USDT,0.02814889,Short,Market, 270dbfb8, 7e37906c,18:44 2025-10-22
ETHFIUSDT,Trade,52.6,0.9731,0.9025,5.5E-4,0.02815179,USDT,0.02815179,Short,Market, 6e591a2a, 7e37906c,18:44 2025-10-22
PAXGUSDT,Trade,0.14,4073.43,3991.7,5.5E-4,0.31365411,USDT,0.31365411,Short,Market, 835c5d4e, 96c43b04,18:11 2025-10-22
PAXGUSDT,Trade,0.019,4073.49,3991.7,5.5E-4,0.04256798,USDT,0.04256798,Short,Market, 074f6f17, 96c43b04,18:11 2025-10-22
PAXGUSDT,Trade,0.245,4073.49,3991.7,5.5E-4,0.54890278,USDT,0.54890278,Short,Market, 0bba662c, 96c43b04,18:11 2025-10-22
ETHFIUSDT,Trade,18.3,0.9918,0.9084,5.5E-4,0.00998247,USDT,0.00998247,Short,Market, 1f822519, 1eae5a54,14:24 2025-10-22
ETHFIUSDT,Trade,366.3,0.9919,0.9084,5.5E-4,0.19983314,USDT,0.19983314,Short,Market, 05fd8696, 1eae5a54,14:24 2025-10-22
ETHFIUSDT,Trade,7.6,0.9919,0.9084,5.5E-4,0.00414615,USDT,0.00414615,Short,Market, 5c5deffc, 1eae5a54,14:24 2025-10-22
ETHFIUSDT,Trade,428.0,0.9919,0.9084,5.5E-4,0.23349326,USDT,0.23349326,Short,Market, 19436316, 1eae5a54,14:24 2025-10-22
ETHFIUSDT,Trade,245.7,0.9919,0.9084,5.5E-4,0.13404041,USDT,0.13404041,Short,Market, 8a37835c, 1eae5a54,14:24 2025-10-22
ETHFIUSDT,Trade,77.8,0.992,0.9084,5.5E-4,0.04244768,USDT,0.04244768,Short,Market, 004dd76f, 1eae5a54,14:24 2025-10-22
ETHFIUSDT,Trade,342.8,1.0093,1.0997,5.5E-4,0.19029343,USDT,0.19029343,Long,Market, 50c62984, 873972bb,14:09 2025-10-22
ETHFIUSDT,Trade,247.5,1.0093,1.0997,5.5E-4,0.13739097,USDT,0.13739097,Long,Market, 02b93123, 873972bb,14:09 2025-10-22
ETHFIUSDT,Trade,233.2,1.0093,1.0997,5.5E-4,0.12945282,USDT,0.12945282,Long,Market, 3a5ecf44, 873972bb,14:09 2025-10-22
ETHFIUSDT,Trade,7.5,1.0093,1.0997,5.5E-4,0.00416337,USDT,0.00416337,Long,Market, baa75a65, 873972bb,14:09 2025-10-22
ETHFIUSDT,Trade,294.0,1.0093,1.0997,5.5E-4,0.16320381,USDT,0.16320381,Long,Market, d26718b0, 873972bb,14:09 2025-10-22
ETHFIUSDT,Trade,11.0,1.0092,1.0997,5.5E-4,0.00610566,USDT,0.00610566,Long,Market, 5c4bb7c1, 873972bb,14:09 2025-10-22
ETHFIUSDT,Trade,7.7,1.0092,1.0997,5.5E-4,0.00427397,USDT,0.00427397,Long,Market, e71829a3, 873972bb,14:09 2025-10-22
ETHFIUSDT,Trade,2.6,1.023,1.1213,5.5E-4,0.00146289,USDT,0.00146289,Long,Market, 94a52f5c, 9bc6a10a,22:30 2025-10-21
ETHFIUSDT,Trade,7.4,1.023,1.1213,5.5E-4,0.00416361,USDT,0.00416361,Long,Market, 15d71169, 9bc6a10a,22:30 2025-10-21
ETHFIUSDT,Trade,311.6,1.0229,1.1213,5.5E-4,0.17530461,USDT,0.17530461,Long,Market, 2a843ccf, 9bc6a10a,22:30 2025-10-21
ETHFIUSDT,Trade,307.3,1.0229,1.1213,5.5E-4,0.17288545,USDT,0.17288545,Long,Market, 95153536, 9bc6a10a,22:30 2025-10-21
ETHFIUSDT,Trade,7.4,1.0229,1.1213,5.5E-4,0.00416321,USDT,0.00416321,Long,Market, bcda7e40, 9bc6a10a,22:30 2025-10-21
ETHFIUSDT,Trade,17.0,1.0229,1.1213,5.5E-4,0.00956412,USDT,0.00956412,Long,Market, 3bc697f4, 9bc6a10a,22:30 2025-10-21
ETHFIUSDT,Trade,83.5,1.0229,1.1213,5.5E-4,0.04697669,USDT,0.04697669,Long,Market, 58e5385b, 9bc6a10a,22:30 2025-10-21
ETHFIUSDT,Trade,196.4,1.0229,1.1213,5.5E-4,0.11049366,USDT,0.11049366,Long,Market, fcb254a6, 9bc6a10a,22:30 2025-10-21
ETHFIUSDT,Trade,39.2,1.0229,1.1213,5.5E-4,0.02205373,USDT,0.02205373,Long,Market, 633b715a, 9bc6a10a,22:30 2025-10-21
ETHFIUSDT,Trade,7.4,1.0228,1.1213,5.5E-4,0.0041628,USDT,0.0041628,Long,Market, ca67d2b3, 9bc6a10a,22:30 2025-10-21
ETHFIUSDT,Trade,274.8,1.0227,1.1213,5.5E-4,0.15457088,USDT,0.15457088,Long,Market, fe569986, 9bc6a10a,22:30 2025-10-21
ETHFIUSDT,Trade,52.6,1.0227,1.1213,5.5E-4,0.02958672,USDT,0.02958672,Long,Market, 81cdf19a, 9bc6a10a,22:30 2025-10-21
ETHFIUSDT,Trade,49.8,1.0227,1.1213,5.5E-4,0.02801176,USDT,0.02801176,Long,Market, 3a300807, 9bc6a10a,22:30 2025-10-21
ETHFIUSDT,Trade,47.5,1.0227,1.1213,5.5E-4,0.02671804,USDT,0.02671804,Long,Market, b29f593d, 9bc6a10a,22:30 2025-10-21
ETHFIUSDT,Trade,252.4,1.0193,0.9455,5.5E-4,0.14149923,USDT,0.14149923,Short,Market, 6e9981cf, 36871f44,22:28 2025-10-21
ETHFIUSDT,Trade,248.3,1.0193,0.9455,5.5E-4,0.13920071,USDT,0.13920071,Short,Market, 9b70e94e, 36871f44,22:28 2025-10-21
ETHFIUSDT,Trade,53.5,1.0193,0.9455,5.5E-4,0.02999291,USDT,0.02999291,Short,Market, 035faa91, 36871f44,22:28 2025-10-21
ETHFIUSDT,Trade,123.2,1.0193,0.9455,5.5E-4,0.06906777,USDT,0.06906777,Short,Market, 2ffda0ca, 36871f44,22:28 2025-10-21
ETHFIUSDT,Trade,7.4,1.0193,0.9455,5.5E-4,0.00414856,USDT,0.00414856,Short,Market, 7369de67, 36871f44,22:28 2025-10-21
ETHFIUSDT,Trade,269.5,1.0194,0.9455,5.5E-4,0.15110057,USDT,0.15110057,Short,Market, fd5686fa, 36871f44,22:28 2025-10-21
ETHFIUSDT,Trade,7.4,1.0194,0.9455,5.5E-4,0.00414896,USDT,0.00414896,Short,Market, e5664c35, 36871f44,22:28 2025-10-21
ETHFIUSDT,Trade,210.6,1.0194,0.9455,5.5E-4,0.11807711,USDT,0.11807711,Short,Market, 0836e5b4, 36871f44,22:28 2025-10-21
ETHFIUSDT,Trade,86.1,1.0194,0.9455,5.5E-4,0.04827369,USDT,0.04827369,Short,Market, 9a509cac, 36871f44,22:28 2025-10-21
ETHFIUSDT,Trade,7.4,1.0195,0.9455,5.5E-4,0.00414937,USDT,0.00414937,Short,Market, 0b68a985, 36871f44,22:28 2025-10-21
ETHFIUSDT,Trade,86.1,1.0195,0.9455,5.5E-4,0.04827843,USDT,0.04827843,Short,Market, 38e36fc9, 36871f44,22:28 2025-10-21
ETHFIUSDT,Trade,52.6,1.0196,0.9455,5.5E-4,0.02949703,USDT,0.02949703,Short,Market, b7ce27f6, 36871f44,22:28 2025-10-21
ETHFIUSDT,Trade,44.1,1.0351,1.139,5.5E-4,0.02510636,USDT,0.02510636,Long,Market, dd5b2b7f, af165e72,22:12 2025-10-21
ETHFIUSDT,Trade,162.6,1.0351,1.139,5.5E-4,0.092569,USDT,0.092569,Long,Market, 109d70fe, af165e72,22:12 2025-10-21
ETHFIUSDT,Trade,325.2,1.0351,1.139,5.5E-4,0.18513799,USDT,0.18513799,Long,Market, 1fdc7798, af165e72,22:12 2025-10-21
ETHFIUSDT,Trade,326.4,1.0351,1.139,5.5E-4,0.18582116,USDT,0.18582116,Long,Market, c2f41f70, af165e72,22:12 2025-10-21
ETHFIUSDT,Trade,7.3,1.0351,1.139,5.5E-4,0.00415593,USDT,0.00415593,Long,Market, e8eae868, af165e72,22:12 2025-10-21
ETHFIUSDT,Trade,6.8,1.035,1.139,5.5E-4,0.0038709,USDT,0.0038709,Long,Market, 1915ba03, af165e72,22:12 2025-10-21
ETHFIUSDT,Trade,111.9,1.035,1.139,5.5E-4,0.06369908,USDT,0.06369908,Long,Market, 1656e051, af165e72,22:12 2025-10-21
ETHFIUSDT,Trade,38.6,1.035,1.139,5.5E-4,0.02197305,USDT,0.02197305,Long,Market, 5d5c03ab, af165e72,22:12 2025-10-21
ETHFIUSDT,Trade,2.4,1.035,1.139,5.5E-4,0.0013662,USDT,0.0013662,Long,Market, c52cb8e8, af165e72,22:12 2025-10-21
ETHFIUSDT,Trade,4.9,1.035,1.139,5.5E-4,0.00278933,USDT,0.00278933,Long,Market, 76c3bd31, af165e72,22:12 2025-10-21
ETHFIUSDT,Trade,474.3,1.035,1.139,5.5E-4,0.26999528,USDT,0.26999528,Long,Market, d8ee9508, af165e72,22:12 2025-10-21
ETHFIUSDT,Trade,23.2,1.035,1.139,5.5E-4,0.0132066,USDT,0.0132066,Long,Market, 111da934, af165e72,22:12 2025-10-21
ETHFIUSDT,Trade,7.3,1.035,1.139,5.5E-4,0.00415553,USDT,0.00415553,Long,Market, 45b52b71, af165e72,22:12 2025-10-21
ETHFIUSDT,Trade,184.0,1.0406,0.9657,5.5E-4,0.10530872,USDT,0.10530872,Short,Market, f73d5cd2, 203d2a00,22:02 2025-10-21
ETHFIUSDT,Trade,5.3,1.0406,0.9657,5.5E-4,0.00303335,USDT,0.00303335,Short,Market, 422c1c4c, 203d2a00,22:02 2025-10-21
ETHFIUSDT,Trade,255.1,1.0406,0.9657,5.5E-4,0.14600139,USDT,0.14600139,Short,Market, bd738075, 203d2a00,22:02 2025-10-21
ETHFIUSDT,Trade,186.8,1.0407,0.9657,5.5E-4,0.10692152,USDT,0.10692152,Short,Market, 5b7b7a48, 203d2a00,22:02 2025-10-21
ETHFIUSDT,Trade,374.6,1.0407,0.9657,5.5E-4,0.21441543,USDT,0.21441543,Short,Market, 67ab5125, 203d2a00,22:02 2025-10-21
ETHFIUSDT,Trade,7.2,1.0407,0.9657,5.5E-4,0.00412118,USDT,0.00412118,Short,Market, 998f973a, 203d2a00,22:02 2025-10-21
ETHFIUSDT,Trade,289.9,1.0407,0.9657,5.5E-4,0.16593442,USDT,0.16593442,Short,Market, 6ed777b5, 203d2a00,22:02 2025-10-21
ETHFIUSDT,Trade,232.1,1.0407,0.9657,5.5E-4,0.13285056,USDT,0.13285056,Short,Market, 8f33290e, 203d2a00,22:02 2025-10-21
ETHFIUSDT,Trade,30.6,1.0431,0.9387,5.5E-4,0.01755538,USDT,0.01755538,Short,Market, f943128a, af2cfdd7,22:00 2025-10-21
ETHFIUSDT,Trade,91.5,1.0431,0.9387,5.5E-4,0.05249401,USDT,0.05249401,Short,Market, 26319f7c, af2cfdd7,22:00 2025-10-21
ETHFIUSDT,Trade,72.9,1.0431,0.9387,5.5E-4,0.0418231,USDT,0.0418231,Short,Market, d2fdbd65, af2cfdd7,22:00 2025-10-21
ETHFIUSDT,Trade,88.4,1.0431,0.9387,5.5E-4,0.05071553,USDT,0.05071553,Short,Market, a28badc9, af2cfdd7,22:00 2025-10-21
ETHFIUSDT,Trade,60.0,1.0431,0.9387,5.5E-4,0.0344223,USDT,0.0344223,Short,Market, 7ea3210f, af2cfdd7,22:00 2025-10-21
ETHFIUSDT,Trade,130.0,1.0431,0.9387,5.5E-4,0.07458165,USDT,0.07458165,Short,Market, 176e0ce2, af2cfdd7,22:00 2025-10-21
ETHFIUSDT,Trade,63.9,1.0432,0.9387,5.5E-4,0.03666327,USDT,0.03666327,Short,Market, 26219c97, af2cfdd7,22:00 2025-10-21
ETHFIUSDT,Trade,169.4,1.0432,0.9387,5.5E-4,0.09719495,USDT,0.09719495,Short,Market, 3b5b0ac4, af2cfdd7,22:00 2025-10-21
ETHFIUSDT,Trade,192.9,1.0432,0.9387,5.5E-4,0.11067831,USDT,0.11067831,Short,Market, ae557f73, af2cfdd7,22:00 2025-10-21
ETHFIUSDT,Trade,7.2,1.0432,0.9387,5.5E-4,0.00413108,USDT,0.00413108,Short,Market, 3c0fe2b1, af2cfdd7,22:00 2025-10-21
ETHFIUSDT,Trade,130.0,1.0432,0.9387,5.5E-4,0.0745888,USDT,0.0745888,Short,Market, 28b42ae5, af2cfdd7,22:00 2025-10-21
ETHFIUSDT,Trade,35.4,1.0432,0.9387,5.5E-4,0.02031111,USDT,0.02031111,Short,Market, 943af32e, af2cfdd7,22:00 2025-10-21
ETHFIUSDT,Trade,35.3,1.0432,0.9387,5.5E-4,0.02025373,USDT,0.02025373,Short,Market, 4227b3fa, af2cfdd7,22:00 2025-10-21
ETHFIUSDT,Trade,35.4,1.0432,0.9387,5.5E-4,0.02031111,USDT,0.02031111,Short,Market, b8904b7e, af2cfdd7,22:00 2025-10-21
ETHFIUSDT,Trade,72.9,1.0432,0.9387,5.5E-4,0.04182711,USDT,0.04182711,Short,Market, d750adea, af2cfdd7,22:00 2025-10-21
ETHFIUSDT,Trade,129.0,1.0433,0.9387,5.5E-4,0.07402214,USDT,0.07402214,Short,Market, f8c2802a, af2cfdd7,22:00 2025-10-21
ETHFIUSDT,Trade,33.0,1.0433,0.9387,5.5E-4,0.0189359,USDT,0.0189359,Short,Market, 1e998dca, af2cfdd7,22:00 2025-10-21
ETHFIUSDT,Trade,88.1,1.0433,0.9387,5.5E-4,0.05055311,USDT,0.05055311,Short,Market, 5a215c3b, af2cfdd7,22:00 2025-10-21
ETHFIUSDT,Trade,68.1,1.0433,0.9387,5.5E-4,0.03907681,USDT,0.03907681,Short,Market, f95552cc, af2cfdd7,22:00 2025-10-21
ETHFIUSDT,Trade,347.7,1.0428,1.1347,5.5E-4,0.19941986,USDT,0.19941986,Long,Market, 715ed9d0, 021219d9,21:50 2025-10-21
ETHFIUSDT,Trade,7.2,1.0428,1.1347,5.5E-4,0.00412949,USDT,0.00412949,Long,Market, 05eb27cb, 021219d9,21:50 2025-10-21
ETHFIUSDT,Trade,231.2,1.0427,1.1347,5.5E-4,0.13258974,USDT,0.13258974,Long,Market, a77fbd00, 021219d9,21:50 2025-10-21
ETHFIUSDT,Trade,390.2,1.0427,1.1347,5.5E-4,0.22377385,USDT,0.22377385,Long,Market, 4e6909d5, 021219d9,21:50 2025-10-21
ETHFIUSDT,Trade,7.2,1.0427,1.1347,5.5E-4,0.0041291,USDT,0.0041291,Long,Market, 385c02b7, 021219d9,21:50 2025-10-21
ETHFIUSDT,Trade,390.1,1.0426,1.1347,5.5E-4,0.22369505,USDT,0.22369505,Long,Market, a62fb181, 021219d9,21:50 2025-10-21
ETHFIUSDT,Trade,7.2,1.0426,1.1347,5.5E-4,0.0041287,USDT,0.0041287,Long,Market, d95e3f34, 021219d9,21:50 2025-10-21
ETHFIUSDT,Trade,59.8,1.0426,1.1347,5.5E-4,0.03429112,USDT,0.03429112,Long,Market, 749b1b09, 021219d9,21:50 2025-10-21
ETHFIUSDT,Trade,5.3,1.0426,1.1347,5.5E-4,0.00303918,USDT,0.00303918,Long,Market, 0eefa635, 021219d9,21:50 2025-10-21
ETHFIUSDT,Trade,51.2,1.0425,1.1347,5.5E-4,0.0293568,USDT,0.0293568,Long,Market, cc54e71c, 021219d9,21:50 2025-10-21
ETHFIUSDT,Trade,36.9,1.0425,1.1347,5.5E-4,0.02115754,USDT,0.02115754,Long,Market, e7c2a4a4, 021219d9,21:50 2025-10-21
ETHFIUSDT,Trade,31.0,1.0385,1.1423,5.5E-4,0.01770643,USDT,0.01770643,Long,Market, eb920231, 6fa50d84,21:42 2025-10-21
ETHFIUSDT,Trade,96.3,1.0385,1.1423,5.5E-4,0.05500416,USDT,0.05500416,Long,Market, a58d55a6, 6fa50d84,21:42 2025-10-21
ETHFIUSDT,Trade,7.3,1.0385,1.1423,5.5E-4,0.00416958,USDT,0.00416958,Long,Market, 607afb95, 6fa50d84,21:42 2025-10-21
ETHFIUSDT,Trade,77.8,1.0384,1.1423,5.5E-4,0.04443314,USDT,0.04443314,Long,Market, e3660ef5, 6fa50d84,21:42 2025-10-21
ETHFIUSDT,Trade,7.3,1.0384,1.1423,5.5E-4,0.00416918,USDT,0.00416918,Long,Market, 21d03eae, 6fa50d84,21:42 2025-10-21
ETHFIUSDT,Trade,7.3,1.0383,1.1423,5.5E-4,0.00416878,USDT,0.00416878,Long,Market, 0a7a66ab, 6fa50d84,21:42 2025-10-21
ETHFIUSDT,Trade,59.7,1.0383,1.1423,5.5E-4,0.03409259,USDT,0.03409259,Long,Market, 3c61ef38, 6fa50d84,21:42 2025-10-21
ETHFIUSDT,Trade,7.3,1.0382,1.1423,5.5E-4,0.00416838,USDT,0.00416838,Long,Market, f3c2c835, 6fa50d84,21:42 2025-10-21
ETHFIUSDT,Trade,7.3,1.0381,1.1423,5.5E-4,0.00416798,USDT,0.00416798,Long,Market, 6b52d222, 6fa50d84,21:42 2025-10-21
ETHFIUSDT,Trade,35.3,1.038,1.1423,5.5E-4,0.02015277,USDT,0.02015277,Long,Market, d251d819, 6fa50d84,21:42 2025-10-21
ETHFIUSDT,Trade,116.9,1.0514,1.1568,5.5E-4,0.06759977,USDT,0.06759977,Long,Market, c98f7583, 5a0d0ff0,20:39 2025-10-21
ETHFIUSDT,Trade,446.2,1.0514,1.1568,5.5E-4,0.25802408,USDT,0.25802408,Long,Market, 064489a3, 5a0d0ff0,20:39 2025-10-21
ETHFIUSDT,Trade,183.9,1.0514,1.1568,5.5E-4,0.10634386,USDT,0.10634386,Long,Market, 77b7694a, 5a0d0ff0,20:39 2025-10-21
ETHFIUSDT,Trade,46.1,1.0514,1.1568,5.5E-4,0.02665825,USDT,0.02665825,Long,Market, b2bfe015, 5a0d0ff0,20:39 2025-10-21
ETHFIUSDT,Trade,121.5,1.0513,1.1568,5.5E-4,0.07025313,USDT,0.07025313,Long,Market, 23ae0b89, 5a0d0ff0,20:39 2025-10-21
ETHFIUSDT,Trade,46.2,1.0513,1.1568,5.5E-4,0.02671354,USDT,0.02671354,Long,Market, 8501462f, 5a0d0ff0,20:39 2025-10-21
ETHFIUSDT,Trade,48.7,1.0513,1.1568,5.5E-4,0.02815908,USDT,0.02815908,Long,Market, 69b50ecf, 5a0d0ff0,20:39 2025-10-21
PAXGUSDT,Trade,0.036,4131.58,4211.49,5.5E-4,0.08180529,USDT,0.08180529,Long,Market, 313a2117, e296941e,20:34 2025-10-21
PAXGUSDT,Trade,0.001,4131.57,4211.49,5.5E-4,0.00227237,USDT,0.00227237,Long,Market, b31461f4, e296941e,20:34 2025-10-21
PAXGUSDT,Trade,0.005,4131.52,4211.49,5.5E-4,0.01136168,USDT,0.01136168,Long,Market, 63293375, e296941e,20:34 2025-10-21
PAXGUSDT,Trade,0.001,4131.41,4211.49,5.5E-4,0.00227228,USDT,0.00227228,Long,Market, 92159b70, e296941e,20:34 2025-10-21
PAXGUSDT,Trade,0.259,4131.24,4211.49,5.5E-4,0.58849514,USDT,0.58849514,Long,Market, c51df1d1, e296941e,20:34 2025-10-21
PAXGUSDT,Trade,0.045,4131.24,4211.49,5.5E-4,0.10224819,USDT,0.10224819,Long,Market, 5265aefd, e296941e,20:34 2025-10-21
ETHFIUSDT,Trade,179.2,1.0528,1.1578,5.5E-4,0.10376397,USDT,0.10376397,Long,Market, aeef6236, e8161915,20:19 2025-10-21
ETHFIUSDT,Trade,162.7,1.0528,1.1578,5.5E-4,0.09420981,USDT,0.09420981,Long,Market, ddd4642d, e8161915,20:19 2025-10-21
ETHFIUSDT,Trade,411.4,1.0528,1.1578,5.5E-4,0.23821706,USDT,0.23821706,Long,Market, 06276f31, e8161915,20:19 2025-10-21
ETHFIUSDT,Trade,217.1,1.0528,1.1578,5.5E-4,0.12570959,USDT,0.12570959,Long,Market, e99a624c, e8161915,20:19 2025-10-21
ETHFIUSDT,Trade,7.2,1.0528,1.1578,5.5E-4,0.00416909,USDT,0.00416909,Long,Market, 99e5a688, e8161915,20:19 2025-10-21
ETHFIUSDT,Trade,115.2,1.0528,1.1578,5.5E-4,0.06670541,USDT,0.06670541,Long,Market, 7bd0c235, e8161915,20:19 2025-10-21
ETHFIUSDT,Trade,7.2,1.0527,1.1578,5.5E-4,0.0041687,USDT,0.0041687,Long,Market, e14c6b1b, e8161915,20:19 2025-10-21
ETHFIUSDT,Trade,115.2,1.0527,1.1578,5.5E-4,0.06669908,USDT,0.06669908,Long,Market, 77a26d53, e8161915,20:19 2025-10-21
ETHFIUSDT,Trade,69.1,1.0526,1.1578,5.5E-4,0.04000407,USDT,0.04000407,Long,Market, d6bd5f91, e8161915,20:19 2025-10-21
ETHFIUSDT,Trade,61.8,1.0526,1.1578,5.5E-4,0.03577788,USDT,0.03577788,Long,Market, bfe00395, e8161915,20:19 2025-10-21
ETHFIUSDT,Trade,83.2,1.062,1.1677,5.5E-4,0.04859712,USDT,0.04859712,Long,Market, 8acec7c2, 32c238f2,20:15 2025-10-21
ETHFIUSDT,Trade,408.0,1.062,1.1677,5.5E-4,0.2383128,USDT,0.2383128,Long,Market, 8af016c4, 32c238f2,20:15 2025-10-21
ETHFIUSDT,Trade,7.1,1.062,1.1677,5.5E-4,0.00414711,USDT,0.00414711,Long,Market, 09ac115e, 32c238f2,20:15 2025-10-21
ETHFIUSDT,Trade,5.2,1.062,1.1677,5.5E-4,0.00303732,USDT,0.00303732,Long,Market, d3878db0, 32c238f2,20:15 2025-10-21
ETHFIUSDT,Trade,235.3,1.062,1.1677,5.5E-4,0.13743873,USDT,0.13743873,Long,Market, e78a15ff, 32c238f2,20:15 2025-10-21
ETHFIUSDT,Trade,238.6,1.0619,1.1677,5.5E-4,0.13935314,USDT,0.13935314,Long,Market, 2cab80f5, 32c238f2,20:15 2025-10-21
ETHFIUSDT,Trade,227.1,1.0619,1.1677,5.5E-4,0.13263662,USDT,0.13263662,Long,Market, 9695e8d2, 32c238f2,20:15 2025-10-21
ETHFIUSDT,Trade,209.7,1.0619,1.1677,5.5E-4,0.12247424,USDT,0.12247424,Long,Market, a79fe4af, 32c238f2,20:15 2025-10-21
ETHFIUSDT,Trade,487.5,1.0619,1.1677,5.5E-4,0.28472194,USDT,0.28472194,Long,Market, 70092e53, 32c238f2,20:15 2025-10-21
ETHFIUSDT,Trade,301.7,1.0619,1.1677,5.5E-4,0.17620638,USDT,0.17620638,Long,Market, 64d36cab, 32c238f2,20:15 2025-10-21
ETHFIUSDT,Trade,155.3,1.0619,1.1677,5.5E-4,0.09070219,USDT,0.09070219,Long,Market, 5c549c03, 32c238f2,20:15 2025-10-21
ETHFIUSDT,Trade,7.1,1.0619,1.1677,5.5E-4,0.00414672,USDT,0.00414672,Long,Market, 0b9f4513, 32c238f2,20:15 2025-10-21
ETHFIUSDT,Trade,294.7,1.0618,1.1677,5.5E-4,0.17210186,USDT,0.17210186,Long,Market, 26c97563, 32c238f2,20:15 2025-10-21
ETHFIUSDT,Trade,7.1,1.0618,1.1677,5.5E-4,0.00414633,USDT,0.00414633,Long,Market, b73d5236, 32c238f2,20:15 2025-10-21
ETHFIUSDT,Trade,5.2,1.0618,1.1677,5.5E-4,0.00303675,USDT,0.00303675,Long,Market, b76a0680, 32c238f2,20:15 2025-10-21
ETHFIUSDT,Trade,7.1,1.0617,1.1677,5.5E-4,0.00414594,USDT,0.00414594,Long,Market, 29b93da3, 32c238f2,20:15 2025-10-21
ETHFIUSDT,Trade,7.1,1.0617,1.1677,5.5E-4,0.00414594,USDT,0.00414594,Long,Market, f6587b1b, 32c238f2,20:15 2025-10-21
ETHFIUSDT,Trade,5.2,1.0616,1.1677,5.5E-4,0.00303618,USDT,0.00303618,Long,Market, 62fdb16d, 32c238f2,20:15 2025-10-21
ETHFIUSDT,Trade,202.5,1.0628,0.9858,5.5E-4,0.11836935,USDT,0.11836935,Short,Market, 45f5f039, b665da65,20:07 2025-10-21
ETHFIUSDT,Trade,207.3,1.0628,0.9858,5.5E-4,0.12117515,USDT,0.12117515,Short,Market, b3f9b7f2, b665da65,20:07 2025-10-21
ETHFIUSDT,Trade,249.1,1.0628,0.9858,5.5E-4,0.14560892,USDT,0.14560892,Short,Market, b6a163b3, b665da65,20:07 2025-10-21
ETHFIUSDT,Trade,498.5,1.0628,0.9858,5.5E-4,0.29139319,USDT,0.29139319,Short,Market, 582532df, b665da65,20:07 2025-10-21
ETHFIUSDT,Trade,235.0,1.0628,0.9858,5.5E-4,0.1373669,USDT,0.1373669,Short,Market, e6c5fcc3, b665da65,20:07 2025-10-21
ETHFIUSDT,Trade,7.1,1.0628,0.9858,5.5E-4,0.00415024,USDT,0.00415024,Short,Market, 57505a03, b665da65,20:07 2025-10-21
ETHFIUSDT,Trade,235.0,1.0629,0.9858,5.5E-4,0.13737983,USDT,0.13737983,Short,Market, 22663eba, b665da65,20:07 2025-10-21
ETHFIUSDT,Trade,207.2,1.0629,0.9858,5.5E-4,0.12112809,USDT,0.12112809,Short,Market, 38201766, b665da65,20:07 2025-10-21
ETHFIUSDT,Trade,249.2,1.0629,0.9858,5.5E-4,0.14568108,USDT,0.14568108,Short,Market, 6651ea50, b665da65,20:07 2025-10-21
ETHFIUSDT,Trade,188.2,1.0629,0.9858,5.5E-4,0.11002078,USDT,0.11002078,Short,Market, 4c0363a3, b665da65,20:07 2025-10-21
ETHFIUSDT,Trade,498.7,1.0629,0.9858,5.5E-4,0.29153753,USDT,0.29153753,Short,Market, 1d14dd48, b665da65,20:07 2025-10-21
ETHFIUSDT,Trade,240.1,1.0629,0.9858,5.5E-4,0.14036126,USDT,0.14036126,Short,Market, 4c9b0f37, b665da65,20:07 2025-10-21
ETHFIUSDT,Trade,308.4,1.0629,0.9858,5.5E-4,0.1802891,USDT,0.1802891,Short,Market, 343742c0, b665da65,20:07 2025-10-21
ETHFIUSDT,Trade,28.9,1.0629,0.9858,5.5E-4,0.0168948,USDT,0.0168948,Short,Market, a8f8310e, b665da65,20:07 2025-10-21
ETHFIUSDT,Trade,7.1,1.0629,0.9858,5.5E-4,0.00415063,USDT,0.00415063,Short,Market, c2470e79, b665da65,20:07 2025-10-21
ETHFIUSDT,Trade,46.7,1.063,0.9858,5.5E-4,0.02730316,USDT,0.02730316,Short,Market, 3fb54d14, b665da65,20:07 2025-10-21
PAXGUSDT,Funding,0.347,4113.29,0,-5.77E-6,-0.00823559,USDT,-0.00823559,Short,--, 2e116d0f, 87af71bc,20:00 2025-10-21
ETHFIUSDT,Funding,1975.4,1.0695,0,-5.0E-5,-0.10563452,USDT,-0.10563452,Short,--, bc11373a, c379a081,20:00 2025-10-21
ETHFIUSDT,Trade,142.0,1.0724,0.9948,5.5E-4,0.08375444,USDT,0.08375444,Short,Market, c795987c, e10fb278,19:55 2025-10-21
ETHFIUSDT,Trade,7.0,1.0724,0.9948,5.5E-4,0.00412874,USDT,0.00412874,Short,Market, 0043ad62, e10fb278,19:55 2025-10-21
ETHFIUSDT,Trade,217.9,1.0724,0.9948,5.5E-4,0.12852178,USDT,0.12852178,Short,Market, 913edfea, e10fb278,19:55 2025-10-21
ETHFIUSDT,Trade,528.6,1.0724,0.9948,5.5E-4,0.31177886,USDT,0.31177886,Short,Market, 11ba7a22, e10fb278,19:55 2025-10-21
ETHFIUSDT,Trade,309.6,1.0724,0.9948,5.5E-4,0.18260828,USDT,0.18260828,Short,Market, 6fb55e24, e10fb278,19:55 2025-10-21
ETHFIUSDT,Trade,37.3,1.0724,0.9948,5.5E-4,0.02200029,USDT,0.02200029,Short,Market, 1472502f, e10fb278,19:55 2025-10-21
ETHFIUSDT,Trade,47.5,1.0724,0.9948,5.5E-4,0.02801645,USDT,0.02801645,Short,Market, 93d02de2, e10fb278,19:55 2025-10-21
ETHFIUSDT,Trade,46.5,1.0724,0.9948,5.5E-4,0.02742663,USDT,0.02742663,Short,Market, 509cf286, e10fb278,19:55 2025-10-21
ETHFIUSDT,Trade,46.2,1.0724,0.9948,5.5E-4,0.02724969,USDT,0.02724969,Short,Market, bcdef5a4, e10fb278,19:55 2025-10-21
ETHFIUSDT,Trade,5.2,1.0724,0.9948,5.5E-4,0.00306707,USDT,0.00306707,Short,Market, be8a13cb, e10fb278,19:55 2025-10-21
ETHFIUSDT,Trade,46.7,1.0725,0.9948,5.5E-4,0.02754717,USDT,0.02754717,Short,Market, 12bc6da7, e10fb278,19:55 2025-10-21
ETHFIUSDT,Trade,46.1,1.0725,0.9948,5.5E-4,0.02719324,USDT,0.02719324,Short,Market, f4740971, e10fb278,19:55 2025-10-21
ETHFIUSDT,Trade,46.2,1.0725,0.9948,5.5E-4,0.02725223,USDT,0.02725223,Short,Market, abf0426b, e10fb278,19:55 2025-10-21
ETHFIUSDT,Trade,309.6,1.0725,0.9948,5.5E-4,0.1826253,USDT,0.1826253,Short,Market, 191ef103, e10fb278,19:55 2025-10-21
ETHFIUSDT,Trade,46.1,1.0726,0.9948,5.5E-4,0.02719578,USDT,0.02719578,Short,Market, ba1ac304, e10fb278,19:55 2025-10-21
ETHFIUSDT,Trade,46.2,1.0726,0.9948,5.5E-4,0.02725477,USDT,0.02725477,Short,Market, 4e528744, e10fb278,19:55 2025-10-21
ETHFIUSDT,Trade,46.7,1.0726,0.9948,5.5E-4,0.02754974,USDT,0.02754974,Short,Market, a56f7482, e10fb278,19:55 2025-10-21
XRPUSDT,Trade,667.4,2.4953,2.62,5.5E-4,0.91594978,USDT,0.91594978,Long,Market, 07f7ea1e, 7f6e1f36,19:50 2025-10-21
ETHFIUSDT,Trade,167.1,1.0731,1.1811,5.5E-4,0.09862326,USDT,0.09862326,Long,Market, d7c8aeed, fd799f19,19:46 2025-10-21
ETHFIUSDT,Trade,254.2,1.0731,1.1811,5.5E-4,0.15003012,USDT,0.15003012,Long,Market, 262bec8b, fd799f19,19:46 2025-10-21
ETHFIUSDT,Trade,7.0,1.0731,1.1811,5.5E-4,0.00413144,USDT,0.00413144,Long,Market, 92cc5d93, fd799f19,19:46 2025-10-21
ETHFIUSDT,Trade,340.2,1.0731,1.1811,5.5E-4,0.20078775,USDT,0.20078775,Long,Market, ca8b0026, fd799f19,19:46 2025-10-21
ETHFIUSDT,Trade,177.3,1.0731,1.1811,5.5E-4,0.10464335,USDT,0.10464335,Long,Market, 9a6e910c, fd799f19,19:46 2025-10-21
ETHFIUSDT,Trade,232.8,1.073,1.1811,5.5E-4,0.13738692,USDT,0.13738692,Long,Market, 73684da4, fd799f19,19:46 2025-10-21
ETHFIUSDT,Trade,241.5,1.073,1.1811,5.5E-4,0.14252123,USDT,0.14252123,Long,Market, 0d429d6b, fd799f19,19:46 2025-10-21
ETHFIUSDT,Trade,254.0,1.073,1.1811,5.5E-4,0.1498981,USDT,0.1498981,Long,Market, 7a840786, fd799f19,19:46 2025-10-21
ETHFIUSDT,Trade,316.0,1.073,1.1811,5.5E-4,0.1864874,USDT,0.1864874,Long,Market, 1d92a872, fd799f19,19:46 2025-10-21
ETHFIUSDT,Trade,509.5,1.073,1.1811,5.5E-4,0.30068143,USDT,0.30068143,Long,Market, 6094b090, fd799f19,19:46 2025-10-21
ETHFIUSDT,Trade,7.0,1.073,1.1811,5.5E-4,0.00413105,USDT,0.00413105,Long,Market, cd86a042, fd799f19,19:46 2025-10-21
ETHFIUSDT,Trade,271.7,1.073,1.1811,5.5E-4,0.16034376,USDT,0.16034376,Long,Market, bf2151f4, fd799f19,19:46 2025-10-21
ETHFIUSDT,Trade,376.4,1.073,1.1811,5.5E-4,0.22213246,USDT,0.22213246,Long,Market, 4351778f, fd799f19,19:46 2025-10-21
ETHFIUSDT,Trade,46.1,1.073,1.1811,5.5E-4,0.02720592,USDT,0.02720592,Long,Market, 59ec69a2, fd799f19,19:46 2025-10-21
ETHFIUSDT,Trade,46.2,1.0729,1.1811,5.5E-4,0.02726239,USDT,0.02726239,Long,Market, 881bb44f, fd799f19,19:46 2025-10-21
ETHFIUSDT,Trade,48.7,1.0729,1.1811,5.5E-4,0.02873763,USDT,0.02873763,Long,Market, 6edc9301, fd799f19,19:46 2025-10-21
ETHFIUSDT,Trade,46.1,1.0729,1.1811,5.5E-4,0.02720338,USDT,0.02720338,Long,Market, 0870ebd4, fd799f19,19:46 2025-10-21
ETHFIUSDT,Trade,449.7,1.0739,0.9963,5.5E-4,0.26561306,USDT,0.26561306,Short,Market, 9cd5ec7f, 164b679b,19:27 2025-10-21
ETHFIUSDT,Trade,268.3,1.0739,0.9963,5.5E-4,0.15847006,USDT,0.15847006,Short,Market, 2f9a3ecd, 164b679b,19:27 2025-10-21
ETHFIUSDT,Trade,7.0,1.0739,0.9963,5.5E-4,0.00413452,USDT,0.00413452,Short,Market, 2c912c7c, 164b679b,19:27 2025-10-21
ETHFIUSDT,Trade,537.0,1.0739,0.9963,5.5E-4,0.31717637,USDT,0.31717637,Short,Market, 945fbcda, 164b679b,19:27 2025-10-21
ETHFIUSDT,Trade,218.1,1.0739,0.9963,5.5E-4,0.12881968,USDT,0.12881968,Short,Market, 7eb9f2ab, 164b679b,19:27 2025-10-21
ETHFIUSDT,Trade,46.1,1.0739,0.9963,5.5E-4,0.02722874,USDT,0.02722874,Short,Market, 3dee9d69, 164b679b,19:27 2025-10-21
ETHFIUSDT,Trade,46.2,1.0739,0.9963,5.5E-4,0.0272878,USDT,0.0272878,Short,Market, 1b45ef11, 164b679b,19:27 2025-10-21
ETHFIUSDT,Trade,1.8,1.074,0.9963,5.5E-4,0.00106326,USDT,0.00106326,Short,Market, 71b05172, 164b679b,19:27 2025-10-21
ETHFIUSDT,Trade,306.4,1.074,0.9963,5.5E-4,0.18099048,USDT,0.18099048,Short,Market, 95f1a317, 164b679b,19:27 2025-10-21
ETHFIUSDT,Trade,46.1,1.074,0.9963,5.5E-4,0.02723127,USDT,0.02723127,Short,Market, 70086ea1, 164b679b,19:27 2025-10-21
ETHFIUSDT,Trade,46.2,1.074,0.9963,5.5E-4,0.02729034,USDT,0.02729034,Short,Market, 16aa9584, 164b679b,19:27 2025-10-21
PAXGUSDT,Trade,0.089,4106.89,4024.44,5.5E-4,0.20103227,USDT,0.20103227,Short,Market, 17b53d9f, 09e70cf4,19:25 2025-10-21
PAXGUSDT,Trade,0.002,4106.89,4024.44,5.5E-4,0.00451758,USDT,0.00451758,Short,Market, f2e1cfce, 09e70cf4,19:25 2025-10-21
PAXGUSDT,Trade,0.218,4106.89,4024.44,5.5E-4,0.49241612,USDT,0.49241612,Short,Market, 61ae2e3b, 09e70cf4,19:25 2025-10-21
PAXGUSDT,Trade,0.019,4106.89,4024.44,5.5E-4,0.04291701,USDT,0.04291701,Short,Market, a20b4933, 09e70cf4,19:25 2025-10-21
PAXGUSDT,Trade,0.019,4106.89,4024.44,5.5E-4,0.04291701,USDT,0.04291701,Short,Market, 230e9e90, 09e70cf4,19:25 2025-10-21
XRPUSDT,Trade,659.4,2.4969,2.3722,5.5E-4,0.90555073,USDT,0.90555073,Short,Market, a3690bf2, 150ff145,19:21 2025-10-21
XRPUSDT,Trade,8.0,2.4969,2.3722,5.5E-4,0.01098636,USDT,0.01098636,Short,Market, 4f53b0f4, 150ff145,19:21 2025-10-21
ETHFIUSDT,Trade,89.7,1.0812,1.0031,5.5E-4,0.05334101,USDT,0.05334101,Short,Market, dd1c77fe, 3c445c93,19:17 2025-10-21
ETHFIUSDT,Trade,283.9,1.0812,1.0031,5.5E-4,0.16882398,USDT,0.16882398,Short,Market, b1383b7e, 3c445c93,19:17 2025-10-21
ETHFIUSDT,Trade,567.6,1.0812,1.0031,5.5E-4,0.33752902,USDT,0.33752902,Short,Market, 9769d931, 3c445c93,19:17 2025-10-21
ETHFIUSDT,Trade,231.0,1.0812,1.0031,5.5E-4,0.13736646,USDT,0.13736646,Short,Market, 81acc6c5, 3c445c93,19:17 2025-10-21
ETHFIUSDT,Trade,7.0,1.0812,1.0031,5.5E-4,0.00416262,USDT,0.00416262,Short,Market, 8ab0b835, 3c445c93,19:17 2025-10-21
ETHFIUSDT,Trade,5.1,1.0812,1.0031,5.5E-4,0.00303277,USDT,0.00303277,Short,Market, 56792ac9, 3c445c93,19:17 2025-10-21
ETHFIUSDT,Trade,92.3,1.0813,1.0031,5.5E-4,0.0548922,USDT,0.0548922,Short,Market, c74d6458, 3c445c93,19:17 2025-10-21
ETHFIUSDT,Trade,92.3,1.0813,1.0031,5.5E-4,0.0548922,USDT,0.0548922,Short,Market, 9d6c88c1, 3c445c93,19:17 2025-10-21
ETHFIUSDT,Trade,382.6,1.0818,1.1898,5.5E-4,0.22764318,USDT,0.22764318,Long,Market, c3d9a58c, fcf2d611,19:09 2025-10-21
ETHFIUSDT,Trade,280.4,1.0818,1.1898,5.5E-4,0.1668352,USDT,0.1668352,Long,Market, 4086545f, fcf2d611,19:09 2025-10-21
ETHFIUSDT,Trade,230.9,1.0818,1.1898,5.5E-4,0.1373832,USDT,0.1373832,Long,Market, 6112fd2b, fcf2d611,19:09 2025-10-21
ETHFIUSDT,Trade,62.6,1.0818,1.1898,5.5E-4,0.03724638,USDT,0.03724638,Long,Market, 52364773, fcf2d611,19:09 2025-10-21
ETHFIUSDT,Trade,7.0,1.0818,1.1898,5.5E-4,0.00416493,USDT,0.00416493,Long,Market, e263cdde, fcf2d611,19:09 2025-10-21
ETHFIUSDT,Trade,203.0,1.0818,1.1898,5.5E-4,0.12078297,USDT,0.12078297,Long,Market, 4f51673e, fcf2d611,19:09 2025-10-21
ETHFIUSDT,Trade,40.6,1.0818,1.1898,5.5E-4,0.0241566,USDT,0.0241566,Long,Market, 80a09db5, fcf2d611,19:09 2025-10-21
ETHFIUSDT,Trade,69.1,1.0818,1.1898,5.5E-4,0.04111381,USDT,0.04111381,Long,Market, ff6b247f, fcf2d611,19:09 2025-10-21
ETHFIUSDT,Trade,71.8,1.0817,1.1898,5.5E-4,0.04271634,USDT,0.04271634,Long,Market, 3f17e7a7, fcf2d611,19:09 2025-10-21
ETHFIUSDT,Trade,53.6,1.0981,1.0184,5.5E-4,0.03237199,USDT,0.03237199,Short,Market, 7bde13e1, 321506c1,17:47 2025-10-21
ETHFIUSDT,Trade,200.3,1.0981,1.0184,5.5E-4,0.12097219,USDT,0.12097219,Short,Market, 7d3fdb83, 321506c1,17:47 2025-10-21
ETHFIUSDT,Trade,400.8,1.0981,1.0184,5.5E-4,0.24206517,USDT,0.24206517,Short,Market, f507269c, 321506c1,17:47 2025-10-21
ETHFIUSDT,Trade,200.3,1.0982,1.0184,5.5E-4,0.12098321,USDT,0.12098321,Short,Market, 514bc570, 321506c1,17:47 2025-10-21
ETHFIUSDT,Trade,400.8,1.0982,1.0184,5.5E-4,0.24208721,USDT,0.24208721,Short,Market, a3c6be13, 321506c1,17:47 2025-10-21
ETHFIUSDT,Trade,46.1,1.0982,1.0184,5.5E-4,0.02784487,USDT,0.02784487,Short,Market, d4f852ce, 321506c1,17:47 2025-10-21
ETHFIUSDT,Trade,46.1,1.0983,1.0184,5.5E-4,0.0278474,USDT,0.0278474,Short,Market, fa9205d6, 321506c1,17:47 2025-10-21
BTCUSDT,Trade,0.004,108522.2,109611.2,5.5E-4,0.23874884,USDT,0.23874884,Long,Market, 7a4cdc0a, 5923a74b,12:00 2025-10-21
BTCUSDT,Funding,0.004,108026.99,0,-1.871E-5,-0.00808474,USDT,-0.00808474,Short,--, b9587ebc, d078518b,08:00 2025-10-21
BTCUSDT,Trade,0.004,107582.1,108658.8,5.5E-4,0.23668062,USDT,0.23668062,Long,Market, 956d962d, b9116cd4,05:05 2025-10-21
BTCUSDT,Trade,0.007,109191.7,110317.1,5.5E-4,0.42038805,USDT,0.42038805,Long,Market, b4908cae, a16eefb3,03:51 2025-10-21
BTCUSDT,Funding,0.015,110490,0,-7.228E-5,-0.11979326,USDT,-0.11979326,Short,--, c16d769d, 051c50aa,00:00 2025-10-21
BTCUSDT,Trade,0.015,110588.5,109488.9,5.5E-4,0.91235513,USDT,0.91235513,Short,Market, 6ac9b305, d739f010,23:08 2025-10-20
BTCUSDT,Trade,0.013,109887.6,108788.9,5.5E-4,0.78569634,USDT,0.78569634,Short,Market, a57aacc1, 0a0c0a33,17:41 2025-10-20
BTCUSDT,Funding,0.013,111105.4,0,1.0E-4,0.14443702,USDT,0.14443702,Long,--, e72dbbf4, 84ea5377,16:00 2025-10-20
BTCUSDT,Funding,0.013,111167.71,0,1.0E-4,0.14451803,USDT,0.14451803,Long,--, 128354e0, 4ce55189,08:00 2025-10-20
BTCUSDT,Trade,0.012,111222.9,110110.8,5.5E-4,0.73407114,USDT,0.73407114,Short,Market, a512c88f, b7bb8e97,07:26 2025-10-20
BTCUSDT,Funding,0.025,108597.3,0,5.677E-5,0.15412672,USDT,0.15412672,Long,--, 833bf812, 9de23834,00:00 2025-10-20
BTCUSDT,Funding,0.025,108448.1,0,1.0E-4,0.27112025,USDT,0.27112025,Long,--, ae88faf7, 195f7220,16:00 2025-10-19
BTCUSDT,Funding,0.025,106737.6,0,3.762E-5,0.10038672,USDT,0.10038672,Long,--, 7299baab, 6a38b8da,08:00 2025-10-19
BTCUSDT,Funding,0.025,107128.68,0,3.953E-5,0.10586992,USDT,0.10586992,Long,--, 778e4764, d73c85ba,00:00 2025-10-19
BTCUSDT,Funding,0.025,106899.3,0,5.928E-5,0.15842477,USDT,0.15842477,Long,--, fc898cf7, d90a95fa,16:00 2025-10-18
BTCUSDT,Funding,0.025,106659.36,0,-1.289E-5,-0.03437098,USDT,-0.03437098,Long,--, 05d81dec, f2329bfc,08:00 2025-10-18
ETHFIUSDT,Trade,3.1,1.0715,0.9779,5.5E-4,0.00182691,USDT,0.00182691,Short,Market, 4dc26565, ca17a812,06:23 2025-10-18
ETHFIUSDT,Trade,7.0,1.0716,0.9779,5.5E-4,0.00412566,USDT,0.00412566,Short,Market, f6ee1907, ca17a812,06:23 2025-10-18
ETHFIUSDT,Trade,212.4,1.0716,0.9779,5.5E-4,0.12518432,USDT,0.12518432,Short,Market, 5e309625, ca17a812,06:23 2025-10-18
ETHFIUSDT,Trade,5.2,1.0716,0.9779,5.5E-4,0.00306478,USDT,0.00306478,Short,Market, 2c0f93cf, ca17a812,06:23 2025-10-18
ETHFIUSDT,Trade,48.6,1.0717,0.9779,5.5E-4,0.02864655,USDT,0.02864655,Short,Market, e386a1b5, ca17a812,06:23 2025-10-18
XRPUSDT,Trade,297.4,2.3408,2.224,5.5E-4,0.38288466,USDT,0.38288466,Short,Market, 82d7f6b3, 3c9fb727,06:23 2025-10-18
XRPUSDT,Trade,2.4,2.3408,2.224,5.5E-4,0.00308986,USDT,0.00308986,Short,Market, 33b351ec, 3c9fb727,06:23 2025-10-18
XRPUSDT,Trade,2.2,2.3408,2.224,5.5E-4,0.00283237,USDT,0.00283237,Short,Market, 6f8a7d68, 3c9fb727,06:23 2025-10-18
XRPUSDT,Trade,2.2,2.3408,2.224,5.5E-4,0.00283237,USDT,0.00283237,Short,Market, d8ce1db0, 3c9fb727,06:23 2025-10-18
XRPUSDT,Trade,2.2,2.3408,2.224,5.5E-4,0.00283237,USDT,0.00283237,Short,Market, 7999c0e1, 3c9fb727,06:23 2025-10-18
XRPUSDT,Trade,129.1,2.3409,2.224,5.5E-4,0.16621561,USDT,0.16621561,Short,Market, cd12fbfc, 3c9fb727,06:23 2025-10-18
ETHFIUSDT,Funding,276.3,1.0936,0,5.0E-5,0.01510809,USDT,0.01510809,Long,--, 2cf27c23, e818f44d,04:00 2025-10-18
ETHFIUSDT,Trade,35.6,1.0939,0.9846,5.5E-4,0.02141857,USDT,0.02141857,Short,Market, 2f2f92e7, 8985f910,03:34 2025-10-18
ETHFIUSDT,Trade,73.6,1.0939,0.9846,5.5E-4,0.04428108,USDT,0.04428108,Short,Market, 1e13df40, 8985f910,03:34 2025-10-18
ETHFIUSDT,Trade,55.5,1.0939,0.9846,5.5E-4,0.0333913,USDT,0.0333913,Short,Market, b0d6bcb2, 8985f910,03:34 2025-10-18
ETHFIUSDT,Trade,72.9,1.0939,0.9846,5.5E-4,0.04385993,USDT,0.04385993,Short,Market, 7805a8bb, 8985f910,03:34 2025-10-18
ETHFIUSDT,Trade,55.1,1.0939,0.9846,5.5E-4,0.03315064,USDT,0.03315064,Short,Market, 025ee9c7, 8985f910,03:34 2025-10-18
ETHFIUSDT,Trade,24.8,1.0939,0.9846,5.5E-4,0.0149208,USDT,0.0149208,Short,Market, a515d8b6, 8985f910,03:34 2025-10-18
ETHFIUSDT,Trade,24.6,1.0939,0.9846,5.5E-4,0.01480047,USDT,0.01480047,Short,Market, 51cef686, 8985f910,03:34 2025-10-18
ETHFIUSDT,Trade,24.8,1.0939,0.9846,5.5E-4,0.0149208,USDT,0.0149208,Short,Market, b2d2d930, 8985f910,03:34 2025-10-18
ETHFIUSDT,Trade,183.3,1.094,0.9846,5.5E-4,0.11029161,USDT,0.11029161,Short,Market, 2027de74, 8985f910,03:34 2025-10-18
ETHFIUSDT,Trade,55.5,1.094,0.9846,5.5E-4,0.03339435,USDT,0.03339435,Short,Market, c5e82afd, 8985f910,03:34 2025-10-18
ETHFIUSDT,Trade,61.5,1.094,0.9846,5.5E-4,0.03700455,USDT,0.03700455,Short,Market, fd50908d, 8985f910,03:34 2025-10-18
ETHFIUSDT,Trade,55.1,1.094,0.9846,5.5E-4,0.03315367,USDT,0.03315367,Short,Market, ee1b72d3, 8985f910,03:34 2025-10-18
ETHFIUSDT,Trade,57.4,1.094,0.9846,5.5E-4,0.03453758,USDT,0.03453758,Short,Market, 874a46c9, 8985f910,03:34 2025-10-18
ETHFIUSDT,Trade,178.8,1.094,0.9846,5.5E-4,0.10758396,USDT,0.10758396,Short,Market, 13fd527a, 8985f910,03:34 2025-10-18
ETHFIUSDT,Trade,72.9,1.094,0.9846,5.5E-4,0.04386393,USDT,0.04386393,Short,Market, 982cb40c, 8985f910,03:34 2025-10-18
ETHFIUSDT,Trade,73.6,1.094,0.9846,5.5E-4,0.04428512,USDT,0.04428512,Short,Market, 1fd0b125, 8985f910,03:34 2025-10-18
ETHFIUSDT,Funding,1381.3,1.0727,0,-5.973E-5,-0.08850317,USDT,-0.08850317,Long,--, 835777de, a43bd102,00:00 2025-10-18
BTCUSDT,Funding,0.025,106369.31,0,-2.473E-5,-0.06576283,USDT,-0.06576283,Long,--, aa5dbe5b, bf1ed74e,00:00 2025-10-18
XRPUSDT,Funding,435.5,2.2926,0,-2.004E-5,-0.02000849,USDT,-0.02000849,Long,--, 8aa36943, c70be81a,00:00 2025-10-18
BTCUSDT,Trade,0.01,107329.3,108404,5.5E-4,0.59031115,USDT,0.59031115,Long,Market, 05b80280, 04f0b282,22:03 2025-10-17
BTCUSDT,Trade,0.001,107329.3,108404,5.5E-4,0.05903112,USDT,0.05903112,Long,Market, 61e799a3, 04f0b282,22:03 2025-10-17
BTCUSDT,Trade,0.014,107329.3,108404,5.5E-4,0.82643561,USDT,0.82643561,Long,Market, c2280362, 04f0b282,22:03 2025-10-17
XRPUSDT,Trade,435.5,2.3334,2.4497,5.5E-4,0.55890764,USDT,0.55890764,Long,Market, b74a13cc, 37b3d2b8,21:58 2025-10-17
ETHFIUSDT,Trade,65.1,1.0866,1.1825,5.5E-4,0.03890572,USDT,0.03890572,Long,Market, be721da1, 3c4fe8b0,21:55 2025-10-17
ETHFIUSDT,Trade,48.5,1.0866,1.1825,5.5E-4,0.02898506,USDT,0.02898506,Long,Market, 717b51c9, 3c4fe8b0,21:55 2025-10-17
ETHFIUSDT,Trade,7.0,1.0866,1.1825,5.5E-4,0.00418341,USDT,0.00418341,Long,Market, e235b1c1, 3c4fe8b0,21:55 2025-10-17
ETHFIUSDT,Trade,5.1,1.0866,1.1825,5.5E-4,0.00304792,USDT,0.00304792,Long,Market, a859df32, 3c4fe8b0,21:55 2025-10-17
ETHFIUSDT,Trade,234.2,1.0865,1.1825,5.5E-4,0.13995207,USDT,0.13995207,Long,Market, 413a8e41, 3c4fe8b0,21:55 2025-10-17
ETHFIUSDT,Trade,25.2,1.0865,1.1825,5.5E-4,0.01505889,USDT,0.01505889,Long,Market, 82da478a, 3c4fe8b0,21:55 2025-10-17
ETHFIUSDT,Trade,120.3,1.0865,1.1825,5.5E-4,0.07188828,USDT,0.07188828,Long,Market, d3f55aea, 3c4fe8b0,21:55 2025-10-17
ETHFIUSDT,Trade,240.0,1.0865,1.1825,5.5E-4,0.143418,USDT,0.143418,Long,Market, be351160, 3c4fe8b0,21:55 2025-10-17
ETHFIUSDT,Trade,61.0,1.0865,1.1825,5.5E-4,0.03645208,USDT,0.03645208,Long,Market, a921e1f0, 3c4fe8b0,21:55 2025-10-17
ETHFIUSDT,Trade,7.0,1.0865,1.1825,5.5E-4,0.00418303,USDT,0.00418303,Long,Market, 85c98fcb, 3c4fe8b0,21:55 2025-10-17
ETHFIUSDT,Trade,120.2,1.0864,1.1825,5.5E-4,0.07182191,USDT,0.07182191,Long,Market, 1fe01e9a, 3c4fe8b0,21:55 2025-10-17
ETHFIUSDT,Trade,147.8,1.0864,1.1825,5.5E-4,0.08831346,USDT,0.08831346,Long,Market, 48952b2f, 3c4fe8b0,21:55 2025-10-17
ETHFIUSDT,Trade,251.4,1.0864,1.1825,5.5E-4,0.15021653,USDT,0.15021653,Long,Market, 2c6508fd, 3c4fe8b0,21:55 2025-10-17
ETHFIUSDT,Trade,7.0,1.0864,1.1825,5.5E-4,0.00418264,USDT,0.00418264,Long,Market, e97f45d9, 3c4fe8b0,21:55 2025-10-17
ETHFIUSDT,Trade,31.3,1.0864,1.1825,5.5E-4,0.01870238,USDT,0.01870238,Long,Market, dc552875, 3c4fe8b0,21:55 2025-10-17
ETHFIUSDT,Trade,5.1,1.0864,1.1825,5.5E-4,0.00304736,USDT,0.00304736,Long,Market, b13bac26, 3c4fe8b0,21:55 2025-10-17
ETHFIUSDT,Trade,5.1,1.0862,1.1825,5.5E-4,0.0030468,USDT,0.0030468,Long,Market, 4dc597a4, 3c4fe8b0,21:55 2025-10-17
BTCUSDT,Trade,0.001,107204.6,108272,5.5E-4,0.05896253,USDT,0.05896253,Long,Market, 36a02741, e2985417,21:52 2025-10-17
BTCUSDT,Trade,0.018,107204.6,108272,5.5E-4,1.06132554,USDT,1.06132554,Long,Market, 0bae255d, e2985417,21:52 2025-10-17
BTCUSDT,Trade,0.019,107324.9,106251.8,5.5E-4,1.12154521,USDT,1.12154521,Short,Market, d81dfc63, d7d43830,21:23 2025-10-17
ETHFIUSDT,Trade,65.0,1.061,1.1668,5.5E-4,0.03793075,USDT,0.03793075,Long,Market, 4a636fe3, 198b421f,14:44 2025-10-17
ETHFIUSDT,Trade,195.6,1.061,1.1668,5.5E-4,0.11414238,USDT,0.11414238,Long,Market, 63ff38df, 198b421f,14:44 2025-10-17
ETHFIUSDT,Trade,131.5,1.061,1.1668,5.5E-4,0.07673683,USDT,0.07673683,Long,Market, 2312083a, 198b421f,14:44 2025-10-17
ETHFIUSDT,Trade,102.8,1.061,1.1668,5.5E-4,0.05998894,USDT,0.05998894,Long,Market, b25eb1fb, 198b421f,14:44 2025-10-17
ETHFIUSDT,Trade,77.4,1.061,1.1668,5.5E-4,0.04516677,USDT,0.04516677,Long,Market, 8e78397d, 198b421f,14:44 2025-10-17
ETHFIUSDT,Trade,7.1,1.061,1.1668,5.5E-4,0.00414321,USDT,0.00414321,Long,Market, dbeff775, 198b421f,14:44 2025-10-17
ETHFIUSDT,Trade,192.1,1.0609,1.1668,5.5E-4,0.11208939,USDT,0.11208939,Long,Market, 4a5fb3d1, 198b421f,14:44 2025-10-17
ETHFIUSDT,Trade,77.3,1.0609,1.1668,5.5E-4,0.04510417,USDT,0.04510417,Long,Market, 65f44240, 198b421f,14:44 2025-10-17
ETHFIUSDT,Trade,154.9,1.0609,1.1668,5.5E-4,0.09038338,USDT,0.09038338,Long,Market, 5decde89, 198b421f,14:44 2025-10-17
ETHFIUSDT,Trade,102.8,1.0609,1.1668,5.5E-4,0.05998329,USDT,0.05998329,Long,Market, 7e8a5bae, 198b421f,14:44 2025-10-17
ETHFIUSDT,Trade,7.1,1.0609,1.1668,5.5E-4,0.00414282,USDT,0.00414282,Long,Market, e3df76b9, 198b421f,14:44 2025-10-17
ETHFIUSDT,Trade,49.8,1.0608,1.1668,5.5E-4,0.02905532,USDT,0.02905532,Long,Market, 1f62d5ac, 198b421f,14:44 2025-10-17
ETHFIUSDT,Trade,205.5,1.0608,1.1668,5.5E-4,0.11989692,USDT,0.11989692,Long,Market, 80f7eab9, 198b421f,14:44 2025-10-17
ETHFIUSDT,Trade,131.3,1.0608,1.1668,5.5E-4,0.07660568,USDT,0.07660568,Long,Market, 1d09e867, 198b421f,14:44 2025-10-17
ETHFIUSDT,Trade,102.6,1.0608,1.1668,5.5E-4,0.05986095,USDT,0.05986095,Long,Market, 2188bd94, 198b421f,14:44 2025-10-17
ETHFIUSDT,Trade,77.2,1.0608,1.1668,5.5E-4,0.04504157,USDT,0.04504157,Long,Market, e74bcb1c, 198b421f,14:44 2025-10-17
ETHFIUSDT,Trade,7.1,1.0608,1.1668,5.5E-4,0.00414243,USDT,0.00414243,Long,Market, 89845727, 198b421f,14:44 2025-10-17
ETHFIUSDT,Trade,154.9,1.0608,1.1668,5.5E-4,0.09037486,USDT,0.09037486,Long,Market, f5bfd14f, 198b421f,14:44 2025-10-17
ETHFIUSDT,Trade,7.1,1.0608,1.1668,5.5E-4,0.00414243,USDT,0.00414243,Long,Market, 2572e922, 198b421f,14:44 2025-10-17
ETHFIUSDT,Trade,131.3,1.0607,1.1668,5.5E-4,0.07659846,USDT,0.07659846,Long,Market, 81ad95fc, 198b421f,14:44 2025-10-17
ETHFIUSDT,Trade,102.6,1.0607,1.1668,5.5E-4,0.05985531,USDT,0.05985531,Long,Market, 460f89db, 198b421f,14:44 2025-10-17
ETHFIUSDT,Trade,7.1,1.0607,1.1668,5.5E-4,0.00414204,USDT,0.00414204,Long,Market, 2fe5fd5a, 198b421f,14:44 2025-10-17
ETHFIUSDT,Trade,77.2,1.0607,1.1668,5.5E-4,0.04503733,USDT,0.04503733,Long,Market, 74cd5e16, 198b421f,14:44 2025-10-17
ETHFIUSDT,Trade,154.9,1.0607,1.1668,5.5E-4,0.09036634,USDT,0.09036634,Long,Market, 2eb32391, 198b421f,14:44 2025-10-17
ETHFIUSDT,Trade,96.9,1.0606,1.1668,5.5E-4,0.05652468,USDT,0.05652468,Long,Market, 61188437, 198b421f,14:44 2025-10-17
ETHFIUSDT,Trade,77.2,1.0606,1.1668,5.5E-4,0.04503308,USDT,0.04503308,Long,Market, c6a321f8, 198b421f,14:44 2025-10-17
ETHFIUSDT,Trade,154.8,1.0606,1.1668,5.5E-4,0.09029949,USDT,0.09029949,Long,Market, a3ad2292, 198b421f,14:44 2025-10-17
ETHFIUSDT,Trade,7.1,1.0606,1.1668,5.5E-4,0.00414165,USDT,0.00414165,Long,Market, a1a5547f, 198b421f,14:44 2025-10-17
ETHFIUSDT,Trade,102.6,1.0606,1.1668,5.5E-4,0.05984966,USDT,0.05984966,Long,Market, cd950c89, 198b421f,14:44 2025-10-17
ETHFIUSDT,Trade,102.6,1.0605,1.1668,5.5E-4,0.05984402,USDT,0.05984402,Long,Market, d6028a32, 198b421f,14:44 2025-10-17
ETHFIUSDT,Trade,7.1,1.0605,1.1668,5.5E-4,0.00414126,USDT,0.00414126,Long,Market, e42b808b, 198b421f,14:44 2025-10-17
ETHFIUSDT,Trade,94.3,1.0604,1.1668,5.5E-4,0.05499765,USDT,0.05499765,Long,Market, 6834871c, 198b421f,14:44 2025-10-17
ETHFIUSDT,Trade,102.6,1.0604,1.1668,5.5E-4,0.05983838,USDT,0.05983838,Long,Market, d754aea3, 198b421f,14:44 2025-10-17
ETHFIUSDT,Trade,7.1,1.0604,1.1668,5.5E-4,0.00414087,USDT,0.00414087,Long,Market, a9403fe5, 198b421f,14:44 2025-10-17
ETHFIUSDT,Trade,93.4,1.0603,1.1668,5.5E-4,0.05446762,USDT,0.05446762,Long,Market, c4583a42, 198b421f,14:44 2025-10-17
ETHFIUSDT,Trade,78.4,1.0603,1.1668,5.5E-4,0.04572014,USDT,0.04572014,Long,Market, 538c3da4, 198b421f,14:44 2025-10-17
ETHFIUSDT,Trade,23.8,1.0606,0.984,5.5E-4,0.01388326,USDT,0.01388326,Short,Market, 1a6cefba, a8837d1e,14:23 2025-10-17
ETHFIUSDT,Trade,80.6,1.0606,0.984,5.5E-4,0.0470164,USDT,0.0470164,Short,Market, 93f2b0aa, a8837d1e,14:23 2025-10-17
ETHFIUSDT,Trade,7.1,1.0606,0.984,5.5E-4,0.00414165,USDT,0.00414165,Short,Market, d8d904d4, a8837d1e,14:23 2025-10-17
ETHFIUSDT,Trade,5.2,1.0606,0.984,5.5E-4,0.00303332,USDT,0.00303332,Short,Market, cb046ea7, a8837d1e,14:23 2025-10-17
ETHFIUSDT,Trade,79.8,1.0607,0.984,5.5E-4,0.04655413,USDT,0.04655413,Short,Market, 243e2b62, a8837d1e,14:23 2025-10-17
ETHFIUSDT,Trade,42.1,1.0607,0.984,5.5E-4,0.02456051,USDT,0.02456051,Short,Market, fb1d2583, a8837d1e,14:23 2025-10-17
ETHFIUSDT,Trade,53.5,1.0607,0.984,5.5E-4,0.0312111,USDT,0.0312111,Short,Market, 9be9bcad, a8837d1e,14:23 2025-10-17
ETHFIUSDT,Trade,107.0,1.0607,0.984,5.5E-4,0.0624222,USDT,0.0624222,Short,Market, 374d29f1, a8837d1e,14:23 2025-10-17
ETHFIUSDT,Trade,162.4,1.0607,0.984,5.5E-4,0.09474173,USDT,0.09474173,Short,Market, a27271fc, a8837d1e,14:23 2025-10-17
ETHFIUSDT,Trade,80.6,1.0607,0.984,5.5E-4,0.04702084,USDT,0.04702084,Short,Market, def4e798, a8837d1e,14:23 2025-10-17
ETHFIUSDT,Trade,7.1,1.0607,0.984,5.5E-4,0.00414204,USDT,0.00414204,Short,Market, a04ea4a9, a8837d1e,14:23 2025-10-17
ETHFIUSDT,Trade,7.1,1.0607,0.984,5.5E-4,0.00414204,USDT,0.00414204,Short,Market, 903e91e4, a8837d1e,14:23 2025-10-17
ETHFIUSDT,Trade,31.7,1.0607,0.984,5.5E-4,0.01849331,USDT,0.01849331,Short,Market, 8fda45ef, a8837d1e,14:23 2025-10-17
ETHFIUSDT,Trade,189.4,1.0608,0.984,5.5E-4,0.11050354,USDT,0.11050354,Short,Market, 8fa20fc8, a8837d1e,14:23 2025-10-17
ETHFIUSDT,Trade,5.2,1.0608,0.984,5.5E-4,0.00303389,USDT,0.00303389,Short,Market, 26c26127, a8837d1e,14:23 2025-10-17
ETHFIUSDT,Trade,55.4,1.0608,0.984,5.5E-4,0.03232258,USDT,0.03232258,Short,Market, 589f64fa, a8837d1e,14:23 2025-10-17
ETHFIUSDT,Trade,65.7,1.0608,0.984,5.5E-4,0.03833201,USDT,0.03833201,Short,Market, 69f6f882, a8837d1e,14:23 2025-10-17
ETHFIUSDT,Trade,80.6,1.0608,0.984,5.5E-4,0.04702527,USDT,0.04702527,Short,Market, adb6483c, a8837d1e,14:23 2025-10-17
ETHFIUSDT,Trade,107.1,1.0608,0.984,5.5E-4,0.06248643,USDT,0.06248643,Short,Market, 4c0ab4d4, a8837d1e,14:23 2025-10-17
ETHFIUSDT,Trade,162.5,1.0608,0.984,5.5E-4,0.094809,USDT,0.094809,Short,Market, 577245fd, a8837d1e,14:23 2025-10-17
ETHFIUSDT,Trade,7.1,1.0608,0.984,5.5E-4,0.00414243,USDT,0.00414243,Short,Market, 23dff79b, a8837d1e,14:23 2025-10-17
ETHFIUSDT,Trade,107.1,1.0609,0.984,5.5E-4,0.06249232,USDT,0.06249232,Short,Market, 090f0d59, a8837d1e,14:23 2025-10-17
ETHFIUSDT,Trade,162.5,1.0609,0.984,5.5E-4,0.09481794,USDT,0.09481794,Short,Market, 55f748ec, a8837d1e,14:23 2025-10-17
ETHFIUSDT,Trade,80.6,1.0609,0.984,5.5E-4,0.0470297,USDT,0.0470297,Short,Market, 531905d0, a8837d1e,14:23 2025-10-17
ETHFIUSDT,Trade,7.1,1.0609,0.984,5.5E-4,0.00414282,USDT,0.00414282,Short,Market, 4be9ee3a, a8837d1e,14:23 2025-10-17
ETHFIUSDT,Trade,8.0,1.0609,0.984,5.5E-4,0.00466796,USDT,0.00466796,Short,Market, 82b4047b, a8837d1e,14:23 2025-10-17
ETHFIUSDT,Trade,6.6,1.0609,0.984,5.5E-4,0.00385107,USDT,0.00385107,Short,Market, 246a3180, a8837d1e,14:23 2025-10-17
ETHFIUSDT,Trade,196.2,1.0609,0.984,5.5E-4,0.11448172,USDT,0.11448172,Short,Market, 20e60cd9, a8837d1e,14:23 2025-10-17
ETHFIUSDT,Trade,107.1,1.061,0.984,5.5E-4,0.06249821,USDT,0.06249821,Short,Market, 3b5ae4ea, a8837d1e,14:23 2025-10-17
ETHFIUSDT,Trade,162.5,1.061,0.984,5.5E-4,0.09482688,USDT,0.09482688,Short,Market, d8d53059, a8837d1e,14:23 2025-10-17
ETHFIUSDT,Trade,7.1,1.061,0.984,5.5E-4,0.00414321,USDT,0.00414321,Short,Market, 29915888, a8837d1e,14:23 2025-10-17
ETHFIUSDT,Trade,68.7,1.061,0.984,5.5E-4,0.04008989,USDT,0.04008989,Short,Market, 935650f8, a8837d1e,14:23 2025-10-17
ETHFIUSDT,Trade,80.6,1.061,0.984,5.5E-4,0.04703413,USDT,0.04703413,Short,Market, 9f880253, a8837d1e,14:23 2025-10-17
ETHFIUSDT,Trade,55.4,1.061,0.984,5.5E-4,0.03232867,USDT,0.03232867,Short,Market, 6e289713, a8837d1e,14:23 2025-10-17
ETHFIUSDT,Trade,107.1,1.0611,0.984,5.5E-4,0.0625041,USDT,0.0625041,Short,Market, 931d32b8, a8837d1e,14:23 2025-10-17
ETHFIUSDT,Trade,162.5,1.0611,0.984,5.5E-4,0.09483582,USDT,0.09483582,Short,Market, b422e044, a8837d1e,14:23 2025-10-17
ETHFIUSDT,Trade,7.1,1.0611,0.984,5.5E-4,0.0041436,USDT,0.0041436,Short,Market, 199ec66e, a8837d1e,14:23 2025-10-17
ETHFIUSDT,Trade,80.6,1.0611,0.984,5.5E-4,0.04703857,USDT,0.04703857,Short,Market, f0a81ab1, a8837d1e,14:23 2025-10-17
ETHFIUSDT,Trade,107.1,1.0612,0.984,5.5E-4,0.06250999,USDT,0.06250999,Short,Market, e68243e5, a8837d1e,14:23 2025-10-17
ETHFIUSDT,Trade,162.5,1.0612,0.984,5.5E-4,0.09484475,USDT,0.09484475,Short,Market, 2ac614f3, a8837d1e,14:23 2025-10-17
ETHFIUSDT,Trade,80.6,1.0612,0.984,5.5E-4,0.047043,USDT,0.047043,Short,Market, 922b7d11, a8837d1e,14:23 2025-10-17
ETHFIUSDT,Trade,7.1,1.0612,0.984,5.5E-4,0.00414399,USDT,0.00414399,Short,Market, b6ff4567, a8837d1e,14:23 2025-10-17
ETHFIUSDT,Trade,72.7,1.0612,0.984,5.5E-4,0.04243209,USDT,0.04243209,Short,Market, e0a34790, a8837d1e,14:23 2025-10-17
ETHFIUSDT,Trade,48.5,1.0613,0.984,5.5E-4,0.02831018,USDT,0.02831018,Short,Market, 586d9a8d, a8837d1e,14:23 2025-10-17
ETHFIUSDT,Trade,98.3,1.0376,1.1409,5.5E-4,0.05609785,USDT,0.05609785,Long,Market, 366727d8, aaa2bfda,10:17 2025-10-17
ETHFIUSDT,Trade,24.2,1.0376,1.1409,5.5E-4,0.01381046,USDT,0.01381046,Long,Market, 9067adf0, aaa2bfda,10:17 2025-10-17
ETHFIUSDT,Trade,123.2,1.0376,1.1409,5.5E-4,0.07030778,USDT,0.07030778,Long,Market, a42ebf1d, aaa2bfda,10:17 2025-10-17
ETHFIUSDT,Trade,77.3,1.0376,1.1409,5.5E-4,0.04411357,USDT,0.04411357,Long,Market, f82dace5, aaa2bfda,10:17 2025-10-17
ETHFIUSDT,Trade,6.8,1.0376,1.1409,5.5E-4,0.00388063,USDT,0.00388063,Long,Market, 7dc5b704, aaa2bfda,10:17 2025-10-17
ETHFIUSDT,Trade,7.3,1.0376,1.1409,5.5E-4,0.00416597,USDT,0.00416597,Long,Market, ffbea5cc, aaa2bfda,10:17 2025-10-17
ETHFIUSDT,Trade,96.1,1.0375,1.1409,5.5E-4,0.05483707,USDT,0.05483707,Long,Market, 507ede2f, aaa2bfda,10:17 2025-10-17
ETHFIUSDT,Trade,96.4,1.0375,1.1409,5.5E-4,0.05500825,USDT,0.05500825,Long,Market, 27e42a5c, aaa2bfda,10:17 2025-10-17
ETHFIUSDT,Trade,46.3,1.0375,1.1409,5.5E-4,0.02641994,USDT,0.02641994,Long,Market, 1c8b9624, aaa2bfda,10:17 2025-10-17
ETHFIUSDT,Trade,38.7,1.0375,1.1409,5.5E-4,0.02208319,USDT,0.02208319,Long,Market, 0e818609, aaa2bfda,10:17 2025-10-17
ETHFIUSDT,Trade,162.8,1.0375,1.1409,5.5E-4,0.09289775,USDT,0.09289775,Long,Market, 39a472bd, aaa2bfda,10:17 2025-10-17
ETHFIUSDT,Trade,74.6,1.0375,1.1409,5.5E-4,0.04256863,USDT,0.04256863,Long,Market, b90ebb1d, aaa2bfda,10:17 2025-10-17
ETHFIUSDT,Trade,55.6,1.0375,1.1409,5.5E-4,0.03172675,USDT,0.03172675,Long,Market, 0306e173, aaa2bfda,10:17 2025-10-17
ETHFIUSDT,Trade,7.3,1.0375,1.1409,5.5E-4,0.00416557,USDT,0.00416557,Long,Market, 35a1f82d, aaa2bfda,10:17 2025-10-17
ETHFIUSDT,Trade,6.8,1.0375,1.1409,5.5E-4,0.00388025,USDT,0.00388025,Long,Market, 023a8aec, aaa2bfda,10:17 2025-10-17
ETHFIUSDT,Trade,96.2,1.0374,1.1409,5.5E-4,0.05488884,USDT,0.05488884,Long,Market, 3a4a6425, aaa2bfda,10:17 2025-10-17
ETHFIUSDT,Trade,46.3,1.0374,1.1409,5.5E-4,0.0264174,USDT,0.0264174,Long,Market, cf80627a, aaa2bfda,10:17 2025-10-17
ETHFIUSDT,Trade,96.4,1.0374,1.1409,5.5E-4,0.05500295,USDT,0.05500295,Long,Market, 892516c5, aaa2bfda,10:17 2025-10-17
ETHFIUSDT,Trade,7.3,1.0374,1.1409,5.5E-4,0.00416517,USDT,0.00416517,Long,Market, 8365f5e2, aaa2bfda,10:17 2025-10-17
ETHFIUSDT,Trade,123.2,1.0374,1.1409,5.5E-4,0.07029423,USDT,0.07029423,Long,Market, 0911b966, aaa2bfda,10:17 2025-10-17
ETHFIUSDT,Trade,6.8,1.0374,1.1409,5.5E-4,0.00387988,USDT,0.00387988,Long,Market, 1237c348, aaa2bfda,10:17 2025-10-17
ETHFIUSDT,Trade,105.0,1.0373,1.1409,5.5E-4,0.05990408,USDT,0.05990408,Long,Market, 33bdc909, aaa2bfda,10:17 2025-10-17
ETHFIUSDT,Trade,46.3,1.0373,1.1409,5.5E-4,0.02641485,USDT,0.02641485,Long,Market, e86bda7d, aaa2bfda,10:17 2025-10-17
ETHFIUSDT,Trade,38.5,1.0373,1.1409,5.5E-4,0.02196483,USDT,0.02196483,Long,Market, a4f5c298, aaa2bfda,10:17 2025-10-17
ETHFIUSDT,Trade,123.2,1.0373,1.1409,5.5E-4,0.07028745,USDT,0.07028745,Long,Market, 0ed3dc84, aaa2bfda,10:17 2025-10-17
ETHFIUSDT,Trade,7.3,1.0373,1.1409,5.5E-4,0.00416476,USDT,0.00416476,Long,Market, 0167e957, aaa2bfda,10:17 2025-10-17
ETHFIUSDT,Trade,241.0,1.0373,1.1409,5.5E-4,0.13749412,USDT,0.13749412,Long,Market, 1bec29cc, aaa2bfda,10:17 2025-10-17
ETHFIUSDT,Trade,118.0,1.0373,1.1409,5.5E-4,0.06732077,USDT,0.06732077,Long,Market, 4602c879, aaa2bfda,10:17 2025-10-17
ETHFIUSDT,Trade,28.6,1.0372,1.1409,5.5E-4,0.01631516,USDT,0.01631516,Long,Market, fe13c938, aaa2bfda,10:17 2025-10-17
ETHFIUSDT,Trade,123.2,1.0372,1.1409,5.5E-4,0.07028068,USDT,0.07028068,Long,Market, 9982c19b, aaa2bfda,10:17 2025-10-17
ETHFIUSDT,Trade,6.8,1.0372,1.1409,5.5E-4,0.00387913,USDT,0.00387913,Long,Market, 01c84e19, aaa2bfda,10:17 2025-10-17
ETHFIUSDT,Trade,52.8,1.0372,1.1409,5.5E-4,0.03012029,USDT,0.03012029,Long,Market, 2cda9bdd, aaa2bfda,10:17 2025-10-17
ETHFIUSDT,Trade,7.3,1.0372,1.1409,5.5E-4,0.00416436,USDT,0.00416436,Long,Market, d15302f1, aaa2bfda,10:17 2025-10-17
ETHFIUSDT,Trade,6.8,1.0371,1.1409,5.5E-4,0.00387876,USDT,0.00387876,Long,Market, 3c476c1f, aaa2bfda,10:17 2025-10-17
ETHFIUSDT,Trade,96.3,1.0371,1.1409,5.5E-4,0.05493001,USDT,0.05493001,Long,Market, e58dd12e, aaa2bfda,10:17 2025-10-17
ETHFIUSDT,Trade,96.4,1.0371,1.1409,5.5E-4,0.05498705,USDT,0.05498705,Long,Market, 80e224c3, aaa2bfda,10:17 2025-10-17
ETHFIUSDT,Trade,76.4,1.0371,1.1409,5.5E-4,0.04357895,USDT,0.04357895,Long,Market, 0096959f, aaa2bfda,10:17 2025-10-17
ETHFIUSDT,Trade,129.8,1.0459,0.97,5.5E-4,0.07466681,USDT,0.07466681,Short,Market, 00c5735b, 569224fb,09:58 2025-10-17
ETHFIUSDT,Trade,225.3,1.0459,0.97,5.5E-4,0.1296027,USDT,0.1296027,Short,Market, 29bc0dca, 569224fb,09:58 2025-10-17
ETHFIUSDT,Trade,112.7,1.0459,0.97,5.5E-4,0.06483012,USDT,0.06483012,Short,Market, 3803afd1, 569224fb,09:58 2025-10-17
ETHFIUSDT,Trade,150.5,1.0459,0.97,5.5E-4,0.08657438,USDT,0.08657438,Short,Market, a5b02437, 569224fb,09:58 2025-10-17
ETHFIUSDT,Trade,7.2,1.0459,0.97,5.5E-4,0.00414177,USDT,0.00414177,Short,Market, 26171e8a, 569224fb,09:58 2025-10-17
ETHFIUSDT,Trade,19.5,1.0459,0.97,5.5E-4,0.01121728,USDT,0.01121728,Short,Market, fece6958, 569224fb,09:58 2025-10-17
ETHFIUSDT,Trade,224.4,1.046,0.97,5.5E-4,0.12909732,USDT,0.12909732,Short,Market, dc1191e7, 569224fb,09:58 2025-10-17
ETHFIUSDT,Trade,193.7,1.046,0.97,5.5E-4,0.11143561,USDT,0.11143561,Short,Market, 353eb554, 569224fb,09:58 2025-10-17
ETHFIUSDT,Trade,225.3,1.046,0.97,5.5E-4,0.12961509,USDT,0.12961509,Short,Market, 05fe6265, 569224fb,09:58 2025-10-17
ETHFIUSDT,Trade,112.7,1.046,0.97,5.5E-4,0.06483631,USDT,0.06483631,Short,Market, bf7bef3e, 569224fb,09:58 2025-10-17
ETHFIUSDT,Trade,150.5,1.046,0.97,5.5E-4,0.08658265,USDT,0.08658265,Short,Market, 211f50d5, 569224fb,09:58 2025-10-17
ETHFIUSDT,Trade,7.2,1.046,0.97,5.5E-4,0.00414216,USDT,0.00414216,Short,Market, 46f4eb38, 569224fb,09:58 2025-10-17
ETHFIUSDT,Trade,225.3,1.0461,0.97,5.5E-4,0.12962749,USDT,0.12962749,Short,Market, 97f8d63a, 569224fb,09:58 2025-10-17
ETHFIUSDT,Trade,112.7,1.0461,0.97,5.5E-4,0.06484251,USDT,0.06484251,Short,Market, 600c343e, 569224fb,09:58 2025-10-17
ETHFIUSDT,Trade,150.5,1.0461,0.97,5.5E-4,0.08659093,USDT,0.08659093,Short,Market, fc1fc994, 569224fb,09:58 2025-10-17
ETHFIUSDT,Trade,7.2,1.0461,0.97,5.5E-4,0.00414256,USDT,0.00414256,Short,Market, 35b35e80, 569224fb,09:58 2025-10-17
ETHFIUSDT,Trade,7.2,1.0462,0.97,5.5E-4,0.00414296,USDT,0.00414296,Short,Market, 1515159a, 569224fb,09:58 2025-10-17
ETHFIUSDT,Trade,150.5,1.0462,0.97,5.5E-4,0.08659921,USDT,0.08659921,Short,Market, 9d41c22a, 569224fb,09:58 2025-10-17
ETHFIUSDT,Trade,225.3,1.0462,0.97,5.5E-4,0.12963988,USDT,0.12963988,Short,Market, 23544f31, 569224fb,09:58 2025-10-17
ETHFIUSDT,Trade,7.2,1.0463,0.97,5.5E-4,0.00414335,USDT,0.00414335,Short,Market, ea869925, 569224fb,09:58 2025-10-17
ETHFIUSDT,Trade,22.4,1.0464,0.97,5.5E-4,0.01289165,USDT,0.01289165,Short,Market, 2deb3952, 569224fb,09:58 2025-10-17
ETHFIUSDT,Trade,4.7,1.0464,0.97,5.5E-4,0.00270495,USDT,0.00270495,Short,Market, b8bc3c52, 569224fb,09:58 2025-10-17
ETHFIUSDT,Trade,396.6,1.026,1.1182,5.5E-4,0.22380138,USDT,0.22380138,Long,Market, c1c65676, ad4bed7e,08:56 2025-10-17
ETHFIUSDT,Trade,5.4,1.026,1.1182,5.5E-4,0.00304722,USDT,0.00304722,Long,Market, 29131128, ad4bed7e,08:56 2025-10-17
ETHFIUSDT,Trade,273.3,1.026,1.1182,5.5E-4,0.15422319,USDT,0.15422319,Long,Market, 2a9bb17f, ad4bed7e,08:56 2025-10-17
ETHFIUSDT,Trade,7.4,1.026,1.1182,5.5E-4,0.00417582,USDT,0.00417582,Long,Market, 7b3bcde0, ad4bed7e,08:56 2025-10-17
ETHFIUSDT,Trade,101.3,1.0259,1.1182,5.5E-4,0.05715802,USDT,0.05715802,Long,Market, 8cfb7034, ad4bed7e,08:56 2025-10-17
ETHFIUSDT,Trade,202.2,1.0259,1.1182,5.5E-4,0.11409034,USDT,0.11409034,Long,Market, 6c9bc084, ad4bed7e,08:56 2025-10-17
ETHFIUSDT,Trade,49.4,1.0259,1.1182,5.5E-4,0.02787371,USDT,0.02787371,Long,Market, 6b3c26a7, ad4bed7e,08:56 2025-10-17
ETHFIUSDT,Trade,334.2,1.0259,1.1182,5.5E-4,0.18857068,USDT,0.18857068,Long,Market, 394840f6, ad4bed7e,08:56 2025-10-17
ETHFIUSDT,Trade,60.0,1.0259,1.1182,5.5E-4,0.0338547,USDT,0.0338547,Long,Market, f16b25bc, ad4bed7e,08:56 2025-10-17
ETHFIUSDT,Trade,7.4,1.0259,1.1182,5.5E-4,0.00417542,USDT,0.00417542,Long,Market, cacdccfc, ad4bed7e,08:56 2025-10-17
ETHFIUSDT,Trade,176.3,1.0258,1.1182,5.5E-4,0.0994667,USDT,0.0994667,Long,Market, 131fbe48, ad4bed7e,08:56 2025-10-17
ETHFIUSDT,Trade,101.3,1.0258,1.1182,5.5E-4,0.05715245,USDT,0.05715245,Long,Market, 4b9e3851, ad4bed7e,08:56 2025-10-17
ETHFIUSDT,Trade,202.2,1.0258,1.1182,5.5E-4,0.11407922,USDT,0.11407922,Long,Market, 228d7027, ad4bed7e,08:56 2025-10-17
ETHFIUSDT,Trade,7.4,1.0258,1.1182,5.5E-4,0.00417501,USDT,0.00417501,Long,Market, a0cfd02c, ad4bed7e,08:56 2025-10-17
ETHFIUSDT,Trade,49.4,1.0257,1.1182,5.5E-4,0.02786827,USDT,0.02786827,Long,Market, 98c44e11, ad4bed7e,08:56 2025-10-17
ETHFIUSDT,Trade,101.3,1.0257,1.1182,5.5E-4,0.05714688,USDT,0.05714688,Long,Market, 64bd8289, ad4bed7e,08:56 2025-10-17
ETHFIUSDT,Trade,202.2,1.0257,1.1182,5.5E-4,0.1140681,USDT,0.1140681,Long,Market, e0d94082, ad4bed7e,08:56 2025-10-17
ETHFIUSDT,Trade,7.4,1.0257,1.1182,5.5E-4,0.0041746,USDT,0.0041746,Long,Market, 30747a97, ad4bed7e,08:56 2025-10-17
ETHFIUSDT,Trade,366.1,1.0257,1.1182,5.5E-4,0.20652983,USDT,0.20652983,Long,Market, 82ecf2d8, ad4bed7e,08:56 2025-10-17
ETHFIUSDT,Trade,7.4,1.0256,1.1182,5.5E-4,0.0041742,USDT,0.0041742,Long,Market, f13fb5ca, ad4bed7e,08:56 2025-10-17
ETHFIUSDT,Trade,72.7,1.0256,1.1182,5.5E-4,0.04100862,USDT,0.04100862,Long,Market, 03bdd312, ad4bed7e,08:56 2025-10-17
ETHFIUSDT,Trade,28.8,1.0255,1.1182,5.5E-4,0.01624392,USDT,0.01624392,Long,Market, c1802535, ad4bed7e,08:56 2025-10-17
BNBUSDT,Trade,1.21,1044.1,1096.2,5.5E-4,0.69484855,USDT,0.69484855,Long,Market, be3526f6, af8b2831,08:55 2025-10-17
BNBUSDT,Trade,0.35,1044,1096.2,5.5E-4,0.20097,USDT,0.20097,Long,Market, a1ba509e, af8b2831,08:55 2025-10-17
BNBUSDT,Trade,0.03,1044,1096.2,5.5E-4,0.017226,USDT,0.017226,Long,Market, 8382b951, af8b2831,08:55 2025-10-17
ETHFIUSDT,Trade,82.3,1.0164,0.9436,5.5E-4,0.04600735,USDT,0.04600735,Short,Market, 78dc384e, 0f170035,08:28 2025-10-17
ETHFIUSDT,Trade,140.7,1.0164,0.9436,5.5E-4,0.07865412,USDT,0.07865412,Short,Market, 6e7e5961, 0f170035,08:28 2025-10-17
ETHFIUSDT,Trade,5.5,1.0164,0.9436,5.5E-4,0.00307461,USDT,0.00307461,Short,Market, 823d65c0, 0f170035,08:28 2025-10-17
ETHFIUSDT,Trade,114.2,1.0165,0.9436,5.5E-4,0.06384637,USDT,0.06384637,Short,Market, 082a51ac, 0f170035,08:28 2025-10-17
ETHFIUSDT,Trade,104.8,1.0165,0.9436,5.5E-4,0.05859106,USDT,0.05859106,Short,Market, eafde776, 0f170035,08:28 2025-10-17
ETHFIUSDT,Trade,199.6,1.0165,0.9436,5.5E-4,0.11159137,USDT,0.11159137,Short,Market, e99e2d50, 0f170035,08:28 2025-10-17
ETHFIUSDT,Trade,80.1,1.0165,0.9436,5.5E-4,0.04478191,USDT,0.04478191,Short,Market, 464acb4a, 0f170035,08:28 2025-10-17
ETHFIUSDT,Trade,7.4,1.0165,0.9436,5.5E-4,0.00413716,USDT,0.00413716,Short,Market, c30e6566, 0f170035,08:28 2025-10-17
ETHFIUSDT,Trade,79.2,1.0165,0.9436,5.5E-4,0.04427874,USDT,0.04427874,Short,Market, 0a213f4c, 0f170035,08:28 2025-10-17
ETHFIUSDT,Trade,157.7,1.0165,0.9436,5.5E-4,0.08816613,USDT,0.08816613,Short,Market, 77e5b011, 0f170035,08:28 2025-10-17
ETHFIUSDT,Trade,0.9,1.0165,0.9436,5.5E-4,5.0317E-4,USDT,0.00050317,Short,Market, f1c176d1, 0f170035,08:28 2025-10-17
ETHFIUSDT,Trade,109.7,1.0166,0.9436,5.5E-4,0.06133657,USDT,0.06133657,Short,Market, 52b85f6c, 0f170035,08:28 2025-10-17
ETHFIUSDT,Trade,99.9,1.0166,0.9436,5.5E-4,0.05585709,USDT,0.05585709,Short,Market, e3c49123, 0f170035,08:28 2025-10-17
ETHFIUSDT,Trade,104.8,1.0166,0.9436,5.5E-4,0.05859683,USDT,0.05859683,Short,Market, 5fb27830, 0f170035,08:28 2025-10-17
ETHFIUSDT,Trade,157.8,1.0166,0.9436,5.5E-4,0.08823072,USDT,0.08823072,Short,Market, 73be8be3, 0f170035,08:28 2025-10-17
ETHFIUSDT,Trade,7.4,1.0166,0.9436,5.5E-4,0.00413757,USDT,0.00413757,Short,Market, ea965c73, 0f170035,08:28 2025-10-17
ETHFIUSDT,Trade,140.8,1.0166,0.9436,5.5E-4,0.07872551,USDT,0.07872551,Short,Market, 962b42b7, 0f170035,08:28 2025-10-17
ETHFIUSDT,Trade,79.2,1.0166,0.9436,5.5E-4,0.0442831,USDT,0.0442831,Short,Market, 1669f632, 0f170035,08:28 2025-10-17
ETHFIUSDT,Trade,5.5,1.0166,0.9436,5.5E-4,0.00307522,USDT,0.00307522,Short,Market, 1d579bc3, 0f170035,08:28 2025-10-17
ETHFIUSDT,Trade,210.5,1.0167,0.9436,5.5E-4,0.11770845,USDT,0.11770845,Short,Market, c16d98df, 0f170035,08:28 2025-10-17
ETHFIUSDT,Trade,83.3,1.0167,0.9436,5.5E-4,0.04658012,USDT,0.04658012,Short,Market, 661e8d6d, 0f170035,08:28 2025-10-17
ETHFIUSDT,Trade,104.8,1.0167,0.9436,5.5E-4,0.05860259,USDT,0.05860259,Short,Market, 0be4574a, 0f170035,08:28 2025-10-17
ETHFIUSDT,Trade,157.8,1.0167,0.9436,5.5E-4,0.0882394,USDT,0.0882394,Short,Market, 5fc7915c, 0f170035,08:28 2025-10-17
ETHFIUSDT,Trade,79.3,1.0167,0.9436,5.5E-4,0.04434338,USDT,0.04434338,Short,Market, 3e3db027, 0f170035,08:28 2025-10-17
ETHFIUSDT,Trade,38.8,1.0167,0.9436,5.5E-4,0.02169638,USDT,0.02169638,Short,Market, 95296162, 0f170035,08:28 2025-10-17
ETHFIUSDT,Trade,7.4,1.0167,0.9436,5.5E-4,0.00413797,USDT,0.00413797,Short,Market, 2f5587a9, 0f170035,08:28 2025-10-17
ETHFIUSDT,Trade,0.3,1.0167,0.9436,5.5E-4,1.6776E-4,USDT,0.00016776,Short,Market, d8a570ec, 0f170035,08:28 2025-10-17
ETHFIUSDT,Trade,157.8,1.0168,0.9436,5.5E-4,0.08824808,USDT,0.08824808,Short,Market, 5c45216d, 0f170035,08:28 2025-10-17
ETHFIUSDT,Trade,79.3,1.0168,0.9436,5.5E-4,0.04434774,USDT,0.04434774,Short,Market, 2740c804, 0f170035,08:28 2025-10-17
ETHFIUSDT,Trade,7.4,1.0168,0.9436,5.5E-4,0.00413838,USDT,0.00413838,Short,Market, 55611a50, 0f170035,08:28 2025-10-17
ETHFIUSDT,Trade,48.5,1.0168,0.9436,5.5E-4,0.02712314,USDT,0.02712314,Short,Market, 07559c29, 0f170035,08:28 2025-10-17
ETHFIUSDT,Trade,5.5,1.0168,0.9436,5.5E-4,0.00307582,USDT,0.00307582,Short,Market, 2291de8b, 0f170035,08:28 2025-10-17
ETHFIUSDT,Trade,28.8,1.0169,0.9436,5.5E-4,0.0161077,USDT,0.0161077,Short,Market, d430ddfe, 0f170035,08:28 2025-10-17
ETHFIUSDT,Trade,72.7,1.0169,0.9436,5.5E-4,0.04066075,USDT,0.04066075,Short,Market, b202bcd3, 0f170035,08:28 2025-10-17
ETHFIUSDT,Trade,179.4,1.0228,1.1243,5.5E-4,0.10091968,USDT,0.10091968,Long,Market, d7ba0db4, a0dbbe16,08:21 2025-10-17
ETHFIUSDT,Trade,201.0,1.0228,1.1243,5.5E-4,0.11307054,USDT,0.11307054,Long,Market, bb3bbd8d, a0dbbe16,08:21 2025-10-17
ETHFIUSDT,Trade,118.4,1.0228,1.1243,5.5E-4,0.06660474,USDT,0.06660474,Long,Market, a8217696, a0dbbe16,08:21 2025-10-17
ETHFIUSDT,Trade,7.4,1.0228,1.1243,5.5E-4,0.0041628,USDT,0.0041628,Long,Market, bb4b56ac, a0dbbe16,08:21 2025-10-17
ETHFIUSDT,Trade,244.5,1.0228,1.1243,5.5E-4,0.13754103,USDT,0.13754103,Long,Market, 61ee727a, a0dbbe16,08:21 2025-10-17
ETHFIUSDT,Trade,195.5,1.0228,1.1243,5.5E-4,0.10997657,USDT,0.10997657,Long,Market, 13569c9b, a0dbbe16,08:21 2025-10-17
ETHFIUSDT,Trade,97.8,1.0228,1.1243,5.5E-4,0.05501642,USDT,0.05501642,Long,Market, 9245d956, a0dbbe16,08:21 2025-10-17
ETHFIUSDT,Trade,32.1,1.0228,1.1243,5.5E-4,0.01805754,USDT,0.01805754,Long,Market, eb178ab9, a0dbbe16,08:21 2025-10-17
ETHFIUSDT,Trade,249.8,1.0227,1.1243,5.5E-4,0.14050876,USDT,0.14050876,Long,Market, 76a99ac3, a0dbbe16,08:21 2025-10-17
ETHFIUSDT,Trade,140.1,1.0227,1.1243,5.5E-4,0.07880415,USDT,0.07880415,Long,Market, b1f87441, a0dbbe16,08:21 2025-10-17
ETHFIUSDT,Trade,75.8,1.0227,1.1243,5.5E-4,0.04263637,USDT,0.04263637,Long,Market, b723c123, a0dbbe16,08:21 2025-10-17
ETHFIUSDT,Trade,151.9,1.0227,1.1243,5.5E-4,0.08544148,USDT,0.08544148,Long,Market, 76330248, a0dbbe16,08:21 2025-10-17
ETHFIUSDT,Trade,34.4,1.0227,1.1243,5.5E-4,0.01934949,USDT,0.01934949,Long,Market, 61a529bf, a0dbbe16,08:21 2025-10-17
ETHFIUSDT,Trade,7.4,1.0227,1.1243,5.5E-4,0.00416239,USDT,0.00416239,Long,Market, 2fc18f97, a0dbbe16,08:21 2025-10-17
ETHFIUSDT,Trade,201.5,1.0227,1.1243,5.5E-4,0.11334073,USDT,0.11334073,Long,Market, 5a59bb35, a0dbbe16,08:21 2025-10-17
ETHFIUSDT,Trade,132.8,1.0227,1.1243,5.5E-4,0.07469801,USDT,0.07469801,Long,Market, 1138cd58, a0dbbe16,08:21 2025-10-17
ETHFIUSDT,Trade,140.1,1.0226,1.1243,5.5E-4,0.07879645,USDT,0.07879645,Long,Market, e9c9b945, a0dbbe16,08:21 2025-10-17
ETHFIUSDT,Trade,91.2,1.0226,1.1243,5.5E-4,0.05129362,USDT,0.05129362,Long,Market, c8cd3573, a0dbbe16,08:21 2025-10-17
ETHFIUSDT,Trade,9.9,1.0226,1.1243,5.5E-4,0.00556806,USDT,0.00556806,Long,Market, b2f0e07d, a0dbbe16,08:21 2025-10-17
ETHFIUSDT,Trade,75.8,1.0226,1.1243,5.5E-4,0.0426322,USDT,0.0426322,Long,Market, cbd11410, a0dbbe16,08:21 2025-10-17
ETHFIUSDT,Trade,151.9,1.0226,1.1243,5.5E-4,0.08543312,USDT,0.08543312,Long,Market, 32b966d8, a0dbbe16,08:21 2025-10-17
ETHFIUSDT,Trade,7.4,1.0226,1.1243,5.5E-4,0.00416199,USDT,0.00416199,Long,Market, f80e3ece, a0dbbe16,08:21 2025-10-17
ETHFIUSDT,Trade,7.4,1.0226,1.1243,5.5E-4,0.00416199,USDT,0.00416199,Long,Market, 0f7ee38c, a0dbbe16,08:21 2025-10-17
ETHFIUSDT,Trade,140.1,1.0225,1.1243,5.5E-4,0.07878874,USDT,0.07878874,Long,Market, 5355b4c5, a0dbbe16,08:21 2025-10-17
ETHFIUSDT,Trade,101.1,1.0225,1.1243,5.5E-4,0.05685612,USDT,0.05685612,Long,Market, 06015d8a, a0dbbe16,08:21 2025-10-17
ETHFIUSDT,Trade,75.8,1.0225,1.1243,5.5E-4,0.04262803,USDT,0.04262803,Long,Market, b997a419, a0dbbe16,08:21 2025-10-17
ETHFIUSDT,Trade,151.9,1.0225,1.1243,5.5E-4,0.08542477,USDT,0.08542477,Long,Market, bdb0f336, a0dbbe16,08:21 2025-10-17
ETHFIUSDT,Trade,134.2,1.0225,1.1243,5.5E-4,0.07547073,USDT,0.07547073,Long,Market, d84a9ffd, a0dbbe16,08:21 2025-10-17
ETHFIUSDT,Trade,7.4,1.0225,1.1243,5.5E-4,0.00416158,USDT,0.00416158,Long,Market, aadf67ba, a0dbbe16,08:21 2025-10-17
ETHFIUSDT,Trade,211.4,1.0224,1.1243,5.5E-4,0.11887445,USDT,0.11887445,Long,Market, bb4a61b9, a0dbbe16,08:21 2025-10-17
ETHFIUSDT,Trade,101.1,1.0224,1.1243,5.5E-4,0.05685056,USDT,0.05685056,Long,Market, 52e6b578, a0dbbe16,08:21 2025-10-17
ETHFIUSDT,Trade,75.8,1.0224,1.1243,5.5E-4,0.04262386,USDT,0.04262386,Long,Market, b8ab13f3, a0dbbe16,08:21 2025-10-17
ETHFIUSDT,Trade,151.9,1.0224,1.1243,5.5E-4,0.08541641,USDT,0.08541641,Long,Market, ab5bf0fe, a0dbbe16,08:21 2025-10-17
ETHFIUSDT,Trade,7.4,1.0224,1.1243,5.5E-4,0.00416117,USDT,0.00416117,Long,Market, 60061d8f, a0dbbe16,08:21 2025-10-17
ETHFIUSDT,Trade,101.0,1.0223,1.1243,5.5E-4,0.05678877,USDT,0.05678877,Long,Market, ea44e75c, a0dbbe16,08:21 2025-10-17
ETHFIUSDT,Trade,134.2,1.0223,1.1243,5.5E-4,0.07545597,USDT,0.07545597,Long,Market, 6804475a, a0dbbe16,08:21 2025-10-17
ETHFIUSDT,Trade,151.9,1.0223,1.1243,5.5E-4,0.08540806,USDT,0.08540806,Long,Market, 6717885d, a0dbbe16,08:21 2025-10-17
ETHFIUSDT,Trade,75.8,1.0223,1.1243,5.5E-4,0.04261969,USDT,0.04261969,Long,Market, 56d915fd, a0dbbe16,08:21 2025-10-17
ETHFIUSDT,Trade,7.4,1.0223,1.1243,5.5E-4,0.00416077,USDT,0.00416077,Long,Market, 547bca9d, a0dbbe16,08:21 2025-10-17
ETHFIUSDT,Trade,7.4,1.0222,1.1243,5.5E-4,0.00416036,USDT,0.00416036,Long,Market, 77481e1c, a0dbbe16,08:21 2025-10-17
BNBUSDT,Trade,1.59,1031.4,979.4,5.5E-4,0.9019593,USDT,0.9019593,Short,Market, 3dfd3f27, f7bd8e2e,08:11 2025-10-17
BNBUSDT,Trade,0.44,1048.2,1100.6,5.5E-4,0.2536644,USDT,0.2536644,Long,Market, 75a6376c, b28128d9,08:10 2025-10-17
BNBUSDT,Trade,0.57,1048.2,1100.6,5.5E-4,0.3286107,USDT,0.3286107,Long,Market, df753f98, b28128d9,08:10 2025-10-17
BNBUSDT,Trade,0.44,1048.2,1100.6,5.5E-4,0.2536644,USDT,0.2536644,Long,Market, 65192162, b28128d9,08:10 2025-10-17
ETHFIUSDT,Funding,4189.3,1.0307,0,-5.0E-5,-0.21589558,USDT,-0.21589558,Short,--, 1a76fb0f, cd2abb7b,08:00 2025-10-17
BNBUSDT,Funding,1.45,1062.31,0,-1.38E-5,-0.02125683,USDT,-0.02125683,Short,--, eca0fbb9, 1219680b,08:00 2025-10-17
BNBUSDT,Trade,0.2,1061.8,1008.6,5.5E-4,0.116798,USDT,0.116798,Short,Market, f57941d3, 2c61440d,07:59 2025-10-17
BNBUSDT,Trade,0.07,1061.8,1008.6,5.5E-4,0.0408793,USDT,0.0408793,Short,Market, 96a06a54, 2c61440d,07:59 2025-10-17
BNBUSDT,Trade,1.18,1061.8,1008.6,5.5E-4,0.6891082,USDT,0.6891082,Short,Market, c995b296, 2c61440d,07:59 2025-10-17
ETHFIUSDT,Trade,4.7,1.0291,0.9551,5.5E-4,0.00266023,USDT,0.00266023,Short,Market, 9657f6a9, 850c3858,07:58 2025-10-17
ETHFIUSDT,Trade,150.3,1.0291,0.9551,5.5E-4,0.08507056,USDT,0.08507056,Short,Market, fe07ff54, 850c3858,07:58 2025-10-17
ETHFIUSDT,Trade,74.6,1.0291,0.9551,5.5E-4,0.04222398,USDT,0.04222398,Short,Market, 9ac3d1b6, 850c3858,07:58 2025-10-17
ETHFIUSDT,Trade,131.7,1.0291,0.9551,5.5E-4,0.07454286,USDT,0.07454286,Short,Market, cc468ada, 850c3858,07:58 2025-10-17
ETHFIUSDT,Trade,7.3,1.0291,0.9551,5.5E-4,0.00413184,USDT,0.00413184,Short,Market, 9f70bdaa, 850c3858,07:58 2025-10-17
ETHFIUSDT,Trade,43.7,1.0292,0.9551,5.5E-4,0.02473683,USDT,0.02473683,Short,Market, fb1f0338, 850c3858,07:58 2025-10-17
ETHFIUSDT,Trade,221.1,1.0292,0.9551,5.5E-4,0.12515587,USDT,0.12515587,Short,Market, 770483c3, 850c3858,07:58 2025-10-17
ETHFIUSDT,Trade,100.0,1.0292,0.9551,5.5E-4,0.056606,USDT,0.056606,Short,Market, 6c90dd99, 850c3858,07:58 2025-10-17
ETHFIUSDT,Trade,150.3,1.0292,0.9551,5.5E-4,0.08507882,USDT,0.08507882,Short,Market, 841bf818, 850c3858,07:58 2025-10-17
ETHFIUSDT,Trade,74.6,1.0292,0.9551,5.5E-4,0.04222808,USDT,0.04222808,Short,Market, 44ba93ad, 850c3858,07:58 2025-10-17
ETHFIUSDT,Trade,5.4,1.0292,0.9551,5.5E-4,0.00305673,USDT,0.00305673,Short,Market, ab750c58, 850c3858,07:58 2025-10-17
ETHFIUSDT,Trade,7.3,1.0292,0.9551,5.5E-4,0.00413224,USDT,0.00413224,Short,Market, ce6daaf1, 850c3858,07:58 2025-10-17
ETHFIUSDT,Trade,220.6,1.0293,0.9551,5.5E-4,0.12488497,USDT,0.12488497,Short,Market, a83e3896, 850c3858,07:58 2025-10-17
ETHFIUSDT,Trade,100.0,1.0293,0.9551,5.5E-4,0.0566115,USDT,0.0566115,Short,Market, 136e76f7, 850c3858,07:58 2025-10-17
ETHFIUSDT,Trade,150.3,1.0293,0.9551,5.5E-4,0.08508709,USDT,0.08508709,Short,Market, 0079d2e0, 850c3858,07:58 2025-10-17
ETHFIUSDT,Trade,74.6,1.0293,0.9551,5.5E-4,0.04223218,USDT,0.04223218,Short,Market, eef291ec, 850c3858,07:58 2025-10-17
ETHFIUSDT,Trade,7.3,1.0293,0.9551,5.5E-4,0.00413264,USDT,0.00413264,Short,Market, 28c92792, 850c3858,07:58 2025-10-17
ETHFIUSDT,Trade,131.7,1.0294,0.9551,5.5E-4,0.07456459,USDT,0.07456459,Short,Market, 06139ef2, 850c3858,07:58 2025-10-17
ETHFIUSDT,Trade,150.3,1.0294,0.9551,5.5E-4,0.08509536,USDT,0.08509536,Short,Market, 1f05985f, 850c3858,07:58 2025-10-17
ETHFIUSDT,Trade,74.6,1.0294,0.9551,5.5E-4,0.04223629,USDT,0.04223629,Short,Market, 6c871fd3, 850c3858,07:58 2025-10-17
ETHFIUSDT,Trade,100.0,1.0294,0.9551,5.5E-4,0.056617,USDT,0.056617,Short,Market, 8b22cb35, 850c3858,07:58 2025-10-17
ETHFIUSDT,Trade,7.3,1.0294,0.9551,5.5E-4,0.00413305,USDT,0.00413305,Short,Market, 6361e0e6, 850c3858,07:58 2025-10-17
ETHFIUSDT,Trade,74.7,1.0295,0.9551,5.5E-4,0.04229701,USDT,0.04229701,Short,Market, 71384f56, 850c3858,07:58 2025-10-17
ETHFIUSDT,Trade,150.4,1.0295,0.9551,5.5E-4,0.08516024,USDT,0.08516024,Short,Market, 86ab62fc, 850c3858,07:58 2025-10-17
ETHFIUSDT,Trade,99.9,1.0295,0.9551,5.5E-4,0.05656588,USDT,0.05656588,Short,Market, 2e835fea, 850c3858,07:58 2025-10-17
ETHFIUSDT,Trade,7.3,1.0295,0.9551,5.5E-4,0.00413345,USDT,0.00413345,Short,Market, 8063a23f, 850c3858,07:58 2025-10-17
ETHFIUSDT,Trade,7.3,1.0295,0.9551,5.5E-4,0.00413345,USDT,0.00413345,Short,Market, fdd13c4b, 850c3858,07:58 2025-10-17
ETHFIUSDT,Trade,99.9,1.0296,0.9551,5.5E-4,0.05657138,USDT,0.05657138,Short,Market, 72347fb9, 850c3858,07:58 2025-10-17
ETHFIUSDT,Trade,96.5,1.0296,0.9551,5.5E-4,0.05464602,USDT,0.05464602,Short,Market, c1ddfecc, 850c3858,07:58 2025-10-17
ETHFIUSDT,Trade,145.3,1.0296,0.9551,5.5E-4,0.08228049,USDT,0.08228049,Short,Market, ec3e6548, 850c3858,07:58 2025-10-17
ETHFIUSDT,Trade,7.3,1.0296,0.9551,5.5E-4,0.00413385,USDT,0.00413385,Short,Market, 54f21154, 850c3858,07:58 2025-10-17
ETHFIUSDT,Trade,150.4,1.0296,0.9551,5.5E-4,0.08516852,USDT,0.08516852,Short,Market, 9852b2fc, 850c3858,07:58 2025-10-17
ETHFIUSDT,Trade,131.7,1.0296,0.9551,5.5E-4,0.07457908,USDT,0.07457908,Short,Market, a7ba4241, 850c3858,07:58 2025-10-17
ETHFIUSDT,Trade,74.7,1.0296,0.9551,5.5E-4,0.04230112,USDT,0.04230112,Short,Market, 4fa15bf4, 850c3858,07:58 2025-10-17
ETHFIUSDT,Trade,14.1,1.0296,0.9551,5.5E-4,0.00798455,USDT,0.00798455,Short,Market, 1b1e9d31, 850c3858,07:58 2025-10-17
ETHFIUSDT,Trade,2.2,1.0296,0.9551,5.5E-4,0.00124582,USDT,0.00124582,Short,Market, a6bcabb9, 850c3858,07:58 2025-10-17
ETHFIUSDT,Trade,74.7,1.0297,0.9551,5.5E-4,0.04230523,USDT,0.04230523,Short,Market, 2a9fd0fb, 850c3858,07:58 2025-10-17
ETHFIUSDT,Trade,99.9,1.0297,0.9551,5.5E-4,0.05657687,USDT,0.05657687,Short,Market, bd01957c, 850c3858,07:58 2025-10-17
ETHFIUSDT,Trade,150.4,1.0297,0.9551,5.5E-4,0.08517679,USDT,0.08517679,Short,Market, ca0a3b6b, 850c3858,07:58 2025-10-17
ETHFIUSDT,Trade,145.4,1.0297,0.9551,5.5E-4,0.08234511,USDT,0.08234511,Short,Market, de69929f, 850c3858,07:58 2025-10-17
ETHFIUSDT,Trade,96.5,1.0297,0.9551,5.5E-4,0.05465133,USDT,0.05465133,Short,Market, 38cebbb0, 850c3858,07:58 2025-10-17
ETHFIUSDT,Trade,7.3,1.0297,0.9551,5.5E-4,0.00413425,USDT,0.00413425,Short,Market, 790a27dd, 850c3858,07:58 2025-10-17
ETHFIUSDT,Trade,74.7,1.0298,0.9551,5.5E-4,0.04230934,USDT,0.04230934,Short,Market, dcef74bf, 850c3858,07:58 2025-10-17
ETHFIUSDT,Trade,99.9,1.0298,0.9551,5.5E-4,0.05658237,USDT,0.05658237,Short,Market, 99b4c282, 850c3858,07:58 2025-10-17
ETHFIUSDT,Trade,150.4,1.0298,0.9551,5.5E-4,0.08518506,USDT,0.08518506,Short,Market, 8b704c05, 850c3858,07:58 2025-10-17
ETHFIUSDT,Trade,47.4,1.0298,0.9551,5.5E-4,0.02684689,USDT,0.02684689,Short,Market, 7bbe23aa, 850c3858,07:58 2025-10-17
ETHFIUSDT,Trade,44.6,1.0298,0.9551,5.5E-4,0.025261,USDT,0.025261,Short,Market, 8b5fc6b1, 850c3858,07:58 2025-10-17
ETHFIUSDT,Trade,10.7,1.0298,0.9551,5.5E-4,0.00606038,USDT,0.00606038,Short,Market, ca21c728, 850c3858,07:58 2025-10-17
ETHFIUSDT,Trade,66.9,1.0299,0.9551,5.5E-4,0.03789518,USDT,0.03789518,Short,Market, 90e225b5, 850c3858,07:58 2025-10-17
ETHFIUSDT,Trade,71.1,1.0299,0.9551,5.5E-4,0.04027424,USDT,0.04027424,Short,Market, cd69c68e, 850c3858,07:58 2025-10-17
BTCUSDT,Trade,0.014,111698.4,110576.5,5.5E-4,0.86007768,USDT,0.86007768,Short,Market, 84e403ae, 9f59007c,12:05 2025-10-16
BTCUSDT,Funding,0.014,110522.48,0,-4.75E-6,-0.00734975,USDT,-0.00734975,Long,--, 8a5c4112, 5f40ab6a,08:00 2025-10-16
BTCUSDT,Trade,0.014,110740.8,111859.4,5.5E-4,0.85270416,USDT,0.85270416,Long,Market, d9bdc04e, 3c565213,07:51 2025-10-16
ETHFIUSDT,Trade,42.6,1.1779,1.2951,5.5E-4,0.0275982,USDT,0.0275982,Long,Market, ed8e3ee8, 6bcd6c35,15:21 2025-10-15
ETHFIUSDT,Trade,95.5,1.1779,1.2951,5.5E-4,0.0618692,USDT,0.0618692,Long,Market, 8334e108, 6bcd6c35,15:21 2025-10-15
ETHFIUSDT,Trade,192.0,1.1779,1.2951,5.5E-4,0.12438624,USDT,0.12438624,Long,Market, a4fbfee9, 6bcd6c35,15:21 2025-10-15
ETHFIUSDT,Trade,120.0,1.1779,1.2951,5.5E-4,0.0777414,USDT,0.0777414,Long,Market, e986fa51, 6bcd6c35,15:21 2025-10-15
ETHFIUSDT,Trade,6.4,1.1779,1.2951,5.5E-4,0.00414621,USDT,0.00414621,Long,Market, 5fd60ace, 6bcd6c35,15:21 2025-10-15
ETHFIUSDT,Trade,95.6,1.1778,1.2951,5.5E-4,0.06192873,USDT,0.06192873,Long,Market, d4a4554a, 6bcd6c35,15:21 2025-10-15
ETHFIUSDT,Trade,192.2,1.1778,1.2951,5.5E-4,0.12450524,USDT,0.12450524,Long,Market, c279b81e, 6bcd6c35,15:21 2025-10-15
ETHFIUSDT,Trade,39.8,1.1778,1.2951,5.5E-4,0.02578205,USDT,0.02578205,Long,Market, 205240ad, 6bcd6c35,15:21 2025-10-15
ETHFIUSDT,Trade,120.3,1.1778,1.2951,5.5E-4,0.07792914,USDT,0.07792914,Long,Market, cd082f31, 6bcd6c35,15:21 2025-10-15
ETHFIUSDT,Trade,4.7,1.1778,1.2951,5.5E-4,0.00304462,USDT,0.00304462,Long,Market, 7646762c, 6bcd6c35,15:21 2025-10-15
ETHFIUSDT,Trade,6.4,1.1778,1.2951,5.5E-4,0.00414586,USDT,0.00414586,Long,Market, e3f87b4e, 6bcd6c35,15:21 2025-10-15
ETHFIUSDT,Trade,162.3,1.1777,1.2951,5.5E-4,0.1051274,USDT,0.1051274,Long,Market, c9ad1618, 6bcd6c35,15:21 2025-10-15
ETHFIUSDT,Trade,120.4,1.1777,1.2951,5.5E-4,0.0779873,USDT,0.0779873,Long,Market, 3852709c, 6bcd6c35,15:21 2025-10-15
ETHFIUSDT,Trade,95.6,1.1777,1.2951,5.5E-4,0.06192347,USDT,0.06192347,Long,Market, 1af96e66, 6bcd6c35,15:21 2025-10-15
ETHFIUSDT,Trade,192.2,1.1777,1.2951,5.5E-4,0.12449467,USDT,0.12449467,Long,Market, 19ebec18, 6bcd6c35,15:21 2025-10-15
ETHFIUSDT,Trade,102.4,1.1777,1.2951,5.5E-4,0.06632807,USDT,0.06632807,Long,Market, 47d56760, 6bcd6c35,15:21 2025-10-15
ETHFIUSDT,Trade,162.6,1.1777,1.2951,5.5E-4,0.10532172,USDT,0.10532172,Long,Market, 7c0c3188, 6bcd6c35,15:21 2025-10-15
ETHFIUSDT,Trade,6.4,1.1777,1.2951,5.5E-4,0.00414551,USDT,0.00414551,Long,Market, b8f4cc0d, 6bcd6c35,15:21 2025-10-15
ETHFIUSDT,Trade,4.7,1.1776,1.2951,5.5E-4,0.0030441,USDT,0.0030441,Long,Market, f5c49169, 6bcd6c35,15:21 2025-10-15
ETHFIUSDT,Trade,84.5,1.1993,1.1123,5.5E-4,0.05573747,USDT,0.05573747,Short,Market, 819c3b28, e1aa0cea,14:29 2025-10-15
ETHFIUSDT,Trade,122.6,1.1993,1.1123,5.5E-4,0.0808688,USDT,0.0808688,Short,Market, 3f923e12, e1aa0cea,14:29 2025-10-15
ETHFIUSDT,Trade,6.3,1.1993,1.1123,5.5E-4,0.00415558,USDT,0.00415558,Short,Market, 50116f45, e1aa0cea,14:29 2025-10-15
ETHFIUSDT,Trade,56.0,1.1993,1.1123,5.5E-4,0.03693844,USDT,0.03693844,Short,Market, 7c7ec947, e1aa0cea,14:29 2025-10-15
ETHFIUSDT,Trade,5.9,1.1993,1.1123,5.5E-4,0.00389173,USDT,0.00389173,Short,Market, 736d656b, e1aa0cea,14:29 2025-10-15
ETHFIUSDT,Trade,144.5,1.1993,1.1123,5.5E-4,0.09531437,USDT,0.09531437,Short,Market, 37a7ec2f, e1aa0cea,14:29 2025-10-15
ETHFIUSDT,Trade,208.4,1.1994,1.1123,5.5E-4,0.13747523,USDT,0.13747523,Short,Market, c566f174, e1aa0cea,14:29 2025-10-15
ETHFIUSDT,Trade,122.5,1.1994,1.1123,5.5E-4,0.08080958,USDT,0.08080958,Short,Market, 252329c1, e1aa0cea,14:29 2025-10-15
ETHFIUSDT,Trade,83.0,1.1994,1.1123,5.5E-4,0.05475261,USDT,0.05475261,Short,Market, 976003c2, e1aa0cea,14:29 2025-10-15
ETHFIUSDT,Trade,183.5,1.1994,1.1123,5.5E-4,0.12104945,USDT,0.12104945,Short,Market, c34f3a38, e1aa0cea,14:29 2025-10-15
ETHFIUSDT,Trade,42.0,1.1994,1.1123,5.5E-4,0.02770614,USDT,0.02770614,Short,Market, f09c1a23, e1aa0cea,14:29 2025-10-15
ETHFIUSDT,Trade,93.4,1.1994,1.1123,5.5E-4,0.06161318,USDT,0.06161318,Short,Market, ce8b0ca9, e1aa0cea,14:29 2025-10-15
ETHFIUSDT,Trade,185.9,1.1994,1.1123,5.5E-4,0.12263266,USDT,0.12263266,Short,Market, cb993941, e1aa0cea,14:29 2025-10-15
ETHFIUSDT,Trade,6.3,1.1994,1.1123,5.5E-4,0.00415593,USDT,0.00415593,Short,Market, e45c2532, e1aa0cea,14:29 2025-10-15
ETHFIUSDT,Trade,5.9,1.1994,1.1123,5.5E-4,0.00389206,USDT,0.00389206,Short,Market, bb928754, e1aa0cea,14:29 2025-10-15
ETHFIUSDT,Trade,60.0,1.1994,1.1123,5.5E-4,0.0395802,USDT,0.0395802,Short,Market, f5ef9b1a, e1aa0cea,14:29 2025-10-15
ETHFIUSDT,Trade,60.4,1.1994,1.1123,5.5E-4,0.03984407,USDT,0.03984407,Short,Market, 4f522379, e1aa0cea,14:29 2025-10-15
ETHFIUSDT,Trade,144.5,1.1995,1.1123,5.5E-4,0.09533027,USDT,0.09533027,Short,Market, 6270f230, e1aa0cea,14:29 2025-10-15
ETHFIUSDT,Trade,5.9,1.1995,1.1123,5.5E-4,0.00389238,USDT,0.00389238,Short,Market, 7a7c752e, e1aa0cea,14:29 2025-10-15
ETHFIUSDT,Trade,40.3,1.1995,1.1123,5.5E-4,0.02658692,USDT,0.02658692,Short,Market, 96e0d6b8, e1aa0cea,14:29 2025-10-15
ETHFIUSDT,Trade,32.4,1.1995,1.1123,5.5E-4,0.02137509,USDT,0.02137509,Short,Market, b942b072, e1aa0cea,14:29 2025-10-15
ETHFIUSDT,Trade,67.9,1.1995,1.1123,5.5E-4,0.04479533,USDT,0.04479533,Short,Market, e9662512, e1aa0cea,14:29 2025-10-15
XRPUSDT,Trade,431.8,2.4985,2.3735,5.5E-4,0.59336877,USDT,0.59336877,Short,Market, e17078f5, 1b0b979e,19:14 2025-10-14
XRPUSDT,Trade,12.6,2.4985,2.3735,5.5E-4,0.01731461,USDT,0.01731461,Short,Market, 37d7a859, 1b0b979e,19:14 2025-10-14
XRPUSDT,Trade,0.1,2.4985,2.3735,5.5E-4,1.3742E-4,USDT,0.00013742,Short,Market, 42cc9fcf, 1b0b979e,19:14 2025-10-14
BTCUSDT,Trade,0.014,113032.9,111902.7,5.5E-4,0.87035333,USDT,0.87035333,Short,Market, f841193c, 4043b8c8,19:14 2025-10-14
XRPUSDT,Trade,394.5,2.5123,2.6382,5.5E-4,0.5451063,USDT,0.5451063,Long,Market, 5c836001, 226725cf,17:32 2025-10-14
XRPUSDT,Trade,50.0,2.5123,2.6382,5.5E-4,0.06908825,USDT,0.06908825,Long,Market, 0381aa1d, 226725cf,17:32 2025-10-14
BTCUSDT,Trade,0.014,112748.4,113881.5,5.5E-4,0.86816268,USDT,0.86816268,Long,Market, 6cb4bed2, df1aa49e,17:30 2025-10-14
BNBUSDT,Trade,1.83,1178.3,1237.5,5.5E-4,1.18595895,USDT,1.18595895,Long,Market, 924cac42, 260cac8a,13:57 2025-10-14
BNBUSDT,Trade,0.01,1178.3,1237.5,5.5E-4,0.00648065,USDT,0.00648065,Long,Market, 323bdd0c, 260cac8a,13:57 2025-10-14
BNBUSDT,Trade,0.02,1178.3,1237.5,5.5E-4,0.0129613,USDT,0.0129613,Long,Market, be4fa030, 260cac8a,13:57 2025-10-14
BNBUSDT,Trade,1.82,1178.3,1237.5,5.5E-4,1.1794783,USDT,1.1794783,Long,Market, 599a5fe2, 260cac8a,13:57 2025-10-14
BNBUSDT,Trade,0.05,1178.2,1237.5,5.5E-4,0.0324005,USDT,0.0324005,Long,Market, 48131e82, 260cac8a,13:57 2025-10-14
BNBUSDT,Trade,0.42,1178.2,1237.5,5.5E-4,0.2721642,USDT,0.2721642,Long,Market, e51ae7b5, 260cac8a,13:57 2025-10-14
BNBUSDT,Trade,0.33,1178.2,1237.5,5.5E-4,0.2138433,USDT,0.2138433,Long,Market, 89e39231, 260cac8a,13:57 2025-10-14
ETHFIUSDT,Trade,3.1,1.1783,1.2677,5.5E-4,0.00200901,USDT,0.00200901,Long,Market, 240ca4bc, b1d97993,13:57 2025-10-14
ETHFIUSDT,Trade,290.5,1.1783,1.2677,5.5E-4,0.18826289,USDT,0.18826289,Long,Market, 6f3254ff, b1d97993,13:57 2025-10-14
ETHFIUSDT,Trade,138.1,1.1783,1.2677,5.5E-4,0.08949778,USDT,0.08949778,Long,Market, 7037d10b, b1d97993,13:57 2025-10-14
ETHFIUSDT,Trade,6.4,1.1783,1.2677,5.5E-4,0.00414762,USDT,0.00414762,Long,Market, eb6e5a7c, b1d97993,13:57 2025-10-14
ETHFIUSDT,Trade,331.7,1.1783,1.2677,5.5E-4,0.21496317,USDT,0.21496317,Long,Market, 48000756, b1d97993,13:57 2025-10-14
ETHFIUSDT,Trade,239.1,1.1783,1.2677,5.5E-4,0.15495235,USDT,0.15495235,Long,Market, 78c31951, b1d97993,13:57 2025-10-14
ETHFIUSDT,Trade,4.7,1.1782,1.2677,5.5E-4,0.00304565,USDT,0.00304565,Long,Market, 5d12802c, b1d97993,13:57 2025-10-14
ETHFIUSDT,Trade,93.8,1.1782,1.2677,5.5E-4,0.06078334,USDT,0.06078334,Long,Market, 58ae1c0e, b1d97993,13:57 2025-10-14
ETHFIUSDT,Trade,144.9,1.1782,1.2677,5.5E-4,0.09389665,USDT,0.09389665,Long,Market, 72623894, b1d97993,13:57 2025-10-14
ETHFIUSDT,Trade,290.5,1.1782,1.2677,5.5E-4,0.18824691,USDT,0.18824691,Long,Market, f878ea33, b1d97993,13:57 2025-10-14
ETHFIUSDT,Trade,138.1,1.1782,1.2677,5.5E-4,0.08949019,USDT,0.08949019,Long,Market, 50226802, b1d97993,13:57 2025-10-14
ETHFIUSDT,Trade,6.4,1.1782,1.2677,5.5E-4,0.00414727,USDT,0.00414727,Long,Market, 6db1483e, b1d97993,13:57 2025-10-14
ETHFIUSDT,Trade,209.7,1.1782,1.2677,5.5E-4,0.1358877,USDT,0.1358877,Long,Market, 93e5c23a, b1d97993,13:57 2025-10-14
ETHFIUSDT,Trade,229.3,1.1782,1.2677,5.5E-4,0.1485887,USDT,0.1485887,Long,Market, 19acafe4, b1d97993,13:57 2025-10-14
ETHFIUSDT,Trade,239.1,1.1782,1.2677,5.5E-4,0.1549392,USDT,0.1549392,Long,Market, 46f98f45, b1d97993,13:57 2025-10-14
ETHFIUSDT,Trade,101.0,1.1781,1.2677,5.5E-4,0.06544346,USDT,0.06544346,Long,Market, e176d0da, b1d97993,13:57 2025-10-14
ETHFIUSDT,Trade,144.9,1.1781,1.2677,5.5E-4,0.09388868,USDT,0.09388868,Long,Market, 2a2a7c24, b1d97993,13:57 2025-10-14
ETHFIUSDT,Trade,290.5,1.1781,1.2677,5.5E-4,0.18823093,USDT,0.18823093,Long,Market, 5f5b9378, b1d97993,13:57 2025-10-14
ETHFIUSDT,Trade,138.1,1.1781,1.2677,5.5E-4,0.08948259,USDT,0.08948259,Long,Market, 3296fd7a, b1d97993,13:57 2025-10-14
ETHFIUSDT,Trade,233.0,1.1781,1.2677,5.5E-4,0.15097352,USDT,0.15097352,Long,Market, 898c93e5, b1d97993,13:57 2025-10-14
ETHFIUSDT,Trade,6.4,1.1781,1.2677,5.5E-4,0.00414692,USDT,0.00414692,Long,Market, 6be5843b, b1d97993,13:57 2025-10-14
ETHFIUSDT,Trade,174.6,1.1781,1.2677,5.5E-4,0.11313295,USDT,0.11313295,Long,Market, 4d1a446d, b1d97993,13:57 2025-10-14
ETHFIUSDT,Trade,236.9,1.178,1.2677,5.5E-4,0.15348751,USDT,0.15348751,Long,Market, 55b90ca1, b1d97993,13:57 2025-10-14
ETHFIUSDT,Trade,101.0,1.178,1.2677,5.5E-4,0.0654379,USDT,0.0654379,Long,Market, 905b0860, b1d97993,13:57 2025-10-14
ETHFIUSDT,Trade,101.0,1.178,1.2677,5.5E-4,0.0654379,USDT,0.0654379,Long,Market, ec562c0e, b1d97993,13:57 2025-10-14
ETHFIUSDT,Trade,138.1,1.178,1.2677,5.5E-4,0.08947499,USDT,0.08947499,Long,Market, cb17fd25, b1d97993,13:57 2025-10-14
ETHFIUSDT,Trade,144.9,1.178,1.2677,5.5E-4,0.09388071,USDT,0.09388071,Long,Market, d0b62d8d, b1d97993,13:57 2025-10-14
ETHFIUSDT,Trade,290.5,1.178,1.2677,5.5E-4,0.18821495,USDT,0.18821495,Long,Market, 988c2f30, b1d97993,13:57 2025-10-14
ETHFIUSDT,Trade,6.4,1.178,1.2677,5.5E-4,0.00414656,USDT,0.00414656,Long,Market, d46628ec, b1d97993,13:57 2025-10-14
ETHFIUSDT,Trade,328.4,1.178,1.2677,5.5E-4,0.21277036,USDT,0.21277036,Long,Market, 08977539, b1d97993,13:57 2025-10-14
ETHFIUSDT,Trade,101.0,1.1779,1.2677,5.5E-4,0.06543235,USDT,0.06543235,Long,Market, 501cc5bb, b1d97993,13:57 2025-10-14
ETHFIUSDT,Trade,101.0,1.1779,1.2677,5.5E-4,0.06543235,USDT,0.06543235,Long,Market, c4817756, b1d97993,13:57 2025-10-14
ETHFIUSDT,Trade,173.1,1.1779,1.2677,5.5E-4,0.11214197,USDT,0.11214197,Long,Market, f246fffd, b1d97993,13:57 2025-10-14
ETHFIUSDT,Trade,144.9,1.1779,1.2677,5.5E-4,0.09387275,USDT,0.09387275,Long,Market, d5143853, b1d97993,13:57 2025-10-14
ETHFIUSDT,Trade,138.1,1.1779,1.2677,5.5E-4,0.0894674,USDT,0.0894674,Long,Market, 1394d209, b1d97993,13:57 2025-10-14
ETHFIUSDT,Trade,290.5,1.1779,1.2677,5.5E-4,0.18819898,USDT,0.18819898,Long,Market, 517dfcd5, b1d97993,13:57 2025-10-14
ETHFIUSDT,Trade,6.4,1.1779,1.2677,5.5E-4,0.00414621,USDT,0.00414621,Long,Market, ccf36d2e, b1d97993,13:57 2025-10-14
ETHFIUSDT,Trade,54.2,1.1778,1.2677,5.5E-4,0.03511022,USDT,0.03511022,Long,Market, 278b66e6, b1d97993,13:57 2025-10-14
ETHFIUSDT,Trade,61.2,1.1778,1.2677,5.5E-4,0.03964475,USDT,0.03964475,Long,Market, ae6f232c, b1d97993,13:57 2025-10-14
ETHFIUSDT,Trade,289.8,1.1778,1.2677,5.5E-4,0.18772955,USDT,0.18772955,Long,Market, 32aedabf, b1d97993,13:57 2025-10-14
ETHFIUSDT,Trade,6.4,1.1778,1.2677,5.5E-4,0.00414586,USDT,0.00414586,Long,Market, ace77ca8, b1d97993,13:57 2025-10-14
ETHFIUSDT,Trade,247.0,1.1778,1.2677,5.5E-4,0.16000413,USDT,0.16000413,Long,Market, 1e459f42, b1d97993,13:57 2025-10-14
ETHFIUSDT,Trade,144.9,1.1778,1.2677,5.5E-4,0.09386478,USDT,0.09386478,Long,Market, 9dad8ce9, b1d97993,13:57 2025-10-14
ETHFIUSDT,Trade,290.5,1.1778,1.2677,5.5E-4,0.188183,USDT,0.188183,Long,Market, c1191e1d, b1d97993,13:57 2025-10-14
ETHFIUSDT,Trade,138.1,1.1778,1.2677,5.5E-4,0.0894598,USDT,0.0894598,Long,Market, fdd3d06b, b1d97993,13:57 2025-10-14
ETHFIUSDT,Trade,246.2,1.1778,1.2677,5.5E-4,0.1594859,USDT,0.1594859,Long,Market, 3cd29eb2, b1d97993,13:57 2025-10-14
ETHFIUSDT,Trade,43.0,1.1778,1.2677,5.5E-4,0.02785497,USDT,0.02785497,Long,Market, 923ec486, b1d97993,13:57 2025-10-14
ETHFIUSDT,Trade,6.0,1.1777,1.2677,5.5E-4,0.00388641,USDT,0.00388641,Long,Market, b885185e, b1d97993,13:57 2025-10-14
ETHFIUSDT,Trade,239.1,1.1777,1.2677,5.5E-4,0.15487344,USDT,0.15487344,Long,Market, 4cdad53e, b1d97993,13:57 2025-10-14
ETHFIUSDT,Trade,64.5,1.1777,1.2677,5.5E-4,0.04177891,USDT,0.04177891,Long,Market, 583f26f9, b1d97993,13:57 2025-10-14
ETHFIUSDT,Trade,64.8,1.1777,1.2677,5.5E-4,0.04197323,USDT,0.04197323,Long,Market, 9b34c190, b1d97993,13:57 2025-10-14
ETHFIUSDT,Trade,28.7,1.1452,1.0615,5.5E-4,0.01807699,USDT,0.01807699,Short,Market, af8be06c, cefc9b9c,13:37 2025-10-14
ETHFIUSDT,Trade,119.3,1.1452,1.0615,5.5E-4,0.0751423,USDT,0.0751423,Short,Market, 52ed025c, cefc9b9c,13:37 2025-10-14
ETHFIUSDT,Trade,154.2,1.1452,1.0615,5.5E-4,0.09712442,USDT,0.09712442,Short,Market, 320cf721, cefc9b9c,13:37 2025-10-14
ETHFIUSDT,Trade,308.0,1.1452,1.0615,5.5E-4,0.19399688,USDT,0.19399688,Short,Market, 0d0eac0c, cefc9b9c,13:37 2025-10-14
ETHFIUSDT,Trade,71.4,1.1453,1.0615,5.5E-4,0.04497594,USDT,0.04497594,Short,Market, 7310e8e4, cefc9b9c,13:37 2025-10-14
ETHFIUSDT,Trade,282.7,1.1453,1.0615,5.5E-4,0.17807698,USDT,0.17807698,Short,Market, 321457f6, cefc9b9c,13:37 2025-10-14
ETHFIUSDT,Trade,119.3,1.1453,1.0615,5.5E-4,0.07514886,USDT,0.07514886,Short,Market, 91e91f2f, cefc9b9c,13:37 2025-10-14
ETHFIUSDT,Trade,154.2,1.1453,1.0615,5.5E-4,0.0971329,USDT,0.0971329,Short,Market, 586328b6, cefc9b9c,13:37 2025-10-14
ETHFIUSDT,Trade,307.8,1.1453,1.0615,5.5E-4,0.19388784,USDT,0.19388784,Short,Market, f8c77c1c, cefc9b9c,13:37 2025-10-14
ETHFIUSDT,Trade,6.6,1.1453,1.0615,5.5E-4,0.00415744,USDT,0.00415744,Short,Market, 24224759, cefc9b9c,13:37 2025-10-14
ETHFIUSDT,Trade,227.5,1.1453,1.0615,5.5E-4,0.14330567,USDT,0.14330567,Short,Market, 44f72d1c, cefc9b9c,13:37 2025-10-14
ETHFIUSDT,Trade,6.6,1.1454,1.0615,5.5E-4,0.00415781,USDT,0.00415781,Short,Market, f42f834b, cefc9b9c,13:37 2025-10-14
ETHFIUSDT,Trade,119.3,1.1454,1.0615,5.5E-4,0.07515543,USDT,0.07515543,Short,Market, c23ab8d8, cefc9b9c,13:37 2025-10-14
ETHFIUSDT,Trade,307.8,1.1454,1.0615,5.5E-4,0.19390477,USDT,0.19390477,Short,Market, 45d580f5, cefc9b9c,13:37 2025-10-14
ETHFIUSDT,Trade,6.6,1.1454,1.0615,5.5E-4,0.00415781,USDT,0.00415781,Short,Market, 1a02fa61, cefc9b9c,13:37 2025-10-14
ETHFIUSDT,Trade,231.5,1.1454,1.0615,5.5E-4,0.14583806,USDT,0.14583806,Short,Market, f12cb3b7, cefc9b9c,13:37 2025-10-14
ETHFIUSDT,Trade,154.2,1.1455,1.0615,5.5E-4,0.09714986,USDT,0.09714986,Short,Market, efb8a9ba, cefc9b9c,13:37 2025-10-14
ETHFIUSDT,Trade,241.9,1.1456,1.0615,5.5E-4,0.15241636,USDT,0.15241636,Short,Market, b093b750, cefc9b9c,13:37 2025-10-14
ETHFIUSDT,Trade,296.0,1.1456,1.0615,5.5E-4,0.18650368,USDT,0.18650368,Short,Market, 0a141580, cefc9b9c,13:37 2025-10-14
ETHFIUSDT,Trade,119.3,1.1457,1.0615,5.5E-4,0.07517511,USDT,0.07517511,Short,Market, 334cd9af, cefc9b9c,13:37 2025-10-14
ETHFIUSDT,Trade,154.2,1.1457,1.0615,5.5E-4,0.09716682,USDT,0.09716682,Short,Market, 54752c54, cefc9b9c,13:37 2025-10-14
ETHFIUSDT,Trade,80.0,1.1457,1.0615,5.5E-4,0.0504108,USDT,0.0504108,Short,Market, a94eafc4, cefc9b9c,13:37 2025-10-14
ETHFIUSDT,Trade,34.9,1.1458,1.0615,5.5E-4,0.02199364,USDT,0.02199364,Short,Market, d84a347c, cefc9b9c,13:37 2025-10-14
ETHFIUSDT,Trade,57.0,1.1458,1.0615,5.5E-4,0.03592083,USDT,0.03592083,Short,Market, 04452c09, cefc9b9c,13:37 2025-10-14
ETHFIUSDT,Trade,340.6,1.1458,1.0615,5.5E-4,0.21464272,USDT,0.21464272,Short,Market, de510e71, cefc9b9c,13:37 2025-10-14
XRPUSDT,Trade,2622.6,2.4235,2.5443,5.5E-4,3.49572911,USDT,3.49572911,Long,Market, d98ddbe7, b431b9c0,13:29 2025-10-14
XRPUSDT,Trade,8.3,2.4235,2.5443,5.5E-4,0.01106328,USDT,0.01106328,Long,Market, 0997e499, b431b9c0,13:29 2025-10-14
ETHFIUSDT,Trade,172.5,1.1547,1.0713,5.5E-4,0.10955217,USDT,0.10955217,Short,Market, ba75b127, 2fa72ad8,12:50 2025-10-14
ETHFIUSDT,Trade,121.6,1.1547,1.0713,5.5E-4,0.07722634,USDT,0.07722634,Short,Market, 3810b0e6, 2fa72ad8,12:50 2025-10-14
ETHFIUSDT,Trade,154.5,1.1547,1.0713,5.5E-4,0.09812064,USDT,0.09812064,Short,Market, 4fe3b80b, 2fa72ad8,12:50 2025-10-14
ETHFIUSDT,Trade,100.4,1.1547,1.0713,5.5E-4,0.06376254,USDT,0.06376254,Short,Market, 02913aa3, 2fa72ad8,12:50 2025-10-14
ETHFIUSDT,Trade,6.5,1.1547,1.0713,5.5E-4,0.00412806,USDT,0.00412806,Short,Market, 82c09210, 2fa72ad8,12:50 2025-10-14
ETHFIUSDT,Trade,308.6,1.1548,1.0713,5.5E-4,0.19600421,USDT,0.19600421,Short,Market, 73ad844b, 2fa72ad8,12:50 2025-10-14
ETHFIUSDT,Trade,6.5,1.1548,1.0713,5.5E-4,0.00412841,USDT,0.00412841,Short,Market, c0142eed, 2fa72ad8,12:50 2025-10-14
ETHFIUSDT,Trade,39.9,1.1548,1.0713,5.5E-4,0.02534209,USDT,0.02534209,Short,Market, fbb021bc, 2fa72ad8,12:50 2025-10-14
ETHFIUSDT,Trade,41.6,1.1548,1.0713,5.5E-4,0.02642183,USDT,0.02642183,Short,Market, 6082c74a, 2fa72ad8,12:50 2025-10-14
ETHFIUSDT,Trade,60.0,1.1548,1.0713,5.5E-4,0.0381084,USDT,0.0381084,Short,Market, 63c0d97c, 2fa72ad8,12:50 2025-10-14
ETHFIUSDT,Trade,133.6,1.1548,1.0713,5.5E-4,0.08485471,USDT,0.08485471,Short,Market, f9594d50, 2fa72ad8,12:50 2025-10-14
ETHFIUSDT,Trade,1.0,1.1548,1.0713,5.5E-4,6.3514E-4,USDT,0.00063514,Short,Market, 410f6f19, 2fa72ad8,12:50 2025-10-14
ETHFIUSDT,Trade,133.6,1.1549,1.0713,5.5E-4,0.08486206,USDT,0.08486206,Short,Market, d7a66fbc, 2fa72ad8,12:50 2025-10-14
ETHFIUSDT,Trade,6.1,1.1549,1.0713,5.5E-4,0.00387469,USDT,0.00387469,Short,Market, 52b10fd1, 2fa72ad8,12:50 2025-10-14
ETHFIUSDT,Trade,6.1,1.1549,1.0713,5.5E-4,0.00387469,USDT,0.00387469,Short,Market, 35a14bdc, 2fa72ad8,12:50 2025-10-14
ETHFIUSDT,Trade,243.3,1.1549,1.0713,5.5E-4,0.15454295,USDT,0.15454295,Short,Market, 45cf3f7c, 2fa72ad8,12:50 2025-10-14
ETHFIUSDT,Trade,67.2,1.1549,1.0713,5.5E-4,0.04268511,USDT,0.04268511,Short,Market, 9c0da460, 2fa72ad8,12:50 2025-10-14
ETHFIUSDT,Trade,64.5,1.1549,1.0713,5.5E-4,0.04097008,USDT,0.04097008,Short,Market, ec5e587d, 2fa72ad8,12:50 2025-10-14
BNBUSDT,Trade,0.9,1158.9,1101.3,5.5E-4,0.5736555,USDT,0.5736555,Short,Market, 602db66c, 01ea01a4,12:28 2025-10-14
BNBUSDT,Trade,0.01,1159,1101.3,5.5E-4,0.0063745,USDT,0.0063745,Short,Market, 3bea053d, 01ea01a4,12:28 2025-10-14
BNBUSDT,Trade,0.02,1159,1101.3,5.5E-4,0.012749,USDT,0.012749,Short,Market, 5966f1cc, 01ea01a4,12:28 2025-10-14
BNBUSDT,Trade,0.02,1159,1101.3,5.5E-4,0.012749,USDT,0.012749,Short,Market, 8f9a47ad, 01ea01a4,12:28 2025-10-14
BNBUSDT,Trade,0.02,1159,1101.3,5.5E-4,0.012749,USDT,0.012749,Short,Market, 4a0ec067, 01ea01a4,12:28 2025-10-14
BNBUSDT,Trade,0.01,1159,1101.3,5.5E-4,0.0063745,USDT,0.0063745,Short,Market, d7283903, 01ea01a4,12:28 2025-10-14
BNBUSDT,Trade,1.27,1159,1101.3,5.5E-4,0.8095615,USDT,0.8095615,Short,Market, 2f133031, 01ea01a4,12:28 2025-10-14
BNBUSDT,Trade,1.99,1159,1101.3,5.5E-4,1.2685255,USDT,1.2685255,Short,Market, d031143d, 01ea01a4,12:28 2025-10-14
BNBUSDT,Trade,0.02,1159.1,1101.3,5.5E-4,0.0127501,USDT,0.0127501,Short,Market, 4ba09a1c, 01ea01a4,12:28 2025-10-14
BNBUSDT,Trade,0.22,1159.1,1101.3,5.5E-4,0.1402511,USDT,0.1402511,Short,Market, f407fa6f, 01ea01a4,12:28 2025-10-14
XRPUSDT,Trade,1245.3,2.4377,2.3165,5.5E-4,1.6696173,USDT,1.6696173,Short,Market, f6f91ebe, 0489e3cc,12:08 2025-10-14
XRPUSDT,Trade,2.1,2.4377,2.3165,5.5E-4,0.00281555,USDT,0.00281555,Short,Market, b1b39928, 0489e3cc,12:08 2025-10-14
XRPUSDT,Trade,2.1,2.4377,2.3165,5.5E-4,0.00281555,USDT,0.00281555,Short,Market, 228939e7, 0489e3cc,12:08 2025-10-14
XRPUSDT,Trade,2.1,2.4377,2.3165,5.5E-4,0.00281555,USDT,0.00281555,Short,Market, facf39b5, 0489e3cc,12:08 2025-10-14
XRPUSDT,Trade,4.2,2.4377,2.3165,5.5E-4,0.00563109,USDT,0.00563109,Short,Market, 1845f049, 0489e3cc,12:08 2025-10-14
XRPUSDT,Trade,2.1,2.4377,2.3165,5.5E-4,0.00281555,USDT,0.00281555,Short,Market, c62f0864, 0489e3cc,12:08 2025-10-14
XRPUSDT,Trade,2.1,2.4378,2.3165,5.5E-4,0.00281566,USDT,0.00281566,Short,Market, 78a82df4, 0489e3cc,12:08 2025-10-14
XRPUSDT,Trade,2.1,2.4378,2.3165,5.5E-4,0.00281566,USDT,0.00281566,Short,Market, 03d8173b, 0489e3cc,12:08 2025-10-14
XRPUSDT,Trade,2.1,2.4378,2.3165,5.5E-4,0.00281566,USDT,0.00281566,Short,Market, 74d2f3ae, 0489e3cc,12:08 2025-10-14
XRPUSDT,Trade,8.2,2.4379,2.3165,5.5E-4,0.01099493,USDT,0.01099493,Short,Market, ccb7932a, 0489e3cc,12:08 2025-10-14
XRPUSDT,Trade,1358.5,2.4379,2.3165,5.5E-4,1.82153794,USDT,1.82153794,Short,Market, c4f193a4, 0489e3cc,12:08 2025-10-14
XRPUSDT,Trade,4846.6,2.4415,2.5635,5.5E-4,6.50813565,USDT,6.50813565,Long,Market, d18ecdce, 86f0d0df,12:08 2025-10-14
ETHFIUSDT,Trade,53.5,1.1639,1.0799,5.5E-4,0.03424776,USDT,0.03424776,Short,Market, 7ca1a9e1, 5c5f7679,12:06 2025-10-14
ETHFIUSDT,Trade,85.6,1.1639,1.0799,5.5E-4,0.05479642,USDT,0.05479642,Short,Market, 12e9b6fb, 5c5f7679,12:06 2025-10-14
ETHFIUSDT,Trade,97.2,1.1639,1.0799,5.5E-4,0.0622221,USDT,0.0622221,Short,Market, d1cb4773, 5c5f7679,12:06 2025-10-14
ETHFIUSDT,Trade,6.5,1.1639,1.0799,5.5E-4,0.00416095,USDT,0.00416095,Short,Market, cf901789, 5c5f7679,12:06 2025-10-14
ETHFIUSDT,Trade,186.4,1.1639,1.0799,5.5E-4,0.11932303,USDT,0.11932303,Short,Market, 3b4b1cf2, 5c5f7679,12:06 2025-10-14
ETHFIUSDT,Trade,6.5,1.1639,1.0799,5.5E-4,0.00416095,USDT,0.00416095,Short,Market, 77d81ca2, 5c5f7679,12:06 2025-10-14
ETHFIUSDT,Trade,186.2,1.164,1.0799,5.5E-4,0.11920524,USDT,0.11920524,Short,Market, a7b646c0, 5c5f7679,12:06 2025-10-14
ETHFIUSDT,Trade,80.0,1.164,1.0799,5.5E-4,0.051216,USDT,0.051216,Short,Market, 5d217248, 5c5f7679,12:06 2025-10-14
ETHFIUSDT,Trade,115.9,1.164,1.0799,5.5E-4,0.07419918,USDT,0.07419918,Short,Market, 8e4a1e68, 5c5f7679,12:06 2025-10-14
ETHFIUSDT,Trade,97.2,1.164,1.0799,5.5E-4,0.06222744,USDT,0.06222744,Short,Market, a0343dda, 5c5f7679,12:06 2025-10-14
ETHFIUSDT,Trade,66.9,1.164,1.0799,5.5E-4,0.04282938,USDT,0.04282938,Short,Market, 208e9fba, 5c5f7679,12:06 2025-10-14
ETHFIUSDT,Trade,6.5,1.164,1.0799,5.5E-4,0.0041613,USDT,0.0041613,Short,Market, c93c56da, 5c5f7679,12:06 2025-10-14
ETHFIUSDT,Trade,181.9,1.1641,1.0799,5.5E-4,0.11646239,USDT,0.11646239,Short,Market, e9a10af4, 5c5f7679,12:06 2025-10-14
ETHFIUSDT,Trade,97.2,1.1641,1.0799,5.5E-4,0.06223279,USDT,0.06223279,Short,Market, c41550b0, 5c5f7679,12:06 2025-10-14
ETHFIUSDT,Trade,186.2,1.1641,1.0799,5.5E-4,0.11921549,USDT,0.11921549,Short,Market, 9c239f32, 5c5f7679,12:06 2025-10-14
ETHFIUSDT,Trade,6.5,1.1641,1.0799,5.5E-4,0.00416166,USDT,0.00416166,Short,Market, ab8fe478, 5c5f7679,12:06 2025-10-14
ETHFIUSDT,Trade,21.1,1.1641,1.0799,5.5E-4,0.01350939,USDT,0.01350939,Short,Market, 6e9439c2, 5c5f7679,12:06 2025-10-14
ETHFIUSDT,Trade,186.2,1.1642,1.0799,5.5E-4,0.11922573,USDT,0.11922573,Short,Market, dc2112d7, 5c5f7679,12:06 2025-10-14
ETHFIUSDT,Trade,118.1,1.1642,1.0799,5.5E-4,0.07562062,USDT,0.07562062,Short,Market, a072b0c2, 5c5f7679,12:06 2025-10-14
ETHFIUSDT,Trade,94.6,1.1642,1.0799,5.5E-4,0.06057333,USDT,0.06057333,Short,Market, dd82d86c, 5c5f7679,12:06 2025-10-14
ETHFIUSDT,Trade,6.5,1.1642,1.0799,5.5E-4,0.00416202,USDT,0.00416202,Short,Market, db87fac3, 5c5f7679,12:06 2025-10-14
ETHFIUSDT,Trade,6.5,1.1643,1.0799,5.5E-4,0.00416238,USDT,0.00416238,Short,Market, de222f15, 5c5f7679,12:06 2025-10-14
ETHFIUSDT,Trade,66.9,1.1643,1.0799,5.5E-4,0.04284042,USDT,0.04284042,Short,Market, 978f3496, 5c5f7679,12:06 2025-10-14
ETHFIUSDT,Trade,6.5,1.1644,1.0799,5.5E-4,0.00416273,USDT,0.00416273,Short,Market, 96672db6, 5c5f7679,12:06 2025-10-14
ETHFIUSDT,Trade,45.1,1.1645,1.0799,5.5E-4,0.02888543,USDT,0.02888543,Short,Market, dd50e6d2, 5c5f7679,12:06 2025-10-14
ETHFIUSDT,Trade,43.0,1.1645,1.0799,5.5E-4,0.02754043,USDT,0.02754043,Short,Market, f8d73cc3, 5c5f7679,12:06 2025-10-14
XRPUSDT,Trade,421.5,2.4422,2.3201,5.5E-4,0.56616302,USDT,0.56616302,Short,Market, 6e373da0, 9b94493d,12:05 2025-10-14
XRPUSDT,Trade,817.2,2.4422,2.3201,5.5E-4,1.09767122,USDT,1.09767122,Short,Market, 23632df5, 9b94493d,12:05 2025-10-14
XRPUSDT,Trade,0.1,2.4422,2.3201,5.5E-4,1.3433E-4,USDT,0.00013433,Short,Market, 014fb36a, 9b94493d,12:05 2025-10-14
XRPUSDT,Trade,2.9,2.4423,2.3201,5.5E-4,0.00389547,USDT,0.00389547,Short,Market, 76db279d, 9b94493d,12:05 2025-10-14
XRPUSDT,Trade,3353.0,2.4423,2.3201,5.5E-4,4.50396755,USDT,4.50396755,Short,Market, 21d1183d, 9b94493d,12:05 2025-10-14
XRPUSDT,Trade,2.9,2.4423,2.3201,5.5E-4,0.00389547,USDT,0.00389547,Short,Market, 8cb0a485, 9b94493d,12:05 2025-10-14
XRPUSDT,Trade,249.0,2.4423,2.3201,5.5E-4,0.33447299,USDT,0.33447299,Short,Market, a4611839, 9b94493d,12:05 2025-10-14
ETHUSDT,Trade,0.47,3960.6,3881.8,5.5E-4,1.0238151,USDT,1.0238151,Short,Market, cd56a55c, e39fadf8,12:04 2025-10-14
ETHUSDT,Trade,0.1,3960.61,3881.8,5.5E-4,0.21783355,USDT,0.21783355,Short,Market, 1b2163dd, e39fadf8,12:04 2025-10-14
ETHUSDT,Trade,0.01,3960.75,3881.8,5.5E-4,0.02178413,USDT,0.02178413,Short,Market, 3ff06e35, e39fadf8,12:04 2025-10-14
ETHUSDT,Trade,0.01,3960.75,3881.8,5.5E-4,0.02178413,USDT,0.02178413,Short,Market, 2a2cf3a8, e39fadf8,12:04 2025-10-14
ETHUSDT,Trade,0.01,3960.8,3881.8,5.5E-4,0.0217844,USDT,0.0217844,Short,Market, 88c76a47, e39fadf8,12:04 2025-10-14
ETHUSDT,Trade,0.02,3960.91,3881.8,5.5E-4,0.04357001,USDT,0.04357001,Short,Market, 6c62a2f3, e39fadf8,12:04 2025-10-14
XRPUSDT,Trade,62.1,2.4433,2.3733,5.5E-4,0.08345092,USDT,0.08345092,Short,Market, c5aa484c, 9792fce4,12:04 2025-10-14
XRPUSDT,Trade,247.0,2.4433,2.3733,5.5E-4,0.33192231,USDT,0.33192231,Short,Market, 06c52037, 9792fce4,12:04 2025-10-14
XRPUSDT,Trade,239.0,2.4433,2.3733,5.5E-4,0.32117179,USDT,0.32117179,Short,Market, 69ee8bf5, 9792fce4,12:04 2025-10-14
XRPUSDT,Trade,239.5,2.4433,2.3733,5.5E-4,0.3218437,USDT,0.3218437,Short,Market, 05c04b7f, 9792fce4,12:04 2025-10-14
XRPUSDT,Trade,940.7,2.4433,2.3733,5.5E-4,1.26412678,USDT,1.26412678,Short,Market, 85dfd173, 9792fce4,12:04 2025-10-14
BNBUSDT,Liquidation,3.0,1164.1,1175.9,5.5E-4,1.920765,USDT,1.920765,Short,Market, 905e6aef, 905e6aef,10:32 2025-10-14
XRPUSDT,Funding,1728.3,2.4514,0,-1.514E-5,-0.06414447,USDT,-0.06414447,Long,--, dae96850, 8ea40efa,08:00 2025-10-14
ETHUSDT,Funding,0.62,3979.09,0,-3.274E-5,-0.08077076,USDT,-0.08077076,Long,--, b33a13e8, 56005a05,08:00 2025-10-14
BNBUSDT,Funding,3.0,1194.58,0,1.0E-4,0.358374,USDT,0.358374,Long,--, 7c4111d6, 3be09e5d,08:00 2025-10-14
XRPUSDT,Funding,1728.3,2.6037,0,1.0E-4,0.44999748,USDT,0.44999748,Long,--, 50979579, 72a237eb,00:00 2025-10-14
ETHUSDT,Funding,0.62,4239.36,0,6.574E-5,0.17279123,USDT,0.17279123,Long,--, 2637d481, 41230001,00:00 2025-10-14
BNBUSDT,Funding,3.0,1293.9,0,-1.6092E-4,-0.62464317,USDT,-0.62464317,Long,--, 7d4278e7, 0c2ab09a,00:00 2025-10-14
BNBUSDT,Trade,1.54,1293.4,1358.3,5.5E-4,1.0955098,USDT,1.0955098,Long,Market, e9eb0387, 2b97d565,22:10 2025-10-13
BNBUSDT,Trade,1.46,1293.4,1358.3,5.5E-4,1.0386002,USDT,1.0386002,Long,Market, 8a366648, 2b97d565,22:10 2025-10-13
ETHFIUSDT,Trade,68.7,1.3033,1.1765,5.5E-4,0.0492452,USDT,0.0492452,Short,Market, 2ee4e002, af28501d,21:15 2025-10-13
ETHFIUSDT,Trade,145.2,1.3033,1.1765,5.5E-4,0.10408154,USDT,0.10408154,Short,Market, 7967a143, af28501d,21:15 2025-10-13
ETHFIUSDT,Trade,159.8,1.3034,1.1765,5.5E-4,0.11455583,USDT,0.11455583,Short,Market, 78305139, af28501d,21:15 2025-10-13
ETHFIUSDT,Trade,81.6,1.3034,1.1765,5.5E-4,0.0584966,USDT,0.0584966,Short,Market, 01c82c0e, af28501d,21:15 2025-10-13
ETHFIUSDT,Trade,12.1,1.3034,1.1765,5.5E-4,0.00867413,USDT,0.00867413,Short,Market, d00c440f, af28501d,21:15 2025-10-13
ETHFIUSDT,Trade,5.8,1.3034,1.1765,5.5E-4,0.00415785,USDT,0.00415785,Short,Market, 8fa8b071, af28501d,21:15 2025-10-13
ETHFIUSDT,Trade,74.6,1.3035,1.1765,5.5E-4,0.05348261,USDT,0.05348261,Short,Market, 00d16bd7, af28501d,21:15 2025-10-13
ETHFIUSDT,Trade,81.6,1.3035,1.1765,5.5E-4,0.05850108,USDT,0.05850108,Short,Market, 42732958, af28501d,21:15 2025-10-13
ETHFIUSDT,Trade,49.9,1.3035,1.1765,5.5E-4,0.03577456,USDT,0.03577456,Short,Market, 4e26f59a, af28501d,21:15 2025-10-13
ETHFIUSDT,Trade,5.8,1.3035,1.1765,5.5E-4,0.00415817,USDT,0.00415817,Short,Market, 7a9a40f2, af28501d,21:15 2025-10-13
ETHFIUSDT,Trade,5.4,1.3035,1.1765,5.5E-4,0.0038714,USDT,0.0038714,Short,Market, 679e481f, af28501d,21:15 2025-10-13
ETHFIUSDT,Trade,145.2,1.3035,1.1765,5.5E-4,0.10409751,USDT,0.10409751,Short,Market, 061034cf, af28501d,21:15 2025-10-13
ETHFIUSDT,Trade,76.2,1.3036,1.1765,5.5E-4,0.05463388,USDT,0.05463388,Short,Market, ae76df35, af28501d,21:15 2025-10-13
ETHFIUSDT,Trade,5.8,1.3036,1.1765,5.5E-4,0.00415849,USDT,0.00415849,Short,Market, 6b0eb868, af28501d,21:15 2025-10-13
ETHFIUSDT,Trade,35.0,1.3036,1.1765,5.5E-4,0.0250943,USDT,0.0250943,Short,Market, 8fd7f552, af28501d,21:15 2025-10-13
ETHFIUSDT,Trade,23.4,1.3037,1.1765,5.5E-4,0.01677862,USDT,0.01677862,Short,Market, e3984caf, af28501d,21:15 2025-10-13
ETHFIUSDT,Trade,5.8,1.3037,1.1765,5.5E-4,0.00415881,USDT,0.00415881,Short,Market, 4f2d71f3, af28501d,21:15 2025-10-13
ETHFIUSDT,Trade,5.8,1.3038,1.1765,5.5E-4,0.00415913,USDT,0.00415913,Short,Market, 2fc444ed, af28501d,21:15 2025-10-13
ETHFIUSDT,Trade,145.2,1.3038,1.1765,5.5E-4,0.10412147,USDT,0.10412147,Short,Market, 973df974, af28501d,21:15 2025-10-13
ETHFIUSDT,Trade,5.8,1.3039,1.1765,5.5E-4,0.00415945,USDT,0.00415945,Short,Market, a1002762, af28501d,21:15 2025-10-13
ETHFIUSDT,Trade,145.2,1.3039,1.1765,5.5E-4,0.10412946,USDT,0.10412946,Short,Market, 76abcc5b, af28501d,21:15 2025-10-13
ETHFIUSDT,Trade,5.8,1.304,1.1765,5.5E-4,0.00415976,USDT,0.00415976,Short,Market, ce486d1f, af28501d,21:15 2025-10-13
ETHFIUSDT,Trade,145.2,1.3041,1.1765,5.5E-4,0.10414543,USDT,0.10414543,Short,Market, 64bc949a, af28501d,21:15 2025-10-13
XRPUSDT,Trade,66.6,2.637,2.769,5.5E-4,0.09659331,USDT,0.09659331,Long,Market, be900c05, d770822c,21:06 2025-10-13
XRPUSDT,Trade,1661.7,2.637,2.769,5.5E-4,2.4100466,USDT,2.4100466,Long,Market, 7077cec7, d770822c,21:06 2025-10-13
SOLUSDT,Trade,18.8,208.21,197.82,5.5E-4,2.1528914,USDT,2.1528914,Short,Market, 57ff1127, dd632667,21:04 2025-10-13
SOLUSDT,Trade,0.2,208.21,197.82,5.5E-4,0.0229031,USDT,0.0229031,Short,Market, 324ca613, dd632667,21:04 2025-10-13
ETHUSDT,Trade,0.62,4270.05,4355.69,5.5E-4,1.45608705,USDT,1.45608705,Long,Market, 6e35257f, 052aa005,21:03 2025-10-13
XRPUSDT,Trade,1728.7,2.6387,2.5069,5.5E-4,2.50883638,USDT,2.50883638,Short,Market, 9f1ba6a6, a821b14b,21:01 2025-10-13
ETHUSDT,Trade,0.63,4278.66,4193.5,5.5E-4,1.48255569,USDT,1.48255569,Short,Market, 539915e7, 1ce227e2,21:01 2025-10-13
ETHFIUSDT,Trade,64.7,1.3073,1.4236,5.5E-4,0.04652028,USDT,0.04652028,Long,Market, 9cd1a2c2, 0a84c3d6,20:59 2025-10-13
ETHFIUSDT,Trade,191.8,1.3072,1.4236,5.5E-4,0.13789653,USDT,0.13789653,Long,Market, 1e060f6d, 0a84c3d6,20:59 2025-10-13
ETHFIUSDT,Trade,190.8,1.3072,1.4236,5.5E-4,0.13717757,USDT,0.13717757,Long,Market, 08145a5c, 0a84c3d6,20:59 2025-10-13
ETHFIUSDT,Trade,5.8,1.3072,1.4236,5.5E-4,0.00416997,USDT,0.00416997,Long,Market, 84745c91, 0a84c3d6,20:59 2025-10-13
ETHFIUSDT,Trade,289.1,1.3072,1.4236,5.5E-4,0.20785134,USDT,0.20785134,Long,Market, 3099380d, 0a84c3d6,20:59 2025-10-13
ETHFIUSDT,Trade,144.4,1.3072,1.4236,5.5E-4,0.10381783,USDT,0.10381783,Long,Market, 115d96e3, 0a84c3d6,20:59 2025-10-13
ETHFIUSDT,Trade,224.4,1.3072,1.4236,5.5E-4,0.16133463,USDT,0.16133463,Long,Market, 22d9872a, 0a84c3d6,20:59 2025-10-13
ETHFIUSDT,Trade,59.7,1.3072,1.4236,5.5E-4,0.04292192,USDT,0.04292192,Long,Market, 7ae44d20, 0a84c3d6,20:59 2025-10-13
ETHFIUSDT,Trade,224.4,1.3071,1.4236,5.5E-4,0.16132229,USDT,0.16132229,Long,Market, eff4ef84, 0a84c3d6,20:59 2025-10-13
ETHFIUSDT,Trade,39.8,1.3071,1.4236,5.5E-4,0.02861242,USDT,0.02861242,Long,Market, ada31bf3, 0a84c3d6,20:59 2025-10-13
XRPUSDT,Trade,40.9,2.6365,2.7686,5.5E-4,0.05930807,USDT,0.05930807,Long,Market, 1be1d397, bddbc92d,20:50 2025-10-13
XRPUSDT,Trade,3.0,2.6365,2.7686,5.5E-4,0.00435023,USDT,0.00435023,Long,Market, 6ae3db35, bddbc92d,20:50 2025-10-13
XRPUSDT,Trade,3.0,2.6365,2.7686,5.5E-4,0.00435023,USDT,0.00435023,Long,Market, d083c975, bddbc92d,20:50 2025-10-13
XRPUSDT,Trade,1604.5,2.6365,2.7686,5.5E-4,2.32664534,USDT,2.32664534,Long,Market, 4cd78db1, bddbc92d,20:50 2025-10-13
XRPUSDT,Trade,1.4,2.6365,2.7686,5.5E-4,0.00203011,USDT,0.00203011,Long,Market, 799c78e1, bddbc92d,20:50 2025-10-13
XRPUSDT,Trade,75.9,2.6365,2.7686,5.5E-4,0.1100607,USDT,0.1100607,Long,Market, fbfc5405, bddbc92d,20:50 2025-10-13
ETHUSDT,Trade,0.61,4258.87,4343.93,5.5E-4,1.42885089,USDT,1.42885089,Long,Market, 943a4826, 08ac3b2b,20:49 2025-10-13
ETHUSDT,Trade,0.01,4258.84,4343.93,5.5E-4,0.02342362,USDT,0.02342362,Long,Market, 75899836, 08ac3b2b,20:49 2025-10-13
ETHUSDT,Trade,0.01,4258.82,4343.93,5.5E-4,0.02342351,USDT,0.02342351,Long,Market, 6390d539, 08ac3b2b,20:49 2025-10-13
BNBUSDT,Trade,1.48,1282.9,1219,5.5E-4,1.0442806,USDT,1.0442806,Short,Market, a95ff135, 0176f927,20:48 2025-10-13
BNBUSDT,Trade,0.62,1282.9,1219,5.5E-4,0.4374689,USDT,0.4374689,Short,Market, e2abda0e, 0176f927,20:48 2025-10-13
BNBUSDT,Trade,0.02,1282.9,1219,5.5E-4,0.0141119,USDT,0.0141119,Short,Market, ffbbc7f9, 0176f927,20:48 2025-10-13
BNBUSDT,Trade,0.91,1282.9,1219,5.5E-4,0.64209145,USDT,0.64209145,Short,Market, 8743c358, 0176f927,20:48 2025-10-13
BTCUSDT,Trade,0.05,115416.9,116571.1,5.5E-4,3.17396475,USDT,3.17396475,Long,Market, af551414, 638f5720,20:44 2025-10-13
SOLUSDT,Trade,3.8,207.82,218.21,5.5E-4,0.4343438,USDT,0.4343438,Long,Market, eb73151c, b03d70c2,20:43 2025-10-13
SOLUSDT,Trade,8.6,207.82,218.21,5.5E-4,0.9829886,USDT,0.9829886,Long,Market, 5126355a, b03d70c2,20:43 2025-10-13
SOLUSDT,Trade,6.5,207.82,218.21,5.5E-4,0.7429565,USDT,0.7429565,Long,Market, 8ae2d6d9, b03d70c2,20:43 2025-10-13
SOLUSDT,Trade,0.1,207.82,218.21,5.5E-4,0.0114301,USDT,0.0114301,Long,Market, 895d66cd, b03d70c2,20:43 2025-10-13
BNBUSDT,Trade,2.47,1278,1341.8,5.5E-4,1.736163,USDT,1.736163,Long,Market, 85f0254d, d0a915a5,20:31 2025-10-13
BNBUSDT,Trade,0.13,1278,1341.8,5.5E-4,0.091377,USDT,0.091377,Long,Market, 23cf2ff1, d0a915a5,20:31 2025-10-13
BNBUSDT,Trade,0.32,1277.9,1341.8,5.5E-4,0.2249104,USDT,0.2249104,Long,Market, cf0490de, d0a915a5,20:31 2025-10-13
BNBUSDT,Trade,0.11,1277.9,1341.8,5.5E-4,0.07731295,USDT,0.07731295,Long,Market, 88b6f905, d0a915a5,20:31 2025-10-13
BNBUSDT,Trade,1.23,1277.4,1341.3,5.5E-4,0.8641611,USDT,0.8641611,Long,Market, 38f3fe56, 7322098a,20:31 2025-10-13
BNBUSDT,Trade,1.34,1276.7,1213.4,5.5E-4,0.9409279,USDT,0.9409279,Short,Market, daf2f6ae, ac0e9991,20:25 2025-10-13
BNBUSDT,Trade,1.7,1276.8,1213.4,5.5E-4,1.193808,USDT,1.193808,Short,Market, 62926ba8, ac0e9991,20:25 2025-10-13
BTCUSDT,Trade,0.05,115545.8,114399.3,5.5E-4,3.1775095,USDT,3.1775095,Short,Market, 1d466718, 3f7db7c2,20:20 2025-10-13
BNBUSDT,Funding,1.81,1272.9,0,6.63E-6,0.01527519,USDT,0.01527519,Long,--, 823b5f4d, f63fe79f,16:00 2025-10-13
NEARUSDT,Trade,6.5,2.473,2.351,5.5E-4,0.00884098,USDT,0.00884098,Short,Market, a0b5063b, 2e64b60f,08:03 2025-10-13
NEARUSDT,Trade,4.2,2.473,2.351,5.5E-4,0.00571263,USDT,0.00571263,Short,Market, 24dc1c46, 2e64b60f,08:03 2025-10-13
NEARUSDT,Trade,114.0,2.473,2.351,5.5E-4,0.1550571,USDT,0.1550571,Short,Market, 53f3d62d, 2e64b60f,08:03 2025-10-13
NEARUSDT,Trade,316.4,2.473,2.351,5.5E-4,0.43035146,USDT,0.43035146,Short,Market, 5982c327, 2e64b60f,08:03 2025-10-13
NEARUSDT,Trade,143.3,2.473,2.351,5.5E-4,0.1949095,USDT,0.1949095,Short,Market, 6b27c538, 2e64b60f,08:03 2025-10-13
NEARUSDT,Trade,150.3,2.473,2.351,5.5E-4,0.20443055,USDT,0.20443055,Short,Market, a077793d, 2e64b60f,08:03 2025-10-13
NEARUSDT,Trade,552.3,2.473,2.351,5.5E-4,0.75121085,USDT,0.75121085,Short,Market, 1530f633, 2e64b60f,08:03 2025-10-13
XRPUSDT,Trade,587.2,2.6142,2.4835,5.5E-4,0.84428204,USDT,0.84428204,Short,Market, aa75abe3, f7fcecb7,08:02 2025-10-13
BNBUSDT,Funding,1.81,1342.32,0,-2.3026E-4,-0.55943952,USDT,-0.55943952,Long,--, 61b25d2c, 413cd3c4,08:00 2025-10-13
XRPUSDT,Funding,587.2,2.6204,0,1.076E-5,0.0165564,USDT,0.0165564,Long,--, 2f8149d3, 5c7c57cb,08:00 2025-10-13
NEARUSDT,Funding,1287.0,2.487,0,-5.231E-5,-0.16743223,USDT,-0.16743223,Long,--, 806a1609, 11ce41b0,08:00 2025-10-13
XRPUSDT,Funding,587.2,2.5272,0,7.411E-5,0.10997716,USDT,0.10997716,Long,--, 1cfa0b61, 774a78a6,00:00 2025-10-13
NEARUSDT,Funding,1287.0,2.454,0,8.455E-5,0.2670341,USDT,0.2670341,Long,--, 2a5cb60b, 0ea56134,00:00 2025-10-13
BNBUSDT,Funding,1.81,1302.47,0,1.0E-4,0.23574707,USDT,0.23574707,Long,--, 26754547, d96d5401,00:00 2025-10-13
ETHFIUSDT,Trade,9.3,1.2469,1.3706,5.5E-4,0.0063779,USDT,0.0063779,Long,Market, 69712479, 5be6279c,23:52 2025-10-12
ETHFIUSDT,Trade,80.1,1.2468,1.3706,5.5E-4,0.05492778,USDT,0.05492778,Long,Market, 61d999b9, 5be6279c,23:52 2025-10-12
ETHFIUSDT,Trade,99.8,1.2468,1.3706,5.5E-4,0.06843686,USDT,0.06843686,Long,Market, 32f0a713, 5be6279c,23:52 2025-10-12
ETHFIUSDT,Trade,99.7,1.2468,1.3706,5.5E-4,0.06836828,USDT,0.06836828,Long,Market, 289f9231, 5be6279c,23:52 2025-10-12
ETHFIUSDT,Trade,4.5,1.2468,1.3706,5.5E-4,0.00308583,USDT,0.00308583,Long,Market, 44c374d9, 5be6279c,23:52 2025-10-12
ETHFIUSDT,Trade,166.9,1.2468,1.3706,5.5E-4,0.11445001,USDT,0.11445001,Long,Market, 1f36611d, 5be6279c,23:52 2025-10-12
ETHFIUSDT,Trade,75.1,1.2468,1.3706,5.5E-4,0.05149908,USDT,0.05149908,Long,Market, 200409e4, 5be6279c,23:52 2025-10-12
ETHFIUSDT,Trade,150.1,1.2468,1.3706,5.5E-4,0.10292958,USDT,0.10292958,Long,Market, c2ffc146, 5be6279c,23:52 2025-10-12
ETHFIUSDT,Trade,6.1,1.2468,1.3706,5.5E-4,0.00418302,USDT,0.00418302,Long,Market, f9abbcfb, 5be6279c,23:52 2025-10-12
ETHFIUSDT,Trade,99.7,1.2468,1.3706,5.5E-4,0.06836828,USDT,0.06836828,Long,Market, 7b86be0d, 5be6279c,23:52 2025-10-12
ETHFIUSDT,Trade,183.6,1.2467,1.3706,5.5E-4,0.12589177,USDT,0.12589177,Long,Market, 0083759f, 5be6279c,23:52 2025-10-12
ETHFIUSDT,Trade,33.1,1.2467,1.3706,5.5E-4,0.02269618,USDT,0.02269618,Long,Market, 24885313, 5be6279c,23:52 2025-10-12
ETHFIUSDT,Trade,99.7,1.2467,1.3706,5.5E-4,0.0683628,USDT,0.0683628,Long,Market, 3127d59a, 5be6279c,23:52 2025-10-12
ETHFIUSDT,Trade,108.0,1.2467,1.3706,5.5E-4,0.07405398,USDT,0.07405398,Long,Market, d7f4934d, 5be6279c,23:52 2025-10-12
ETHFIUSDT,Trade,150.0,1.2467,1.3706,5.5E-4,0.10285275,USDT,0.10285275,Long,Market, 97fae5dd, 5be6279c,23:52 2025-10-12
ETHFIUSDT,Trade,6.1,1.2467,1.3706,5.5E-4,0.00418268,USDT,0.00418268,Long,Market, 8b50d9e6, 5be6279c,23:52 2025-10-12
ETHFIUSDT,Trade,75.1,1.2467,1.3706,5.5E-4,0.05149495,USDT,0.05149495,Long,Market, 42ccfc74, 5be6279c,23:52 2025-10-12
ETHFIUSDT,Trade,46.5,1.2467,1.3706,5.5E-4,0.03188436,USDT,0.03188436,Long,Market, c0c00447, 5be6279c,23:52 2025-10-12
ETHFIUSDT,Trade,45.9,1.2466,1.3706,5.5E-4,0.03147042,USDT,0.03147042,Long,Market, 7c0b3d17, 5be6279c,23:52 2025-10-12
ETHFIUSDT,Trade,4.5,1.2466,1.3706,5.5E-4,0.00308534,USDT,0.00308534,Long,Market, 38ddb4af, 5be6279c,23:52 2025-10-12
ETHFIUSDT,Trade,6.1,1.2466,1.3706,5.5E-4,0.00418235,USDT,0.00418235,Long,Market, 4c21e2e4, 5be6279c,23:52 2025-10-12
ETHFIUSDT,Trade,174.3,1.2466,1.3706,5.5E-4,0.11950531,USDT,0.11950531,Long,Market, cba72a9a, 5be6279c,23:52 2025-10-12
ETHFIUSDT,Trade,99.7,1.2466,1.3706,5.5E-4,0.06835732,USDT,0.06835732,Long,Market, cd8bdb1f, 5be6279c,23:52 2025-10-12
ETHFIUSDT,Trade,75.1,1.2466,1.3706,5.5E-4,0.05149082,USDT,0.05149082,Long,Market, f333e706, 5be6279c,23:52 2025-10-12
ETHFIUSDT,Trade,6.1,1.2466,1.3706,5.5E-4,0.00418235,USDT,0.00418235,Long,Market, 044e18cd, 5be6279c,23:52 2025-10-12
ETHFIUSDT,Trade,150.0,1.2466,1.3706,5.5E-4,0.1028445,USDT,0.1028445,Long,Market, c5d03df4, 5be6279c,23:52 2025-10-12
ETHFIUSDT,Trade,46.5,1.2466,1.3706,5.5E-4,0.0318818,USDT,0.0318818,Long,Market, 83357564, 5be6279c,23:52 2025-10-12
ETHFIUSDT,Trade,62.8,1.2465,1.3706,5.5E-4,0.04305411,USDT,0.04305411,Long,Market, 40a4d8e8, 5be6279c,23:52 2025-10-12
ETHFIUSDT,Trade,8.6,1.2465,1.3706,5.5E-4,0.00589595,USDT,0.00589595,Long,Market, 401f7905, 5be6279c,23:52 2025-10-12
ETHFIUSDT,Trade,9.5,1.2465,1.3706,5.5E-4,0.00651297,USDT,0.00651297,Long,Market, 3369d773, 5be6279c,23:52 2025-10-12
ETHFIUSDT,Trade,107.8,1.2465,1.3706,5.5E-4,0.07390499,USDT,0.07390499,Long,Market, 1c2ec073, 5be6279c,23:52 2025-10-12
ETHFIUSDT,Trade,75.1,1.2465,1.3706,5.5E-4,0.05148669,USDT,0.05148669,Long,Market, 813bd88f, 5be6279c,23:52 2025-10-12
ETHFIUSDT,Trade,99.7,1.2465,1.3706,5.5E-4,0.06835183,USDT,0.06835183,Long,Market, 631810da, 5be6279c,23:52 2025-10-12
ETHFIUSDT,Trade,150.0,1.2465,1.3706,5.5E-4,0.10283625,USDT,0.10283625,Long,Market, 8d7ffea3, 5be6279c,23:52 2025-10-12
ETHFIUSDT,Trade,6.1,1.2465,1.3706,5.5E-4,0.00418201,USDT,0.00418201,Long,Market, daad89b4, 5be6279c,23:52 2025-10-12
ETHFIUSDT,Trade,9.5,1.2464,1.3706,5.5E-4,0.00651244,USDT,0.00651244,Long,Market, 93a431b7, 5be6279c,23:52 2025-10-12
ETHFIUSDT,Trade,8.6,1.2464,1.3706,5.5E-4,0.00589548,USDT,0.00589548,Long,Market, b47cefb9, 5be6279c,23:52 2025-10-12
ETHFIUSDT,Trade,153.1,1.2464,1.3706,5.5E-4,0.10495312,USDT,0.10495312,Long,Market, 01a6a30d, 5be6279c,23:52 2025-10-12
ETHFIUSDT,Trade,107.8,1.2464,1.3706,5.5E-4,0.07389906,USDT,0.07389906,Long,Market, 0733424a, 5be6279c,23:52 2025-10-12
ETHFIUSDT,Trade,4.5,1.2464,1.3706,5.5E-4,0.00308484,USDT,0.00308484,Long,Market, 541a90fd, 5be6279c,23:52 2025-10-12
ETHFIUSDT,Trade,99.7,1.2464,1.3706,5.5E-4,0.06834635,USDT,0.06834635,Long,Market, 4fc2999c, 5be6279c,23:52 2025-10-12
ETHFIUSDT,Trade,150.0,1.2464,1.3706,5.5E-4,0.102828,USDT,0.102828,Long,Market, a1c53cdb, 5be6279c,23:52 2025-10-12
ETHFIUSDT,Trade,75.1,1.2464,1.3706,5.5E-4,0.05148256,USDT,0.05148256,Long,Market, 74ca957c, 5be6279c,23:52 2025-10-12
ETHFIUSDT,Trade,6.1,1.2464,1.3706,5.5E-4,0.00418168,USDT,0.00418168,Long,Market, bb89b606, 5be6279c,23:52 2025-10-12
ETHFIUSDT,Trade,8.6,1.2463,1.3706,5.5E-4,0.005895,USDT,0.005895,Long,Market, f7b379d4, 5be6279c,23:52 2025-10-12
ETHFIUSDT,Trade,9.5,1.2463,1.3706,5.5E-4,0.00651192,USDT,0.00651192,Long,Market, 51ee7ced, 5be6279c,23:52 2025-10-12
ETHFIUSDT,Trade,183.4,1.2463,1.3706,5.5E-4,0.12571429,USDT,0.12571429,Long,Market, 069621a7, 5be6279c,23:52 2025-10-12
ETHFIUSDT,Trade,74.9,1.2463,1.3706,5.5E-4,0.05134133,USDT,0.05134133,Long,Market, 12e13fea, 5be6279c,23:52 2025-10-12
ETHFIUSDT,Trade,149.6,1.2463,1.3706,5.5E-4,0.10254557,USDT,0.10254557,Long,Market, 255b947c, 5be6279c,23:52 2025-10-12
ETHFIUSDT,Trade,99.5,1.2463,1.3706,5.5E-4,0.06820377,USDT,0.06820377,Long,Market, 3f302f4c, 5be6279c,23:52 2025-10-12
ETHFIUSDT,Trade,6.1,1.2463,1.3706,5.5E-4,0.00418134,USDT,0.00418134,Long,Market, 37ac7418, 5be6279c,23:52 2025-10-12
ETHFIUSDT,Trade,46.5,1.2463,1.3706,5.5E-4,0.03187413,USDT,0.03187413,Long,Market, c5b33b74, 5be6279c,23:52 2025-10-12
ETHFIUSDT,Trade,79.9,1.2462,1.3706,5.5E-4,0.05476426,USDT,0.05476426,Long,Market, b7ff70fb, 5be6279c,23:52 2025-10-12
ETHFIUSDT,Trade,74.9,1.2462,1.3706,5.5E-4,0.05133721,USDT,0.05133721,Long,Market, 41007614, 5be6279c,23:52 2025-10-12
ETHFIUSDT,Trade,149.6,1.2462,1.3706,5.5E-4,0.10253734,USDT,0.10253734,Long,Market, c89e8aa9, 5be6279c,23:52 2025-10-12
ETHFIUSDT,Trade,99.5,1.2462,1.3706,5.5E-4,0.0681983,USDT,0.0681983,Long,Market, 5229e8f7, 5be6279c,23:52 2025-10-12
ETHFIUSDT,Trade,6.1,1.2462,1.3706,5.5E-4,0.00418101,USDT,0.00418101,Long,Market, 7efd3b7c, 5be6279c,23:52 2025-10-12
ETHFIUSDT,Trade,4.5,1.2462,1.3706,5.5E-4,0.00308435,USDT,0.00308435,Long,Market, a424685e, 5be6279c,23:52 2025-10-12
ETHFIUSDT,Trade,39.8,1.2461,1.3706,5.5E-4,0.02727713,USDT,0.02727713,Long,Market, 21051904, 5be6279c,23:52 2025-10-12
ETHFIUSDT,Trade,6.1,1.2461,1.3706,5.5E-4,0.00418067,USDT,0.00418067,Long,Market, 5667e9a5, 5be6279c,23:52 2025-10-12
NEARUSDT,Trade,435.6,2.455,2.577,5.5E-4,0.5881689,USDT,0.5881689,Long,Market, db2104ad, c4d3897b,23:52 2025-10-12
NEARUSDT,Trade,463.2,2.455,2.577,5.5E-4,0.6254358,USDT,0.6254358,Long,Market, de551f87, c4d3897b,23:52 2025-10-12
NEARUSDT,Trade,93.9,2.455,2.577,5.5E-4,0.12678848,USDT,0.12678848,Long,Market, 7f5cebac, c4d3897b,23:52 2025-10-12
NEARUSDT,Trade,93.9,2.454,2.577,5.5E-4,0.12673683,USDT,0.12673683,Long,Market, ef37ae68, c4d3897b,23:52 2025-10-12
NEARUSDT,Trade,200.4,2.454,2.577,5.5E-4,0.27047988,USDT,0.27047988,Long,Market, c958e799, c4d3897b,23:52 2025-10-12
BNBUSDT,Trade,1.6,1291.3,1355.7,5.5E-4,1.136344,USDT,1.136344,Long,Market, 803a7fa0, 0d6c171c,23:22 2025-10-12
BNBUSDT,Trade,0.01,1291.2,1355.7,5.5E-4,0.0071016,USDT,0.0071016,Long,Market, 7980ea90, 0d6c171c,23:22 2025-10-12
BNBUSDT,Trade,0.18,1291.2,1355.7,5.5E-4,0.1278288,USDT,0.1278288,Long,Market, 11453279, 0d6c171c,23:22 2025-10-12
BNBUSDT,Trade,0.02,1291.2,1355.7,5.5E-4,0.0142032,USDT,0.0142032,Long,Market, d7fcb59e, 0d6c171c,23:22 2025-10-12
ETHFIUSDT,Trade,361.3,1.2542,1.1644,5.5E-4,0.24922836,USDT,0.24922836,Short,Market, c9347878, bdd5afaa,23:03 2025-10-12
ETHFIUSDT,Trade,122.4,1.2542,1.1644,5.5E-4,0.08443275,USDT,0.08443275,Short,Market, fb36409e, bdd5afaa,23:03 2025-10-12
ETHFIUSDT,Trade,93.3,1.2542,1.1644,5.5E-4,0.06435928,USDT,0.06435928,Short,Market, ae845f95, bdd5afaa,23:03 2025-10-12
ETHFIUSDT,Trade,64.7,1.2542,1.1644,5.5E-4,0.04463071,USDT,0.04463071,Short,Market, 8fa34274, bdd5afaa,23:03 2025-10-12
ETHFIUSDT,Trade,130.3,1.2542,1.1644,5.5E-4,0.08988225,USDT,0.08988225,Short,Market, 9a31c18f, bdd5afaa,23:03 2025-10-12
ETHFIUSDT,Trade,86.8,1.2542,1.1644,5.5E-4,0.05987551,USDT,0.05987551,Short,Market, 7b58d618, bdd5afaa,23:03 2025-10-12
ETHFIUSDT,Trade,6.0,1.2542,1.1644,5.5E-4,0.00413886,USDT,0.00413886,Short,Market, 395609f5, bdd5afaa,23:03 2025-10-12
ETHFIUSDT,Trade,6.0,1.2542,1.1644,5.5E-4,0.00413886,USDT,0.00413886,Short,Market, fff862c0, bdd5afaa,23:03 2025-10-12
ETHFIUSDT,Trade,4.4,1.2542,1.1644,5.5E-4,0.00303517,USDT,0.00303517,Short,Market, f266f91f, bdd5afaa,23:03 2025-10-12
ETHFIUSDT,Trade,92.3,1.2543,1.1644,5.5E-4,0.06367454,USDT,0.06367454,Short,Market, 251ce18b, bdd5afaa,23:03 2025-10-12
ETHFIUSDT,Trade,331.8,1.2543,1.1644,5.5E-4,0.22889721,USDT,0.22889721,Short,Market, bda938e8, bdd5afaa,23:03 2025-10-12
ETHFIUSDT,Trade,86.9,1.2543,1.1644,5.5E-4,0.05994927,USDT,0.05994927,Short,Market, 22087aa0, bdd5afaa,23:03 2025-10-12
ETHFIUSDT,Trade,130.5,1.2543,1.1644,5.5E-4,0.09002739,USDT,0.09002739,Short,Market, 71a83eb7, bdd5afaa,23:03 2025-10-12
ETHFIUSDT,Trade,64.8,1.2543,1.1644,5.5E-4,0.04470326,USDT,0.04470326,Short,Market, 3915a495, bdd5afaa,23:03 2025-10-12
ETHFIUSDT,Trade,6.0,1.2543,1.1644,5.5E-4,0.00413919,USDT,0.00413919,Short,Market, fa87edb7, bdd5afaa,23:03 2025-10-12
ETHFIUSDT,Trade,87.0,1.2544,1.1644,5.5E-4,0.06002304,USDT,0.06002304,Short,Market, 0cf99c58, bdd5afaa,23:03 2025-10-12
ETHFIUSDT,Trade,130.6,1.2544,1.1644,5.5E-4,0.09010356,USDT,0.09010356,Short,Market, 19bbd1fb, bdd5afaa,23:03 2025-10-12
ETHFIUSDT,Trade,64.8,1.2544,1.1644,5.5E-4,0.04470682,USDT,0.04470682,Short,Market, ec6feef7, bdd5afaa,23:03 2025-10-12
ETHFIUSDT,Trade,4.4,1.2544,1.1644,5.5E-4,0.00303565,USDT,0.00303565,Short,Market, e5fcf836, bdd5afaa,23:03 2025-10-12
ETHFIUSDT,Trade,93.4,1.2544,1.1644,5.5E-4,0.06443853,USDT,0.06443853,Short,Market, ce7eb8f7, bdd5afaa,23:03 2025-10-12
ETHFIUSDT,Trade,6.0,1.2544,1.1644,5.5E-4,0.00413952,USDT,0.00413952,Short,Market, 47b9856c, bdd5afaa,23:03 2025-10-12
ETHFIUSDT,Trade,130.6,1.2545,1.1644,5.5E-4,0.09011074,USDT,0.09011074,Short,Market, 3e627afa, bdd5afaa,23:03 2025-10-12
ETHFIUSDT,Trade,87.0,1.2545,1.1644,5.5E-4,0.06002783,USDT,0.06002783,Short,Market, b1e6c0bb, bdd5afaa,23:03 2025-10-12
ETHFIUSDT,Trade,64.8,1.2545,1.1644,5.5E-4,0.04471038,USDT,0.04471038,Short,Market, 98e5a87a, bdd5afaa,23:03 2025-10-12
ETHFIUSDT,Trade,93.3,1.2545,1.1644,5.5E-4,0.06437467,USDT,0.06437467,Short,Market, 90ad7579, bdd5afaa,23:03 2025-10-12
ETHFIUSDT,Trade,6.0,1.2545,1.1644,5.5E-4,0.00413985,USDT,0.00413985,Short,Market, c7726fb8, bdd5afaa,23:03 2025-10-12
ETHFIUSDT,Trade,130.6,1.2546,1.1644,5.5E-4,0.09011792,USDT,0.09011792,Short,Market, db7886d6, bdd5afaa,23:03 2025-10-12
ETHFIUSDT,Trade,87.0,1.2546,1.1644,5.5E-4,0.06003261,USDT,0.06003261,Short,Market, 78b6fc6c, bdd5afaa,23:03 2025-10-12
ETHFIUSDT,Trade,64.8,1.2546,1.1644,5.5E-4,0.04471395,USDT,0.04471395,Short,Market, 9e13231d, bdd5afaa,23:03 2025-10-12
ETHFIUSDT,Trade,6.0,1.2546,1.1644,5.5E-4,0.00414018,USDT,0.00414018,Short,Market, 288c8b7f, bdd5afaa,23:03 2025-10-12
ETHFIUSDT,Trade,46.5,1.2546,1.1644,5.5E-4,0.0320864,USDT,0.0320864,Short,Market, a5a7a145, bdd5afaa,23:03 2025-10-12
ETHFIUSDT,Trade,0.1,1.2546,1.1644,5.5E-4,6.901E-5,USDT,0.00006901,Short,Market, aaa7effd, bdd5afaa,23:03 2025-10-12
ETHFIUSDT,Trade,31.7,1.2547,1.1644,5.5E-4,0.0218757,USDT,0.0218757,Short,Market, 21ac08f2, bdd5afaa,23:03 2025-10-12
ETHFIUSDT,Trade,130.7,1.2547,1.1644,5.5E-4,0.09019411,USDT,0.09019411,Short,Market, 0e16da9a, bdd5afaa,23:03 2025-10-12
ETHFIUSDT,Trade,64.9,1.2547,1.1644,5.5E-4,0.04478652,USDT,0.04478652,Short,Market, 20d0bd7e, bdd5afaa,23:03 2025-10-12
ETHFIUSDT,Trade,87.0,1.2547,1.1644,5.5E-4,0.0600374,USDT,0.0600374,Short,Market, 3af6dfae, bdd5afaa,23:03 2025-10-12
ETHFIUSDT,Trade,93.3,1.2547,1.1644,5.5E-4,0.06438494,USDT,0.06438494,Short,Market, be2cef2d, bdd5afaa,23:03 2025-10-12
ETHFIUSDT,Trade,6.0,1.2547,1.1644,5.5E-4,0.00414051,USDT,0.00414051,Short,Market, ac11dee6, bdd5afaa,23:03 2025-10-12
ETHFIUSDT,Trade,46.5,1.2547,1.1644,5.5E-4,0.03208896,USDT,0.03208896,Short,Market, 7b02f85f, bdd5afaa,23:03 2025-10-12
ETHFIUSDT,Trade,69.5,1.2548,1.1644,5.5E-4,0.04796473,USDT,0.04796473,Short,Market, f768a9be, bdd5afaa,23:03 2025-10-12
ETHFIUSDT,Trade,35.4,1.2548,1.1644,5.5E-4,0.02443096,USDT,0.02443096,Short,Market, 03d2c1d0, bdd5afaa,23:03 2025-10-12
ETHFIUSDT,Trade,6.0,1.2548,1.1644,5.5E-4,0.00414084,USDT,0.00414084,Short,Market, 3eee07e6, bdd5afaa,23:03 2025-10-12
ETHFIUSDT,Trade,4.4,1.2548,1.1644,5.5E-4,0.00303662,USDT,0.00303662,Short,Market, 8c14e471, bdd5afaa,23:03 2025-10-12
ETHFIUSDT,Trade,6.0,1.2548,1.1644,5.5E-4,0.00414084,USDT,0.00414084,Short,Market, 3f038e10, bdd5afaa,23:03 2025-10-12
ETHFIUSDT,Trade,12.6,1.255,1.1644,5.5E-4,0.00869715,USDT,0.00869715,Short,Market, e8542bd1, bdd5afaa,23:03 2025-10-12
ETHFIUSDT,Trade,17.0,1.255,1.1644,5.5E-4,0.01173425,USDT,0.01173425,Short,Market, 86125782, bdd5afaa,23:03 2025-10-12
ETHFIUSDT,Trade,81.4,1.255,1.1644,5.5E-4,0.05618635,USDT,0.05618635,Short,Market, 76e1a381, bdd5afaa,23:03 2025-10-12
ETHFIUSDT,Trade,4.4,1.255,1.1644,5.5E-4,0.0030371,USDT,0.0030371,Short,Market, b1713a38, bdd5afaa,23:03 2025-10-12
ETHFIUSDT,Trade,32.8,1.2551,1.1649,5.5E-4,0.02264201,USDT,0.02264201,Short,Market, 242bd827, b04c2990,23:02 2025-10-12
ETHFIUSDT,Trade,130.0,1.2551,1.1649,5.5E-4,0.08973965,USDT,0.08973965,Short,Market, f795d14f, b04c2990,23:02 2025-10-12
ETHFIUSDT,Trade,86.7,1.2551,1.1649,5.5E-4,0.05984945,USDT,0.05984945,Short,Market, 9fe3b626, b04c2990,23:02 2025-10-12
ETHFIUSDT,Trade,46.5,1.2551,1.1649,5.5E-4,0.03209919,USDT,0.03209919,Short,Market, 78052fdc, b04c2990,23:02 2025-10-12
ETHFIUSDT,Trade,6.0,1.2551,1.1649,5.5E-4,0.00414183,USDT,0.00414183,Short,Market, 474dfd08, b04c2990,23:02 2025-10-12
ETHFIUSDT,Trade,32.0,1.2552,1.1649,5.5E-4,0.02209152,USDT,0.02209152,Short,Market, 9950c79f, b04c2990,23:02 2025-10-12
ETHFIUSDT,Trade,92.8,1.2552,1.1649,5.5E-4,0.06406541,USDT,0.06406541,Short,Market, b3dfd390, b04c2990,23:02 2025-10-12
ETHFIUSDT,Trade,86.7,1.2552,1.1649,5.5E-4,0.05985422,USDT,0.05985422,Short,Market, 696f913f, b04c2990,23:02 2025-10-12
ETHFIUSDT,Trade,64.6,1.2552,1.1649,5.5E-4,0.04459726,USDT,0.04459726,Short,Market, 4049e95c, b04c2990,23:02 2025-10-12
ETHFIUSDT,Trade,130.0,1.2552,1.1649,5.5E-4,0.0897468,USDT,0.0897468,Short,Market, b27d1bdf, b04c2990,23:02 2025-10-12
ETHFIUSDT,Trade,6.0,1.2552,1.1649,5.5E-4,0.00414216,USDT,0.00414216,Short,Market, df8f9fd3, b04c2990,23:02 2025-10-12
ETHFIUSDT,Trade,46.5,1.2552,1.1649,5.5E-4,0.03210174,USDT,0.03210174,Short,Market, 41bcbe72, b04c2990,23:02 2025-10-12
ETHFIUSDT,Trade,40.6,1.2553,1.1649,5.5E-4,0.02803085,USDT,0.02803085,Short,Market, c1c59b29, b04c2990,23:02 2025-10-12
ETHFIUSDT,Trade,92.8,1.2553,1.1649,5.5E-4,0.06407052,USDT,0.06407052,Short,Market, eef1e4ce, b04c2990,23:02 2025-10-12
ETHFIUSDT,Trade,130.0,1.2553,1.1649,5.5E-4,0.08975395,USDT,0.08975395,Short,Market, 1b50c9ef, b04c2990,23:02 2025-10-12
ETHFIUSDT,Trade,64.6,1.2553,1.1649,5.5E-4,0.04460081,USDT,0.04460081,Short,Market, 744ebecc, b04c2990,23:02 2025-10-12
ETHFIUSDT,Trade,86.7,1.2553,1.1649,5.5E-4,0.05985899,USDT,0.05985899,Short,Market, 00e489fe, b04c2990,23:02 2025-10-12
ETHFIUSDT,Trade,6.0,1.2553,1.1649,5.5E-4,0.00414249,USDT,0.00414249,Short,Market, 8ec8300c, b04c2990,23:02 2025-10-12
ETHFIUSDT,Trade,46.5,1.2553,1.1649,5.5E-4,0.0321043,USDT,0.0321043,Short,Market, c097d589, b04c2990,23:02 2025-10-12
ETHFIUSDT,Trade,6.0,1.2554,1.1649,5.5E-4,0.00414282,USDT,0.00414282,Short,Market, 70ac5ed7, b04c2990,23:02 2025-10-12
ETHFIUSDT,Trade,92.8,1.2554,1.1649,5.5E-4,0.06407562,USDT,0.06407562,Short,Market, f9900113, b04c2990,23:02 2025-10-12
ETHFIUSDT,Trade,64.6,1.2554,1.1649,5.5E-4,0.04460437,USDT,0.04460437,Short,Market, 0e810f3b, b04c2990,23:02 2025-10-12
ETHFIUSDT,Trade,129.9,1.2554,1.1649,5.5E-4,0.08969206,USDT,0.08969206,Short,Market, a681c24b, b04c2990,23:02 2025-10-12
ETHFIUSDT,Trade,86.6,1.2554,1.1649,5.5E-4,0.05979471,USDT,0.05979471,Short,Market, f4646238, b04c2990,23:02 2025-10-12
ETHFIUSDT,Trade,6.0,1.2554,1.1649,5.5E-4,0.00414282,USDT,0.00414282,Short,Market, caf56bd6, b04c2990,23:02 2025-10-12
ETHFIUSDT,Trade,46.5,1.2554,1.1649,5.5E-4,0.03210686,USDT,0.03210686,Short,Market, daa80fae, b04c2990,23:02 2025-10-12
ETHFIUSDT,Trade,86.6,1.2555,1.1649,5.5E-4,0.05979947,USDT,0.05979947,Short,Market, aa702c09, b04c2990,23:02 2025-10-12
ETHFIUSDT,Trade,64.6,1.2555,1.1649,5.5E-4,0.04460792,USDT,0.04460792,Short,Market, 42f99330, b04c2990,23:02 2025-10-12
ETHFIUSDT,Trade,129.9,1.2555,1.1649,5.5E-4,0.0896992,USDT,0.0896992,Short,Market, ef13333a, b04c2990,23:02 2025-10-12
ETHFIUSDT,Trade,6.0,1.2555,1.1649,5.5E-4,0.00414315,USDT,0.00414315,Short,Market, 7b4c3cfe, b04c2990,23:02 2025-10-12
ETHFIUSDT,Trade,46.5,1.2555,1.1649,5.5E-4,0.03210942,USDT,0.03210942,Short,Market, bf7f24bc, b04c2990,23:02 2025-10-12
ETHFIUSDT,Trade,122.4,1.2556,1.1649,5.5E-4,0.084527,USDT,0.084527,Short,Market, be5e1f4f, b04c2990,23:02 2025-10-12
ETHFIUSDT,Trade,129.9,1.2556,1.1649,5.5E-4,0.08970635,USDT,0.08970635,Short,Market, 2c5f2705, b04c2990,23:02 2025-10-12
ETHFIUSDT,Trade,86.6,1.2556,1.1649,5.5E-4,0.05980423,USDT,0.05980423,Short,Market, 701fb0e9, b04c2990,23:02 2025-10-12
ETHFIUSDT,Trade,64.6,1.2556,1.1649,5.5E-4,0.04461147,USDT,0.04461147,Short,Market, 685b53c4, b04c2990,23:02 2025-10-12
ETHFIUSDT,Trade,6.0,1.2556,1.1649,5.5E-4,0.00414348,USDT,0.00414348,Short,Market, bc83b18f, b04c2990,23:02 2025-10-12
ETHFIUSDT,Trade,46.5,1.2556,1.1649,5.5E-4,0.03211197,USDT,0.03211197,Short,Market, 8da2d72c, b04c2990,23:02 2025-10-12
ETHFIUSDT,Trade,86.6,1.2557,1.1649,5.5E-4,0.059809,USDT,0.059809,Short,Market, fc55607f, b04c2990,23:02 2025-10-12
ETHFIUSDT,Trade,98.9,1.2557,1.1649,5.5E-4,0.06830381,USDT,0.06830381,Short,Market, 3ff81515, b04c2990,23:02 2025-10-12
ETHFIUSDT,Trade,64.6,1.2557,1.1649,5.5E-4,0.04461503,USDT,0.04461503,Short,Market, 1e2d09c7, b04c2990,23:02 2025-10-12
ETHFIUSDT,Trade,92.8,1.2557,1.1649,5.5E-4,0.06409093,USDT,0.06409093,Short,Market, 669f91b6, b04c2990,23:02 2025-10-12
ETHFIUSDT,Trade,129.9,1.2557,1.1649,5.5E-4,0.08971349,USDT,0.08971349,Short,Market, 8996e810, b04c2990,23:02 2025-10-12
ETHFIUSDT,Trade,6.0,1.2557,1.1649,5.5E-4,0.00414381,USDT,0.00414381,Short,Market, c57286ac, b04c2990,23:02 2025-10-12
ETHFIUSDT,Trade,46.5,1.2557,1.1649,5.5E-4,0.03211453,USDT,0.03211453,Short,Market, 406b077c, b04c2990,23:02 2025-10-12
ETHFIUSDT,Trade,86.6,1.2558,1.1649,5.5E-4,0.05981376,USDT,0.05981376,Short,Market, 0f80826a, b04c2990,23:02 2025-10-12
ETHFIUSDT,Trade,64.6,1.2558,1.1649,5.5E-4,0.04461858,USDT,0.04461858,Short,Market, 542ee03b, b04c2990,23:02 2025-10-12
ETHFIUSDT,Trade,129.9,1.2558,1.1649,5.5E-4,0.08972064,USDT,0.08972064,Short,Market, a9e3d475, b04c2990,23:02 2025-10-12
ETHFIUSDT,Trade,6.0,1.2558,1.1649,5.5E-4,0.00414414,USDT,0.00414414,Short,Market, e224949a, b04c2990,23:02 2025-10-12
ETHFIUSDT,Trade,144.6,1.2558,1.1649,5.5E-4,0.09987378,USDT,0.09987378,Short,Market, c6669ada, b04c2990,23:02 2025-10-12
ETHFIUSDT,Trade,46.5,1.2558,1.1649,5.5E-4,0.03211709,USDT,0.03211709,Short,Market, ebc0f0b2, b04c2990,23:02 2025-10-12
ETHFIUSDT,Trade,59.7,1.2558,1.1649,5.5E-4,0.0412342,USDT,0.0412342,Short,Market, 2bd078bb, b04c2990,23:02 2025-10-12
ETHFIUSDT,Trade,6.0,1.2559,1.1649,5.5E-4,0.00414447,USDT,0.00414447,Short,Market, 144b0c8e, b04c2990,23:02 2025-10-12
ETHFIUSDT,Trade,7.9,1.256,1.1649,5.5E-4,0.00545732,USDT,0.00545732,Short,Market, bb1437f7, b04c2990,23:02 2025-10-12
ETHFIUSDT,Trade,59.7,1.256,1.1649,5.5E-4,0.04124076,USDT,0.04124076,Short,Market, acb58732, b04c2990,23:02 2025-10-12
ETHFIUSDT,Trade,22.4,1.256,1.1649,5.5E-4,0.01547392,USDT,0.01547392,Short,Market, 6930df1c, b04c2990,23:02 2025-10-12
ETHFIUSDT,Trade,46.5,1.256,1.1649,5.5E-4,0.0321222,USDT,0.0321222,Short,Market, d293b7d4, b04c2990,23:02 2025-10-12
ETHFIUSDT,Trade,34.9,1.2605,1.1582,5.5E-4,0.0241953,USDT,0.0241953,Short,Market, 08c16c83, 641104c2,22:50 2025-10-12
ETHFIUSDT,Trade,68.3,1.2606,1.1582,5.5E-4,0.04735444,USDT,0.04735444,Short,Market, 6d27e543, 641104c2,22:50 2025-10-12
ETHFIUSDT,Trade,473.7,1.2606,1.1582,5.5E-4,0.32843043,USDT,0.32843043,Short,Market, 4037f8fa, 641104c2,22:50 2025-10-12
ETHFIUSDT,Trade,6.0,1.2606,1.1582,5.5E-4,0.00415998,USDT,0.00415998,Short,Market, d14d4617, 641104c2,22:50 2025-10-12
ETHFIUSDT,Trade,205.8,1.2606,1.1582,5.5E-4,0.14268732,USDT,0.14268732,Short,Market, 75372123, 641104c2,22:50 2025-10-12
ETHFIUSDT,Trade,58.1,1.2606,1.1582,5.5E-4,0.04028248,USDT,0.04028248,Short,Market, 9113f21c, 641104c2,22:50 2025-10-12
ETHFIUSDT,Trade,64.0,1.2606,1.1582,5.5E-4,0.04437312,USDT,0.04437312,Short,Market, 81dd46f9, 641104c2,22:50 2025-10-12
ETHFIUSDT,Trade,85.6,1.2606,1.1582,5.5E-4,0.05934905,USDT,0.05934905,Short,Market, 1f4a25a5, 641104c2,22:50 2025-10-12
ETHFIUSDT,Trade,128.1,1.2606,1.1582,5.5E-4,0.08881558,USDT,0.08881558,Short,Market, 5e66a4aa, 641104c2,22:50 2025-10-12
ETHFIUSDT,Trade,6.0,1.2607,1.1582,5.5E-4,0.00416031,USDT,0.00416031,Short,Market, 3eb2ecd0, 641104c2,22:50 2025-10-12
ETHFIUSDT,Trade,79.1,1.2607,1.1582,5.5E-4,0.05484676,USDT,0.05484676,Short,Market, e4c800e1, 641104c2,22:50 2025-10-12
ETHFIUSDT,Trade,58.1,1.2607,1.1582,5.5E-4,0.04028567,USDT,0.04028567,Short,Market, 4fede22e, 641104c2,22:50 2025-10-12
ETHFIUSDT,Trade,85.6,1.2607,1.1582,5.5E-4,0.05935376,USDT,0.05935376,Short,Market, 7a5073c7, 641104c2,22:50 2025-10-12
ETHFIUSDT,Trade,64.0,1.2607,1.1582,5.5E-4,0.04437664,USDT,0.04437664,Short,Market, 9ee37649, 641104c2,22:50 2025-10-12
ETHFIUSDT,Trade,128.1,1.2607,1.1582,5.5E-4,0.08882262,USDT,0.08882262,Short,Market, 6205b866, 641104c2,22:50 2025-10-12
ETHFIUSDT,Trade,44.2,1.2608,1.1582,5.5E-4,0.03065005,USDT,0.03065005,Short,Market, f3c29f90, 641104c2,22:50 2025-10-12
ETHFIUSDT,Trade,6.0,1.2608,1.1582,5.5E-4,0.00416064,USDT,0.00416064,Short,Market, b59e4944, 641104c2,22:50 2025-10-12
ETHFIUSDT,Trade,4.4,1.2608,1.1582,5.5E-4,0.00305114,USDT,0.00305114,Short,Market, f51416c0, 641104c2,22:50 2025-10-12
ETHFIUSDT,Trade,58.1,1.2608,1.1582,5.5E-4,0.04028887,USDT,0.04028887,Short,Market, 8ee54133, 641104c2,22:50 2025-10-12
ETHFIUSDT,Trade,6.0,1.2608,1.1582,5.5E-4,0.00416064,USDT,0.00416064,Short,Market, 362677dc, 641104c2,22:50 2025-10-12
ETHFIUSDT,Trade,63.9,1.2608,1.1582,5.5E-4,0.04431082,USDT,0.04431082,Short,Market, 00c61a4c, 641104c2,22:50 2025-10-12
ETHFIUSDT,Trade,128.0,1.2608,1.1582,5.5E-4,0.08876032,USDT,0.08876032,Short,Market, 7981d772, 641104c2,22:50 2025-10-12
ETHFIUSDT,Trade,85.6,1.2608,1.1582,5.5E-4,0.05935847,USDT,0.05935847,Short,Market, 82edeb96, 641104c2,22:50 2025-10-12
ETHFIUSDT,Trade,6.0,1.2609,1.1582,5.5E-4,0.00416097,USDT,0.00416097,Short,Market, 49b0fb5e, 641104c2,22:50 2025-10-12
ETHFIUSDT,Trade,85.6,1.2609,1.1582,5.5E-4,0.05936318,USDT,0.05936318,Short,Market, aa4eed50, 641104c2,22:50 2025-10-12
ETHFIUSDT,Trade,63.9,1.2609,1.1582,5.5E-4,0.04431434,USDT,0.04431434,Short,Market, e461515f, 641104c2,22:50 2025-10-12
ETHFIUSDT,Trade,128.0,1.2609,1.1582,5.5E-4,0.08876736,USDT,0.08876736,Short,Market, 96ffdf4b, 641104c2,22:50 2025-10-12
ETHFIUSDT,Trade,4.4,1.261,1.1582,5.5E-4,0.00305162,USDT,0.00305162,Short,Market, fabc2649, 641104c2,22:50 2025-10-12
ETHFIUSDT,Trade,6.0,1.261,1.1582,5.5E-4,0.0041613,USDT,0.0041613,Short,Market, 42e7727c, 641104c2,22:50 2025-10-12
ETHFIUSDT,Trade,85.5,1.261,1.1582,5.5E-4,0.05929853,USDT,0.05929853,Short,Market, e9718521, 641104c2,22:50 2025-10-12
ETHFIUSDT,Trade,63.8,1.261,1.1582,5.5E-4,0.04424849,USDT,0.04424849,Short,Market, 5b196e90, 641104c2,22:50 2025-10-12
ETHFIUSDT,Trade,127.9,1.261,1.1582,5.5E-4,0.08870505,USDT,0.08870505,Short,Market, 115cc88f, 641104c2,22:50 2025-10-12
ETHFIUSDT,Trade,6.0,1.2611,1.1582,5.5E-4,0.00416163,USDT,0.00416163,Short,Market, 667e68e4, 641104c2,22:50 2025-10-12
ETHFIUSDT,Trade,85.5,1.2611,1.1582,5.5E-4,0.05930323,USDT,0.05930323,Short,Market, 26f455d9, 641104c2,22:50 2025-10-12
ETHFIUSDT,Trade,63.8,1.2611,1.1582,5.5E-4,0.044252,USDT,0.044252,Short,Market, b722d92c, 641104c2,22:50 2025-10-12
ETHFIUSDT,Trade,127.9,1.2611,1.1582,5.5E-4,0.08871208,USDT,0.08871208,Short,Market, 4b10b917, 641104c2,22:50 2025-10-12
ETHFIUSDT,Trade,118.1,1.2612,1.1582,5.5E-4,0.08192125,USDT,0.08192125,Short,Market, 83b19a71, 641104c2,22:50 2025-10-12
ETHFIUSDT,Trade,78.4,1.2612,1.1582,5.5E-4,0.05438295,USDT,0.05438295,Short,Market, 9fbe9833, 641104c2,22:50 2025-10-12
ETHFIUSDT,Trade,84.3,1.2612,1.1582,5.5E-4,0.05847554,USDT,0.05847554,Short,Market, fe16d19b, 641104c2,22:50 2025-10-12
ETHFIUSDT,Trade,6.0,1.2612,1.1582,5.5E-4,0.00416196,USDT,0.00416196,Short,Market, c237e5d7, 641104c2,22:50 2025-10-12
ETHFIUSDT,Trade,11.4,1.2612,1.1582,5.5E-4,0.00790773,USDT,0.00790773,Short,Market, b7dd43aa, 641104c2,22:50 2025-10-12
ETHFIUSDT,Trade,4.4,1.2612,1.1582,5.5E-4,0.00305211,USDT,0.00305211,Short,Market, d495d4cf, 641104c2,22:50 2025-10-12
ETHFIUSDT,Trade,85.5,1.2612,1.1582,5.5E-4,0.05930793,USDT,0.05930793,Short,Market, 6db2584f, 641104c2,22:50 2025-10-12
ETHFIUSDT,Trade,63.8,1.2612,1.1582,5.5E-4,0.04425551,USDT,0.04425551,Short,Market, dcfa3fd9, 641104c2,22:50 2025-10-12
ETHFIUSDT,Trade,11.8,1.2613,1.1582,5.5E-4,0.00818584,USDT,0.00818584,Short,Market, c29afcff, 641104c2,22:50 2025-10-12
ETHFIUSDT,Trade,118.1,1.2613,1.1582,5.5E-4,0.08192775,USDT,0.08192775,Short,Market, 342c1293, 641104c2,22:50 2025-10-12
ETHFIUSDT,Trade,58.8,1.2613,1.1582,5.5E-4,0.04079045,USDT,0.04079045,Short,Market, 4f80112a, 641104c2,22:50 2025-10-12
ETHFIUSDT,Trade,79.1,1.2613,1.1582,5.5E-4,0.05487286,USDT,0.05487286,Short,Market, 54b8cfd7, 641104c2,22:50 2025-10-12
ETHFIUSDT,Trade,62.7,1.2613,1.1582,5.5E-4,0.04349594,USDT,0.04349594,Short,Market, 96e5175b, 641104c2,22:50 2025-10-12
ETHFIUSDT,Trade,62.7,1.2613,1.1582,5.5E-4,0.04349594,USDT,0.04349594,Short,Market, a65dd922, 641104c2,22:50 2025-10-12
ETHFIUSDT,Trade,93.3,1.2613,1.1582,5.5E-4,0.06472361,USDT,0.06472361,Short,Market, 259777d9, 641104c2,22:50 2025-10-12
ETHFIUSDT,Trade,79.2,1.2613,1.1582,5.5E-4,0.05494223,USDT,0.05494223,Short,Market, b74a6f89, 641104c2,22:50 2025-10-12
ETHFIUSDT,Trade,6.0,1.2613,1.1582,5.5E-4,0.00416229,USDT,0.00416229,Short,Market, b03aa8bc, 641104c2,22:50 2025-10-12
ETHFIUSDT,Trade,4.4,1.2614,1.1582,5.5E-4,0.00305259,USDT,0.00305259,Short,Market, ac2b409d, 641104c2,22:50 2025-10-12
ETHFIUSDT,Trade,6.0,1.2614,1.1582,5.5E-4,0.00416262,USDT,0.00416262,Short,Market, 12ddcdab, 641104c2,22:50 2025-10-12
ETHFIUSDT,Trade,6.0,1.2614,1.1582,5.5E-4,0.00416262,USDT,0.00416262,Short,Market, d43c44dd, 641104c2,22:50 2025-10-12
ETHFIUSDT,Trade,38.9,1.2615,1.1582,5.5E-4,0.0269898,USDT,0.0269898,Short,Market, 5b9d966f, 641104c2,22:50 2025-10-12
ETHFIUSDT,Trade,6.0,1.2615,1.1582,5.5E-4,0.00416295,USDT,0.00416295,Short,Market, 21a7d850, 641104c2,22:50 2025-10-12
BTCUSDT,Trade,0.12,115244.7,114094.9,5.5E-4,7.6061502,USDT,7.6061502,Short,Market, 368bd6c0, 4a70e34c,22:39 2025-10-12
BTCUSDT,Trade,0.009,115244.7,114094.9,5.5E-4,0.57046127,USDT,0.57046127,Short,Market, 6018ecbd, 4a70e34c,22:39 2025-10-12
BTCUSDT,Trade,0.005,115555.7,116730.7,5.5E-4,0.31777818,USDT,0.31777818,Long,Market, 57f7cacf, 79284078,22:21 2025-10-12
BTCUSDT,Trade,0.018,115555.7,116730.7,5.5E-4,1.14400143,USDT,1.14400143,Long,Market, 7c1719d9, 79284078,22:21 2025-10-12
ETHFIUSDT,Trade,294.1,1.2755,1.3883,5.5E-4,0.20631851,USDT,0.20631851,Long,Market, 716627ff, 766b60c3,21:54 2025-10-12
ETHFIUSDT,Trade,84.4,1.2755,1.3883,5.5E-4,0.05920871,USDT,0.05920871,Long,Market, 7d120959, 766b60c3,21:54 2025-10-12
ETHFIUSDT,Trade,57.8,1.2755,1.3883,5.5E-4,0.04054815,USDT,0.04054815,Long,Market, 3f20a2f9, 766b60c3,21:54 2025-10-12
ETHFIUSDT,Trade,5.9,1.2755,1.3883,5.5E-4,0.004139,USDT,0.004139,Long,Market, dae43472, 766b60c3,21:54 2025-10-12
ETHFIUSDT,Trade,1229.7,1.2754,1.3883,5.5E-4,0.86259766,USDT,0.86259766,Long,Market, 80ad1bec, 766b60c3,21:54 2025-10-12
ETHFIUSDT,Trade,46.7,1.2754,1.3883,5.5E-4,0.03275865,USDT,0.03275865,Long,Market, 7bdcb3f1, 766b60c3,21:54 2025-10-12
ETHFIUSDT,Trade,4.4,1.2754,1.3883,5.5E-4,0.00308647,USDT,0.00308647,Long,Market, 1cc85b7d, 766b60c3,21:54 2025-10-12
XRPUSDT,Trade,9.8,2.5631,2.6911,5.5E-4,0.01381511,USDT,0.01381511,Long,Market, 5609f0ce, b06c3327,21:16 2025-10-12
XRPUSDT,Trade,3.2,2.5631,2.6911,5.5E-4,0.00451106,USDT,0.00451106,Long,Market, 0addbd4e, b06c3327,21:16 2025-10-12
XRPUSDT,Trade,3.2,2.5631,2.6911,5.5E-4,0.00451106,USDT,0.00451106,Long,Market, 35e128bf, b06c3327,21:16 2025-10-12
XRPUSDT,Trade,63.0,2.5631,2.6911,5.5E-4,0.08881142,USDT,0.08881142,Long,Market, 17a7ef7d, b06c3327,21:16 2025-10-12
XRPUSDT,Trade,7.5,2.5631,2.6911,5.5E-4,0.01057279,USDT,0.01057279,Long,Market, 2ce141d4, b06c3327,21:16 2025-10-12
XRPUSDT,Trade,3.0,2.5631,2.6911,5.5E-4,0.00422912,USDT,0.00422912,Long,Market, 9df23595, b06c3327,21:16 2025-10-12
XRPUSDT,Trade,62.0,2.5631,2.6911,5.5E-4,0.08740171,USDT,0.08740171,Long,Market, 174773a6, b06c3327,21:16 2025-10-12
XRPUSDT,Trade,7.8,2.5631,2.6911,5.5E-4,0.0109957,USDT,0.0109957,Long,Market, eab68e2a, b06c3327,21:16 2025-10-12
XRPUSDT,Trade,183.1,2.5631,2.6911,5.5E-4,0.25811699,USDT,0.25811699,Long,Market, 40796f31, b06c3327,21:16 2025-10-12
XRPUSDT,Trade,97.5,2.5631,2.6911,5.5E-4,0.13744624,USDT,0.13744624,Long,Market, 6b6313ee, b06c3327,21:16 2025-10-12
XRPUSDT,Trade,147.1,2.5631,2.6911,5.5E-4,0.20736761,USDT,0.20736761,Long,Market, 7a2c65d6, b06c3327,21:16 2025-10-12
BNBUSDT,Trade,1.81,1300.5,1235.6,5.5E-4,1.29464775,USDT,1.29464775,Short,Market, efc5cf9d, 32a9a776,20:59 2025-10-12
XRPUSDT,Trade,17.2,2.5527,2.4251,5.5E-4,0.02414855,USDT,0.02414855,Short,Market, cafe0ae9, 242a9f41,20:59 2025-10-12
XRPUSDT,Trade,421.1,2.5527,2.4251,5.5E-4,0.59121809,USDT,0.59121809,Short,Market, e7d0c58e, 242a9f41,20:59 2025-10-12
XRPUSDT,Trade,44.1,2.5527,2.4251,5.5E-4,0.06191574,USDT,0.06191574,Short,Market, ac5013f8, 242a9f41,20:59 2025-10-12
XRPUSDT,Trade,117.5,2.5527,2.4251,5.5E-4,0.16496824,USDT,0.16496824,Short,Market, 2dd51166, 242a9f41,20:59 2025-10-12
ETHFIUSDT,Trade,102.9,1.2911,1.4054,5.5E-4,0.07306981,USDT,0.07306981,Long,Market, d215b7f4, 3cd986cc,20:35 2025-10-12
ETHFIUSDT,Trade,58.3,1.2911,1.4054,5.5E-4,0.04139913,USDT,0.04139913,Long,Market, 41d0092a, 3cd986cc,20:35 2025-10-12
ETHFIUSDT,Trade,79.3,1.2911,1.4054,5.5E-4,0.05631133,USDT,0.05631133,Long,Market, 41237c7f, 3cd986cc,20:35 2025-10-12
ETHFIUSDT,Trade,71.0,1.2911,1.4054,5.5E-4,0.05041746,USDT,0.05041746,Long,Market, 1eb0de73, 3cd986cc,20:35 2025-10-12
ETHFIUSDT,Trade,7.2,1.2911,1.4054,5.5E-4,0.00511276,USDT,0.00511276,Long,Market, 119fde93, 3cd986cc,20:35 2025-10-12
ETHFIUSDT,Trade,6.7,1.2911,1.4054,5.5E-4,0.00475771,USDT,0.00475771,Long,Market, 10c1c32e, 3cd986cc,20:35 2025-10-12
ETHFIUSDT,Trade,5.9,1.2911,1.4054,5.5E-4,0.00418962,USDT,0.00418962,Long,Market, 38bd63cc, 3cd986cc,20:35 2025-10-12
ETHFIUSDT,Trade,125.5,1.291,1.4054,5.5E-4,0.08911128,USDT,0.08911128,Long,Market, a4417af3, 3cd986cc,20:35 2025-10-12
ETHFIUSDT,Trade,71.0,1.291,1.4054,5.5E-4,0.05041355,USDT,0.05041355,Long,Market, 91111d05, 3cd986cc,20:35 2025-10-12
ETHFIUSDT,Trade,5.9,1.291,1.4054,5.5E-4,0.0041893,USDT,0.0041893,Long,Market, 06a97a6c, 3cd986cc,20:35 2025-10-12
ETHFIUSDT,Trade,5.5,1.291,1.4054,5.5E-4,0.00390528,USDT,0.00390528,Long,Market, 754a72e9, 3cd986cc,20:35 2025-10-12
ETHFIUSDT,Trade,5.5,1.291,1.4054,5.5E-4,0.00390528,USDT,0.00390528,Long,Market, 8c0fb14a, 3cd986cc,20:35 2025-10-12
ETHFIUSDT,Trade,127.6,1.291,1.4054,5.5E-4,0.09060238,USDT,0.09060238,Long,Market, 227d5c51, 3cd986cc,20:35 2025-10-12
ETHFIUSDT,Trade,58.3,1.2909,1.4054,5.5E-4,0.04139271,USDT,0.04139271,Long,Market, 61ad4850, 3cd986cc,20:35 2025-10-12
ETHFIUSDT,Trade,80.6,1.2909,1.4054,5.5E-4,0.0572256,USDT,0.0572256,Long,Market, c856ef0d, 3cd986cc,20:35 2025-10-12
ETHFIUSDT,Trade,12.9,1.2909,1.4054,5.5E-4,0.00915894,USDT,0.00915894,Long,Market, 98d80a1b, 3cd986cc,20:35 2025-10-12
ETHFIUSDT,Trade,13.8,1.2909,1.4054,5.5E-4,0.00979794,USDT,0.00979794,Long,Market, 319cc703, 3cd986cc,20:35 2025-10-12
ETHFIUSDT,Trade,55.0,1.2909,1.4054,5.5E-4,0.03904973,USDT,0.03904973,Long,Market, a6eaf57c, 3cd986cc,20:35 2025-10-12
ETHFIUSDT,Trade,71.0,1.2909,1.4054,5.5E-4,0.05040965,USDT,0.05040965,Long,Market, ad3c33cd, 3cd986cc,20:35 2025-10-12
ETHFIUSDT,Trade,54.9,1.2909,1.4054,5.5E-4,0.03897873,USDT,0.03897873,Long,Market, af59d979, 3cd986cc,20:35 2025-10-12
ETHFIUSDT,Trade,5.9,1.2909,1.4054,5.5E-4,0.00418898,USDT,0.00418898,Long,Market, 1df15fe2, 3cd986cc,20:35 2025-10-12
ETHFIUSDT,Trade,71.0,1.2908,1.4054,5.5E-4,0.05040574,USDT,0.05040574,Long,Market, 34d7188d, 3cd986cc,20:35 2025-10-12
ETHFIUSDT,Trade,79.3,1.2908,1.4054,5.5E-4,0.05629825,USDT,0.05629825,Long,Market, 062d9edb, 3cd986cc,20:35 2025-10-12
ETHFIUSDT,Trade,12.9,1.2908,1.4054,5.5E-4,0.00915823,USDT,0.00915823,Long,Market, 0d827ebb, 3cd986cc,20:35 2025-10-12
ETHFIUSDT,Trade,13.8,1.2908,1.4054,5.5E-4,0.00979718,USDT,0.00979718,Long,Market, bf342f37, 3cd986cc,20:35 2025-10-12
ETHFIUSDT,Trade,5.9,1.2908,1.4054,5.5E-4,0.00418865,USDT,0.00418865,Long,Market, 4a18cc08, 3cd986cc,20:35 2025-10-12
ETHFIUSDT,Trade,55.0,1.2907,1.4054,5.5E-4,0.03904368,USDT,0.03904368,Long,Market, f331f22d, 3cd986cc,20:35 2025-10-12
ETHFIUSDT,Trade,71.0,1.2907,1.4054,5.5E-4,0.05040184,USDT,0.05040184,Long,Market, 41552ed6, 3cd986cc,20:35 2025-10-12
ETHFIUSDT,Trade,54.9,1.2907,1.4054,5.5E-4,0.03897269,USDT,0.03897269,Long,Market, ae1c1473, 3cd986cc,20:35 2025-10-12
ETHFIUSDT,Trade,12.9,1.2907,1.4054,5.5E-4,0.00915752,USDT,0.00915752,Long,Market, 6c423e73, 3cd986cc,20:35 2025-10-12
ETHFIUSDT,Trade,13.8,1.2907,1.4054,5.5E-4,0.00979642,USDT,0.00979642,Long,Market, 039cd26f, 3cd986cc,20:35 2025-10-12
ETHFIUSDT,Trade,5.9,1.2907,1.4054,5.5E-4,0.00418833,USDT,0.00418833,Long,Market, b19d0899, 3cd986cc,20:35 2025-10-12
ETHFIUSDT,Trade,127.6,1.2907,1.4054,5.5E-4,0.09058133,USDT,0.09058133,Long,Market, 699e8d14, 3cd986cc,20:35 2025-10-12
ETHFIUSDT,Trade,5.9,1.2906,1.4054,5.5E-4,0.004188,USDT,0.004188,Long,Market, 4a7e50d9, 3cd986cc,20:35 2025-10-12
ETHFIUSDT,Trade,127.6,1.2906,1.4054,5.5E-4,0.09057431,USDT,0.09057431,Long,Market, d15775dc, 3cd986cc,20:35 2025-10-12
ETHFIUSDT,Trade,90.5,1.2906,1.4054,5.5E-4,0.06423962,USDT,0.06423962,Long,Market, 8d1bd496, 3cd986cc,20:35 2025-10-12
ETHFIUSDT,Trade,127.6,1.2905,1.4054,5.5E-4,0.09056729,USDT,0.09056729,Long,Market, e8e9038c, 3cd986cc,20:35 2025-10-12
ETHFIUSDT,Trade,109.0,1.2905,1.4054,5.5E-4,0.07736548,USDT,0.07736548,Long,Market, 2dc4c259, 3cd986cc,20:35 2025-10-12
ETHFIUSDT,Trade,40.5,1.2905,1.4054,5.5E-4,0.02874589,USDT,0.02874589,Long,Market, 0865bcf7, 3cd986cc,20:35 2025-10-12
BTCUSDT,Trade,0.077,115206.2,116363.7,5.5E-4,4.87898257,USDT,4.87898257,Long,Market, 834f1927, f1403dac,20:29 2025-10-12
ETHFIUSDT,Trade,11.6,1.2911,1.405,5.5E-4,0.00823722,USDT,0.00823722,Long,Market, b94c84e9, a5f82284,20:03 2025-10-12
ETHFIUSDT,Trade,71.3,1.2911,1.405,5.5E-4,0.05063049,USDT,0.05063049,Long,Market, a826835d, a5f82284,20:03 2025-10-12
ETHFIUSDT,Trade,167.3,1.2911,1.405,5.5E-4,0.11880057,USDT,0.11880057,Long,Market, 5f4357ca, a5f82284,20:03 2025-10-12
ETHFIUSDT,Trade,53.6,1.2911,1.405,5.5E-4,0.03806163,USDT,0.03806163,Long,Market, 3e9573c5, a5f82284,20:03 2025-10-12
ETHFIUSDT,Trade,107.8,1.2911,1.405,5.5E-4,0.07654932,USDT,0.07654932,Long,Market, 37eb8ce6, a5f82284,20:03 2025-10-12
ETHFIUSDT,Trade,5.9,1.2911,1.405,5.5E-4,0.00418962,USDT,0.00418962,Long,Market, 34af82c8, a5f82284,20:03 2025-10-12
ETHFIUSDT,Trade,77.4,1.291,1.405,5.5E-4,0.05495787,USDT,0.05495787,Long,Market, 7c42b624, a5f82284,20:03 2025-10-12
ETHFIUSDT,Trade,707.6,1.291,1.405,5.5E-4,0.50243138,USDT,0.50243138,Long,Market, 0cd64292, a5f82284,20:03 2025-10-12
ETHFIUSDT,Trade,39.5,1.291,1.405,5.5E-4,0.02804698,USDT,0.02804698,Long,Market, 0439e5f4, a5f82284,20:03 2025-10-12
ETHFIUSDT,Trade,5.9,1.291,1.405,5.5E-4,0.0041893,USDT,0.0041893,Long,Market, 86867f3d, a5f82284,20:03 2025-10-12
ETHFIUSDT,Trade,79.3,1.291,1.405,5.5E-4,0.05630697,USDT,0.05630697,Long,Market, 843ccb47, a5f82284,20:03 2025-10-12
ETHFIUSDT,Trade,71.3,1.291,1.405,5.5E-4,0.05062657,USDT,0.05062657,Long,Market, c024a78f, a5f82284,20:03 2025-10-12
ETHFIUSDT,Trade,18.3,1.291,1.405,5.5E-4,0.01299392,USDT,0.01299392,Long,Market, 20f76fc4, a5f82284,20:03 2025-10-12
ETHFIUSDT,Trade,18.9,1.291,1.405,5.5E-4,0.01341995,USDT,0.01341995,Long,Market, 13b675a8, a5f82284,20:03 2025-10-12
ETHFIUSDT,Trade,5.9,1.291,1.405,5.5E-4,0.0041893,USDT,0.0041893,Long,Market, 22bb06db, a5f82284,20:03 2025-10-12
ETHFIUSDT,Trade,74.9,1.291,1.405,5.5E-4,0.05318275,USDT,0.05318275,Long,Market, ddcd479e, a5f82284,20:03 2025-10-12
ETHFIUSDT,Trade,4.3,1.291,1.405,5.5E-4,0.00305322,USDT,0.00305322,Long,Market, 3f523b98, a5f82284,20:03 2025-10-12
ETHFIUSDT,Trade,53.6,1.291,1.405,5.5E-4,0.03805868,USDT,0.03805868,Long,Market, 3f7382d6, a5f82284,20:03 2025-10-12
ETHFIUSDT,Trade,107.8,1.291,1.405,5.5E-4,0.07654339,USDT,0.07654339,Long,Market, 7bd2215b, a5f82284,20:03 2025-10-12
ETHFIUSDT,Trade,105.7,1.2909,1.405,5.5E-4,0.07504648,USDT,0.07504648,Long,Market, e52bd2a9, a5f82284,20:03 2025-10-12
ETHFIUSDT,Trade,18.3,1.2909,1.405,5.5E-4,0.01299291,USDT,0.01299291,Long,Market, 9099f7c9, a5f82284,20:03 2025-10-12
ETHFIUSDT,Trade,71.3,1.2909,1.405,5.5E-4,0.05062265,USDT,0.05062265,Long,Market, 57c15363, a5f82284,20:03 2025-10-12
ETHFIUSDT,Trade,5.9,1.2909,1.405,5.5E-4,0.00418898,USDT,0.00418898,Long,Market, 78dc0326, a5f82284,20:03 2025-10-12
ETHFIUSDT,Trade,20.3,1.2909,1.405,5.5E-4,0.0144129,USDT,0.0144129,Long,Market, 31db261d, a5f82284,20:03 2025-10-12
ETHFIUSDT,Trade,58.6,1.2909,1.405,5.5E-4,0.04160571,USDT,0.04160571,Long,Market, da9addbb, a5f82284,20:03 2025-10-12
ETHFIUSDT,Trade,17.6,1.2908,1.405,5.5E-4,0.01249495,USDT,0.01249495,Long,Market, d565d55c, a5f82284,20:03 2025-10-12
ETHFIUSDT,Trade,4.3,1.2908,1.405,5.5E-4,0.00305275,USDT,0.00305275,Long,Market, 3645f3ee, a5f82284,20:03 2025-10-12
ETHFIUSDT,Trade,86.0,1.2908,1.405,5.5E-4,0.06105484,USDT,0.06105484,Long,Market, d64bc929, a5f82284,20:03 2025-10-12
ETHFIUSDT,Trade,71.3,1.2908,1.405,5.5E-4,0.05061873,USDT,0.05061873,Long,Market, 5c51da59, a5f82284,20:03 2025-10-12
ETHFIUSDT,Trade,20.3,1.2908,1.405,5.5E-4,0.01441179,USDT,0.01441179,Long,Market, 68127806, a5f82284,20:03 2025-10-12
ETHFIUSDT,Trade,5.9,1.2908,1.405,5.5E-4,0.00418865,USDT,0.00418865,Long,Market, 289fc4cd, a5f82284,20:03 2025-10-12
ETHFIUSDT,Trade,17.6,1.2907,1.405,5.5E-4,0.01249398,USDT,0.01249398,Long,Market, 65823f6e, a5f82284,20:03 2025-10-12
ETHFIUSDT,Trade,19.6,1.2907,1.405,5.5E-4,0.01391375,USDT,0.01391375,Long,Market, 8925f407, a5f82284,20:03 2025-10-12
ETHFIUSDT,Trade,71.3,1.2907,1.405,5.5E-4,0.05061481,USDT,0.05061481,Long,Market, 3f1cbab8, a5f82284,20:03 2025-10-12
ETHFIUSDT,Trade,5.9,1.2907,1.405,5.5E-4,0.00418833,USDT,0.00418833,Long,Market, 4b383a99, a5f82284,20:03 2025-10-12
ETHFIUSDT,Trade,17.6,1.2906,1.405,5.5E-4,0.01249301,USDT,0.01249301,Long,Market, 700937dd, a5f82284,20:03 2025-10-12
ETHFIUSDT,Trade,19.6,1.2906,1.405,5.5E-4,0.01391267,USDT,0.01391267,Long,Market, 7e5d2894, a5f82284,20:03 2025-10-12
ETHFIUSDT,Trade,58.6,1.2906,1.405,5.5E-4,0.04159604,USDT,0.04159604,Long,Market, 8745aedb, a5f82284,20:03 2025-10-12
ETHFIUSDT,Trade,55.0,1.2906,1.405,5.5E-4,0.03904065,USDT,0.03904065,Long,Market, 21aebc58, a5f82284,20:03 2025-10-12
ETHFIUSDT,Trade,71.3,1.2906,1.405,5.5E-4,0.05061088,USDT,0.05061088,Long,Market, 34a9d57a, a5f82284,20:03 2025-10-12
ETHFIUSDT,Trade,5.9,1.2906,1.405,5.5E-4,0.004188,USDT,0.004188,Long,Market, 5e626442, a5f82284,20:03 2025-10-12
ETHFIUSDT,Trade,75.0,1.2905,1.405,5.5E-4,0.05323313,USDT,0.05323313,Long,Market, 28254599, a5f82284,20:03 2025-10-12
ETHFIUSDT,Trade,149.2,1.2905,1.405,5.5E-4,0.10589843,USDT,0.10589843,Long,Market, 9c506d3f, a5f82284,20:03 2025-10-12
ETHFIUSDT,Trade,10.4,1.2905,1.405,5.5E-4,0.00738166,USDT,0.00738166,Long,Market, 8f7bfa15, a5f82284,20:03 2025-10-12
ETHFIUSDT,Trade,5.4,1.2905,1.405,5.5E-4,0.00383279,USDT,0.00383279,Long,Market, 0f419e11, a5f82284,20:03 2025-10-12
ETHFIUSDT,Trade,5.9,1.2905,1.405,5.5E-4,0.00418768,USDT,0.00418768,Long,Market, 24b18438, a5f82284,20:03 2025-10-12
ETHFIUSDT,Trade,58.6,1.2904,1.405,5.5E-4,0.0415896,USDT,0.0415896,Long,Market, 04824f96, a5f82284,20:03 2025-10-12
ETHFIUSDT,Trade,1.3,1.2904,1.405,5.5E-4,9.2264E-4,USDT,0.00092264,Long,Market, cde79f39, a5f82284,20:03 2025-10-12
ETHFIUSDT,Trade,60.7,1.2904,1.405,5.5E-4,0.04308001,USDT,0.04308001,Long,Market, fe410487, a5f82284,20:03 2025-10-12
ETHFIUSDT,Trade,26.6,1.2883,1.1606,5.5E-4,0.01884783,USDT,0.01884783,Short,Market, a6faae77, cfb02cc3,19:41 2025-10-12
ETHFIUSDT,Trade,5.9,1.2883,1.1606,5.5E-4,0.00418054,USDT,0.00418054,Short,Market, 82579ed7, cfb02cc3,19:41 2025-10-12
ETHFIUSDT,Trade,66.7,1.2883,1.1606,5.5E-4,0.04726129,USDT,0.04726129,Short,Market, 46917918, cfb02cc3,19:41 2025-10-12
ETHFIUSDT,Trade,38.6,1.2884,1.1606,5.5E-4,0.02735274,USDT,0.02735274,Short,Market, ddeaca62, cfb02cc3,19:41 2025-10-12
ETHFIUSDT,Trade,49.4,1.2884,1.1606,5.5E-4,0.03500583,USDT,0.03500583,Short,Market, dc48c0ad, cfb02cc3,19:41 2025-10-12
ETHFIUSDT,Trade,66.3,1.2884,1.1606,5.5E-4,0.04698151,USDT,0.04698151,Short,Market, cfdf0394, cfb02cc3,19:41 2025-10-12
ETHFIUSDT,Trade,99.6,1.2884,1.1606,5.5E-4,0.07057856,USDT,0.07057856,Short,Market, ddcb1b50, cfb02cc3,19:41 2025-10-12
ETHFIUSDT,Trade,5.9,1.2884,1.1606,5.5E-4,0.00418086,USDT,0.00418086,Short,Market, 39447a2c, cfb02cc3,19:41 2025-10-12
ETHFIUSDT,Trade,4.3,1.2884,1.1606,5.5E-4,0.00304707,USDT,0.00304707,Short,Market, dd70ac0a, cfb02cc3,19:41 2025-10-12
ETHFIUSDT,Trade,5.9,1.2884,1.1606,5.5E-4,0.00418086,USDT,0.00418086,Short,Market, cd48d94a, cfb02cc3,19:41 2025-10-12
ETHFIUSDT,Trade,57.7,1.2885,1.1606,5.5E-4,0.04089055,USDT,0.04089055,Short,Market, 24a31681, cfb02cc3,19:41 2025-10-12
ETHFIUSDT,Trade,66.3,1.2885,1.1606,5.5E-4,0.04698516,USDT,0.04698516,Short,Market, aa2fe21b, cfb02cc3,19:41 2025-10-12
ETHFIUSDT,Trade,49.4,1.2885,1.1606,5.5E-4,0.03500855,USDT,0.03500855,Short,Market, d18adf51, cfb02cc3,19:41 2025-10-12
ETHFIUSDT,Trade,99.6,1.2885,1.1606,5.5E-4,0.07058403,USDT,0.07058403,Short,Market, f7fcc631, cfb02cc3,19:41 2025-10-12
ETHFIUSDT,Trade,5.9,1.2885,1.1606,5.5E-4,0.00418119,USDT,0.00418119,Short,Market, f284e89e, cfb02cc3,19:41 2025-10-12
ETHFIUSDT,Trade,66.3,1.2886,1.1606,5.5E-4,0.0469888,USDT,0.0469888,Short,Market, 5fbb32ee, cfb02cc3,19:41 2025-10-12
ETHFIUSDT,Trade,49.4,1.2886,1.1606,5.5E-4,0.03501127,USDT,0.03501127,Short,Market, 57a9bece, cfb02cc3,19:41 2025-10-12
ETHFIUSDT,Trade,99.5,1.2886,1.1606,5.5E-4,0.07051864,USDT,0.07051864,Short,Market, 94abc329, cfb02cc3,19:41 2025-10-12
ETHFIUSDT,Trade,5.9,1.2886,1.1606,5.5E-4,0.00418151,USDT,0.00418151,Short,Market, c7607843, cfb02cc3,19:41 2025-10-12
ETHFIUSDT,Trade,127.6,1.2886,1.1606,5.5E-4,0.09043395,USDT,0.09043395,Short,Market, ccabe7dc, cfb02cc3,19:41 2025-10-12
ETHFIUSDT,Trade,4.3,1.2886,1.1606,5.5E-4,0.00304754,USDT,0.00304754,Short,Market, f5aece53, cfb02cc3,19:41 2025-10-12
ETHFIUSDT,Trade,57.7,1.2887,1.1606,5.5E-4,0.0408969,USDT,0.0408969,Short,Market, c0f82af9, cfb02cc3,19:41 2025-10-12
ETHFIUSDT,Trade,60.5,1.2887,1.1606,5.5E-4,0.0428815,USDT,0.0428815,Short,Market, 0a76c57f, cfb02cc3,19:41 2025-10-12
ETHFIUSDT,Trade,19.7,1.2887,1.1606,5.5E-4,0.01396307,USDT,0.01396307,Short,Market, ade52f74, cfb02cc3,19:41 2025-10-12
ETHFIUSDT,Trade,69.3,1.2887,1.1606,5.5E-4,0.04911881,USDT,0.04911881,Short,Market, bf4793f2, cfb02cc3,19:41 2025-10-12
ETHFIUSDT,Trade,99.5,1.2887,1.1606,5.5E-4,0.07052411,USDT,0.07052411,Short,Market, 6ef2af10, cfb02cc3,19:41 2025-10-12
ETHFIUSDT,Trade,49.4,1.2887,1.1606,5.5E-4,0.03501398,USDT,0.03501398,Short,Market, c6e530e9, cfb02cc3,19:41 2025-10-12
ETHFIUSDT,Trade,66.3,1.2887,1.1606,5.5E-4,0.04699245,USDT,0.04699245,Short,Market, 5ea2e2e3, cfb02cc3,19:41 2025-10-12
ETHFIUSDT,Trade,5.9,1.2887,1.1606,5.5E-4,0.00418184,USDT,0.00418184,Short,Market, 3c36e65c, cfb02cc3,19:41 2025-10-12
ETHFIUSDT,Trade,127.6,1.2887,1.1606,5.5E-4,0.09044097,USDT,0.09044097,Short,Market, 644ca092, cfb02cc3,19:41 2025-10-12
ETHFIUSDT,Trade,66.1,1.2888,1.1606,5.5E-4,0.04685433,USDT,0.04685433,Short,Market, 7461dba0, cfb02cc3,19:41 2025-10-12
ETHFIUSDT,Trade,69.1,1.2888,1.1606,5.5E-4,0.04898085,USDT,0.04898085,Short,Market, f7c9fe5f, cfb02cc3,19:41 2025-10-12
ETHFIUSDT,Trade,4.3,1.2888,1.1606,5.5E-4,0.00304802,USDT,0.00304802,Short,Market, 76b9761e, cfb02cc3,19:41 2025-10-12
ETHFIUSDT,Trade,49.4,1.2888,1.1606,5.5E-4,0.0350167,USDT,0.0350167,Short,Market, a2d5a4d7, cfb02cc3,19:41 2025-10-12
ETHFIUSDT,Trade,99.5,1.2888,1.1606,5.5E-4,0.07052958,USDT,0.07052958,Short,Market, 96161243, cfb02cc3,19:41 2025-10-12
ETHFIUSDT,Trade,5.9,1.2888,1.1606,5.5E-4,0.00418216,USDT,0.00418216,Short,Market, 8bdd38a0, cfb02cc3,19:41 2025-10-12
ETHFIUSDT,Trade,57.7,1.2889,1.1606,5.5E-4,0.04090325,USDT,0.04090325,Short,Market, a79aee97, cfb02cc3,19:41 2025-10-12
ETHFIUSDT,Trade,193.9,1.2889,1.1606,5.5E-4,0.13745475,USDT,0.13745475,Short,Market, 44130e5a, cfb02cc3,19:41 2025-10-12
ETHFIUSDT,Trade,51.3,1.2889,1.1606,5.5E-4,0.03636632,USDT,0.03636632,Short,Market, 03c2cd64, cfb02cc3,19:41 2025-10-12
ETHFIUSDT,Trade,99.3,1.2889,1.1606,5.5E-4,0.07039328,USDT,0.07039328,Short,Market, e29e299d, cfb02cc3,19:41 2025-10-12
ETHFIUSDT,Trade,49.3,1.2889,1.1606,5.5E-4,0.03494853,USDT,0.03494853,Short,Market, 98111b85, cfb02cc3,19:41 2025-10-12
ETHFIUSDT,Trade,66.1,1.2889,1.1606,5.5E-4,0.04685796,USDT,0.04685796,Short,Market, 68420c39, cfb02cc3,19:41 2025-10-12
ETHFIUSDT,Trade,5.9,1.2889,1.1606,5.5E-4,0.00418249,USDT,0.00418249,Short,Market, 150dac7b, cfb02cc3,19:41 2025-10-12
ETHFIUSDT,Trade,77.2,1.289,1.1606,5.5E-4,0.05473094,USDT,0.05473094,Short,Market, 4eb1a0b2, cfb02cc3,19:41 2025-10-12
ETHFIUSDT,Trade,77.3,1.289,1.1606,5.5E-4,0.05480184,USDT,0.05480184,Short,Market, 4f33b6cd, cfb02cc3,19:41 2025-10-12
ETHFIUSDT,Trade,5.9,1.289,1.1606,5.5E-4,0.00418281,USDT,0.00418281,Short,Market, 1b37abcf, cfb02cc3,19:41 2025-10-12
ETHFIUSDT,Trade,127.6,1.289,1.1606,5.5E-4,0.09046202,USDT,0.09046202,Short,Market, ec55bda5, cfb02cc3,19:41 2025-10-12
ETHFIUSDT,Trade,4.3,1.289,1.1606,5.5E-4,0.00304849,USDT,0.00304849,Short,Market, 90d91cd1, cfb02cc3,19:41 2025-10-12
ETHFIUSDT,Trade,5.5,1.2891,1.1606,5.5E-4,0.00389953,USDT,0.00389953,Short,Market, 51209a83, cfb02cc3,19:41 2025-10-12
ETHFIUSDT,Trade,127.6,1.2891,1.1606,5.5E-4,0.09046904,USDT,0.09046904,Short,Market, 8fa79d61, cfb02cc3,19:41 2025-10-12
ETHFIUSDT,Trade,40.5,1.2891,1.1606,5.5E-4,0.02871471,USDT,0.02871471,Short,Market, b313952b, cfb02cc3,19:41 2025-10-12
ETHFIUSDT,Trade,250.5,1.2645,1.3763,5.5E-4,0.17421649,USDT,0.17421649,Long,Market, 90277bd4, d318a44c,18:59 2025-10-12
ETHFIUSDT,Trade,58.3,1.2645,1.3763,5.5E-4,0.0405462,USDT,0.0405462,Long,Market, 7304b8d0, d318a44c,18:59 2025-10-12
ETHFIUSDT,Trade,57.4,1.2645,1.3763,5.5E-4,0.03992027,USDT,0.03992027,Long,Market, f6d87798, d318a44c,18:59 2025-10-12
ETHFIUSDT,Trade,50.4,1.2645,1.3763,5.5E-4,0.03505194,USDT,0.03505194,Long,Market, dd6c0608, d318a44c,18:59 2025-10-12
ETHFIUSDT,Trade,79.2,1.2645,1.3763,5.5E-4,0.05508162,USDT,0.05508162,Long,Market, 33aa939a, d318a44c,18:59 2025-10-12
ETHFIUSDT,Trade,59.3,1.2645,1.3763,5.5E-4,0.04124167,USDT,0.04124167,Long,Market, b2b983a7, d318a44c,18:59 2025-10-12
ETHFIUSDT,Trade,119.0,1.2645,1.3763,5.5E-4,0.08276153,USDT,0.08276153,Long,Market, 0c22c8be, d318a44c,18:59 2025-10-12
ETHFIUSDT,Trade,6.0,1.2645,1.3763,5.5E-4,0.00417285,USDT,0.00417285,Long,Market, 71adab76, d318a44c,18:59 2025-10-12
ETHFIUSDT,Trade,97.2,1.2644,1.3763,5.5E-4,0.06759483,USDT,0.06759483,Long,Market, 475a9d9d, d318a44c,18:59 2025-10-12
ETHFIUSDT,Trade,79.2,1.2644,1.3763,5.5E-4,0.05507727,USDT,0.05507727,Long,Market, 12e80780, d318a44c,18:59 2025-10-12
ETHFIUSDT,Trade,59.3,1.2644,1.3763,5.5E-4,0.04123841,USDT,0.04123841,Long,Market, aabe73ea, d318a44c,18:59 2025-10-12
ETHFIUSDT,Trade,119.0,1.2644,1.3763,5.5E-4,0.08275498,USDT,0.08275498,Long,Market, 5d4bb839, d318a44c,18:59 2025-10-12
ETHFIUSDT,Trade,4.4,1.2644,1.3763,5.5E-4,0.00305985,USDT,0.00305985,Long,Market, 3e1211b1, d318a44c,18:59 2025-10-12
ETHFIUSDT,Trade,333.5,1.2644,1.3763,5.5E-4,0.23192257,USDT,0.23192257,Long,Market, b5b1fdd4, d318a44c,18:59 2025-10-12
ETHFIUSDT,Trade,71.6,1.2644,1.3763,5.5E-4,0.04979208,USDT,0.04979208,Long,Market, 2dd8a1c3, d318a44c,18:59 2025-10-12
ETHFIUSDT,Trade,84.7,1.2644,1.3763,5.5E-4,0.05890208,USDT,0.05890208,Long,Market, c1b922a9, d318a44c,18:59 2025-10-12
ETHFIUSDT,Trade,78.2,1.2644,1.3763,5.5E-4,0.05438185,USDT,0.05438185,Long,Market, 241486da, d318a44c,18:59 2025-10-12
ETHFIUSDT,Trade,127.6,1.2644,1.3763,5.5E-4,0.0887356,USDT,0.0887356,Long,Market, a91c2eff, d318a44c,18:59 2025-10-12
ETHFIUSDT,Trade,6.0,1.2644,1.3763,5.5E-4,0.00417252,USDT,0.00417252,Long,Market, cdcd13df, d318a44c,18:59 2025-10-12
ETHFIUSDT,Trade,79.2,1.2643,1.3763,5.5E-4,0.05507291,USDT,0.05507291,Long,Market, 2992deb0, d318a44c,18:59 2025-10-12
ETHFIUSDT,Trade,59.3,1.2643,1.3763,5.5E-4,0.04123515,USDT,0.04123515,Long,Market, a836872f, d318a44c,18:59 2025-10-12
ETHFIUSDT,Trade,118.9,1.2643,1.3763,5.5E-4,0.0826789,USDT,0.0826789,Long,Market, 9b03fc5f, d318a44c,18:59 2025-10-12
ETHFIUSDT,Trade,64.5,1.2643,1.3763,5.5E-4,0.04485105,USDT,0.04485105,Long,Market, 751aea0a, d318a44c,18:59 2025-10-12
ETHFIUSDT,Trade,12.0,1.2643,1.3763,5.5E-4,0.00834438,USDT,0.00834438,Long,Market, 744f24fd, d318a44c,18:59 2025-10-12
ETHFIUSDT,Trade,12.0,1.2643,1.3763,5.5E-4,0.00834438,USDT,0.00834438,Long,Market, 2c0cf40d, d318a44c,18:59 2025-10-12
ETHFIUSDT,Trade,250.9,1.2643,1.3763,5.5E-4,0.17446708,USDT,0.17446708,Long,Market, ada821a1, d318a44c,18:59 2025-10-12
ETHFIUSDT,Trade,28.9,1.2643,1.3763,5.5E-4,0.02009605,USDT,0.02009605,Long,Market, 29ef10f4, d318a44c,18:59 2025-10-12
ETHFIUSDT,Trade,6.0,1.2643,1.3763,5.5E-4,0.00417219,USDT,0.00417219,Long,Market, 7b1f29e6, d318a44c,18:59 2025-10-12
ETHFIUSDT,Trade,127.6,1.2643,1.3763,5.5E-4,0.08872858,USDT,0.08872858,Long,Market, fafb4a28, d318a44c,18:59 2025-10-12
ETHFIUSDT,Trade,79.2,1.2642,1.3763,5.5E-4,0.05506856,USDT,0.05506856,Long,Market, a824e310, d318a44c,18:59 2025-10-12
ETHFIUSDT,Trade,59.3,1.2642,1.3763,5.5E-4,0.04123189,USDT,0.04123189,Long,Market, 8068aafd, d318a44c,18:59 2025-10-12
ETHFIUSDT,Trade,118.9,1.2642,1.3763,5.5E-4,0.08267236,USDT,0.08267236,Long,Market, dc921109, d318a44c,18:59 2025-10-12
ETHFIUSDT,Trade,50.4,1.2642,1.3763,5.5E-4,0.03504363,USDT,0.03504363,Long,Market, a407d2f1, d318a44c,18:59 2025-10-12
ETHFIUSDT,Trade,6.0,1.2642,1.3763,5.5E-4,0.00417186,USDT,0.00417186,Long,Market, 767f960a, d318a44c,18:59 2025-10-12
ETHFIUSDT,Trade,13.8,1.2641,1.3763,5.5E-4,0.00959452,USDT,0.00959452,Long,Market, 01c6b077, d318a44c,18:59 2025-10-12
ETHFIUSDT,Trade,6.0,1.2641,1.3763,5.5E-4,0.00417153,USDT,0.00417153,Long,Market, bf7de8d3, d318a44c,18:59 2025-10-12
ETHFIUSDT,Trade,1.0,1.264,1.3763,5.5E-4,6.952E-4,USDT,0.0006952,Long,Market, dc1ca8cb, d318a44c,18:59 2025-10-12
ETHFIUSDT,Trade,6.0,1.264,1.3763,5.5E-4,0.0041712,USDT,0.0041712,Long,Market, 0804a577, d318a44c,18:59 2025-10-12
ETHFIUSDT,Trade,29.6,1.2749,1.1482,5.5E-4,0.02075538,USDT,0.02075538,Short,Market, b414257e, 09325b79,17:55 2025-10-12
ETHFIUSDT,Trade,159.8,1.2749,1.1482,5.5E-4,0.11205097,USDT,0.11205097,Short,Market, 6b953f5a, 09325b79,17:55 2025-10-12
ETHFIUSDT,Trade,52.4,1.2749,1.1482,5.5E-4,0.03674262,USDT,0.03674262,Short,Market, 0eddf098, 09325b79,17:55 2025-10-12
ETHFIUSDT,Trade,79.1,1.2749,1.1482,5.5E-4,0.05546453,USDT,0.05546453,Short,Market, 0b1f5e5c, 09325b79,17:55 2025-10-12
ETHFIUSDT,Trade,56.7,1.2749,1.1482,5.5E-4,0.03975776,USDT,0.03975776,Short,Market, 96af23b9, 09325b79,17:55 2025-10-12
ETHFIUSDT,Trade,39.3,1.2749,1.1482,5.5E-4,0.02755697,USDT,0.02755697,Short,Market, 4bc1fefa, 09325b79,17:55 2025-10-12
ETHFIUSDT,Trade,5.9,1.2749,1.1482,5.5E-4,0.00413706,USDT,0.00413706,Short,Market, eaeb53f2, 09325b79,17:55 2025-10-12
ETHFIUSDT,Trade,119.2,1.275,1.1482,5.5E-4,0.083589,USDT,0.083589,Short,Market, c61f2c86, 09325b79,17:55 2025-10-12
ETHFIUSDT,Trade,107.2,1.275,1.1482,5.5E-4,0.075174,USDT,0.075174,Short,Market, c847f5cb, 09325b79,17:55 2025-10-12
ETHFIUSDT,Trade,238.6,1.275,1.1482,5.5E-4,0.16731825,USDT,0.16731825,Short,Market, 8f8bdd80, 09325b79,17:55 2025-10-12
ETHFIUSDT,Trade,190.1,1.275,1.1482,5.5E-4,0.13330763,USDT,0.13330763,Short,Market, bb6ba7a7, 09325b79,17:55 2025-10-12
ETHFIUSDT,Trade,55.4,1.275,1.1482,5.5E-4,0.03884925,USDT,0.03884925,Short,Market, 50d241de, 09325b79,17:55 2025-10-12
ETHFIUSDT,Trade,52.4,1.275,1.1482,5.5E-4,0.0367455,USDT,0.0367455,Short,Market, f8c899e9, 09325b79,17:55 2025-10-12
ETHFIUSDT,Trade,79.1,1.275,1.1482,5.5E-4,0.05546888,USDT,0.05546888,Short,Market, bff49fe0, 09325b79,17:55 2025-10-12
ETHFIUSDT,Trade,39.3,1.275,1.1482,5.5E-4,0.02755913,USDT,0.02755913,Short,Market, c4111203, 09325b79,17:55 2025-10-12
ETHFIUSDT,Trade,5.9,1.275,1.1482,5.5E-4,0.00413738,USDT,0.00413738,Short,Market, 05ca01a8, 09325b79,17:55 2025-10-12
ETHFIUSDT,Trade,193.6,1.2751,1.1482,5.5E-4,0.13577265,USDT,0.13577265,Short,Market, e8b7e0be, 09325b79,17:55 2025-10-12
ETHFIUSDT,Trade,119.2,1.2751,1.1482,5.5E-4,0.08359556,USDT,0.08359556,Short,Market, 0e69fce0, 09325b79,17:55 2025-10-12
ETHFIUSDT,Trade,107.2,1.2751,1.1482,5.5E-4,0.0751799,USDT,0.0751799,Short,Market, 212a4faf, 09325b79,17:55 2025-10-12
ETHFIUSDT,Trade,55.5,1.2751,1.1482,5.5E-4,0.03892243,USDT,0.03892243,Short,Market, 09cd4dd6, 09325b79,17:55 2025-10-12
ETHFIUSDT,Trade,52.4,1.2751,1.1482,5.5E-4,0.03674839,USDT,0.03674839,Short,Market, 67c25df5, 09325b79,17:55 2025-10-12
ETHFIUSDT,Trade,79.2,1.2751,1.1482,5.5E-4,0.05554336,USDT,0.05554336,Short,Market, e299a28b, 09325b79,17:55 2025-10-12
ETHFIUSDT,Trade,39.4,1.2751,1.1482,5.5E-4,0.02763142,USDT,0.02763142,Short,Market, afc6c2f5, 09325b79,17:55 2025-10-12
ETHFIUSDT,Trade,5.9,1.2751,1.1482,5.5E-4,0.0041377,USDT,0.0041377,Short,Market, a744985e, 09325b79,17:55 2025-10-12
ETHFIUSDT,Trade,119.2,1.2752,1.1482,5.5E-4,0.08360212,USDT,0.08360212,Short,Market, e21aa389, 09325b79,17:55 2025-10-12
ETHFIUSDT,Trade,85.8,1.2752,1.1482,5.5E-4,0.06017669,USDT,0.06017669,Short,Market, 5e98e2f4, 09325b79,17:55 2025-10-12
ETHFIUSDT,Trade,59.0,1.2752,1.1482,5.5E-4,0.04138024,USDT,0.04138024,Short,Market, 9afadb43, 09325b79,17:55 2025-10-12
ETHFIUSDT,Trade,52.5,1.2752,1.1482,5.5E-4,0.0368214,USDT,0.0368214,Short,Market, cc7633c5, 09325b79,17:55 2025-10-12
ETHFIUSDT,Trade,79.2,1.2752,1.1482,5.5E-4,0.05554772,USDT,0.05554772,Short,Market, 245ee70a, 09325b79,17:55 2025-10-12
ETHFIUSDT,Trade,39.4,1.2752,1.1482,5.5E-4,0.02763359,USDT,0.02763359,Short,Market, 7f83755d, 09325b79,17:55 2025-10-12
ETHFIUSDT,Trade,5.9,1.2752,1.1482,5.5E-4,0.00413803,USDT,0.00413803,Short,Market, 80cc12af, 09325b79,17:55 2025-10-12
ETHFIUSDT,Trade,5.9,1.2752,1.1482,5.5E-4,0.00413803,USDT,0.00413803,Short,Market, 1b784b36, 09325b79,17:55 2025-10-12
ETHFIUSDT,Trade,44.1,1.2753,1.1482,5.5E-4,0.03093241,USDT,0.03093241,Short,Market, 5ac74850, 09325b79,17:55 2025-10-12
ETHFIUSDT,Trade,79.3,1.2753,1.1482,5.5E-4,0.05562221,USDT,0.05562221,Short,Market, d63674bf, 09325b79,17:55 2025-10-12
ETHFIUSDT,Trade,39.4,1.2753,1.1482,5.5E-4,0.02763576,USDT,0.02763576,Short,Market, 87124f0c, 09325b79,17:55 2025-10-12
ETHFIUSDT,Trade,52.5,1.2753,1.1482,5.5E-4,0.03682429,USDT,0.03682429,Short,Market, 65d1a97e, 09325b79,17:55 2025-10-12
ETHFIUSDT,Trade,41.5,1.2753,1.1482,5.5E-4,0.02910873,USDT,0.02910873,Short,Market, 9e942468, 09325b79,17:55 2025-10-12
ETHFIUSDT,Trade,67.1,1.2753,1.1482,5.5E-4,0.04706495,USDT,0.04706495,Short,Market, 9c9a5146, 09325b79,17:55 2025-10-12
ETHFIUSDT,Trade,5.9,1.2753,1.1482,5.5E-4,0.00413835,USDT,0.00413835,Short,Market, 5905bb33, 09325b79,17:55 2025-10-12
ETHFIUSDT,Trade,72.4,1.2754,1.1482,5.5E-4,0.05078643,USDT,0.05078643,Short,Market, 41ff16bb, 09325b79,17:55 2025-10-12
ETHFIUSDT,Trade,5.9,1.2754,1.1482,5.5E-4,0.00413868,USDT,0.00413868,Short,Market, 01f4b7cd, 09325b79,17:55 2025-10-12
ETHFIUSDT,Trade,5.9,1.2755,1.1482,5.5E-4,0.004139,USDT,0.004139,Short,Market, a68a528e, 09325b79,17:55 2025-10-12
ETHFIUSDT,Trade,59.0,1.2755,1.1482,5.5E-4,0.04138998,USDT,0.04138998,Short,Market, dff3aba2, 09325b79,17:55 2025-10-12
ETHFIUSDT,Trade,40.5,1.2756,1.1482,5.5E-4,0.02841399,USDT,0.02841399,Short,Market, 2519c797, 09325b79,17:55 2025-10-12
NEARUSDT,Trade,63.1,2.47,2.349,5.5E-4,0.08572135,USDT,0.08572135,Short,Market, d6efa3e3, bdc89fd3,17:55 2025-10-12
NEARUSDT,Trade,237.1,2.47,2.349,5.5E-4,0.32210035,USDT,0.32210035,Short,Market, 2d310004, bdc89fd3,17:55 2025-10-12
NEARUSDT,Trade,237.1,2.47,2.349,5.5E-4,0.32210035,USDT,0.32210035,Short,Market, e79ba2a1, bdc89fd3,17:55 2025-10-12
NEARUSDT,Trade,237.1,2.47,2.349,5.5E-4,0.32210035,USDT,0.32210035,Short,Market, be33a0f2, bdc89fd3,17:55 2025-10-12
NEARUSDT,Trade,429.3,2.47,2.349,5.5E-4,0.58320405,USDT,0.58320405,Short,Market, d2df548b, bdc89fd3,17:55 2025-10-12
NEARUSDT,Trade,4.3,2.47,2.349,5.5E-4,0.00584155,USDT,0.00584155,Short,Market, 86dea65f, bdc89fd3,17:55 2025-10-12
NEARUSDT,Trade,4.6,2.47,2.349,5.5E-4,0.0062491,USDT,0.0062491,Short,Market, bf5c075e, bdc89fd3,17:55 2025-10-12
NEARUSDT,Trade,2.3,2.47,2.349,5.5E-4,0.00312455,USDT,0.00312455,Short,Market, d7f6de59, bdc89fd3,17:55 2025-10-12
NEARUSDT,Trade,0.1,2.47,2.349,5.5E-4,1.3585E-4,USDT,0.00013585,Short,Market, cde07b7d, bdc89fd3,17:55 2025-10-12
NEARUSDT,Trade,9.8,2.47,2.349,5.5E-4,0.0133133,USDT,0.0133133,Short,Market, 64512ded, bdc89fd3,17:55 2025-10-12
NEARUSDT,Trade,1.0,2.47,2.349,5.5E-4,0.0013585,USDT,0.0013585,Short,Market, a7ca04b7, bdc89fd3,17:55 2025-10-12
NEARUSDT,Trade,0.1,2.47,2.349,5.5E-4,1.3585E-4,USDT,0.00013585,Short,Market, ae99016e, bdc89fd3,17:55 2025-10-12
NEARUSDT,Trade,0.1,2.47,2.349,5.5E-4,1.3585E-4,USDT,0.00013585,Short,Market, 5d92313a, bdc89fd3,17:55 2025-10-12
NEARUSDT,Trade,2.1,2.47,2.349,5.5E-4,0.00285285,USDT,0.00285285,Short,Market, 38ab7da0, bdc89fd3,17:55 2025-10-12
NEARUSDT,Trade,0.1,2.47,2.349,5.5E-4,1.3585E-4,USDT,0.00013585,Short,Market, 2d646252, bdc89fd3,17:55 2025-10-12
NEARUSDT,Trade,1.5,2.47,2.349,5.5E-4,0.00203775,USDT,0.00203775,Short,Market, 4a11c443, bdc89fd3,17:55 2025-10-12
NEARUSDT,Trade,8.1,2.47,2.349,5.5E-4,0.01100385,USDT,0.01100385,Short,Market, f8f83586, bdc89fd3,17:55 2025-10-12
NEARUSDT,Trade,0.8,2.47,2.349,5.5E-4,0.0010868,USDT,0.0010868,Short,Market, 9292e7d2, bdc89fd3,17:55 2025-10-12
NEARUSDT,Trade,3.1,2.47,2.349,5.5E-4,0.00421135,USDT,0.00421135,Short,Market, 2e86fc25, bdc89fd3,17:55 2025-10-12
NEARUSDT,Trade,3.1,2.47,2.349,5.5E-4,0.00421135,USDT,0.00421135,Short,Market, 2cd20986, bdc89fd3,17:55 2025-10-12
NEARUSDT,Trade,385.9,2.437,2.557,5.5E-4,0.51724107,USDT,0.51724107,Long,Market, 73ae1771, b90c9608,16:54 2025-10-12
NEARUSDT,Trade,30.8,2.437,2.557,5.5E-4,0.04128278,USDT,0.04128278,Long,Market, 429ea471, b90c9608,16:54 2025-10-12
NEARUSDT,Trade,828.1,2.437,2.557,5.5E-4,1.10994384,USDT,1.10994384,Long,Market, b3154e9f, b90c9608,16:54 2025-10-12
BNBUSDT,Trade,0.16,1295.8,1360.8,5.5E-4,0.1140304,USDT,0.1140304,Long,Market, 86c62d8c, 0fa919ad,16:53 2025-10-12
BNBUSDT,Trade,0.73,1295.8,1360.8,5.5E-4,0.5202637,USDT,0.5202637,Long,Market, a0d03248, 0fa919ad,16:53 2025-10-12
BNBUSDT,Trade,0.49,1295.8,1360.8,5.5E-4,0.3492181,USDT,0.3492181,Long,Market, f7e9fbfd, 0fa919ad,16:53 2025-10-12
BNBUSDT,Trade,0.43,1295.8,1360.8,5.5E-4,0.3064567,USDT,0.3064567,Long,Market, 9a519a43, 0fa919ad,16:53 2025-10-12
ETHFIUSDT,Trade,42.7,1.2603,1.3724,5.5E-4,0.02959815,USDT,0.02959815,Long,Market, fda81a67, 94dd375c,16:47 2025-10-12
ETHFIUSDT,Trade,75.7,1.2603,1.3724,5.5E-4,0.0524726,USDT,0.0524726,Long,Market, c93636cc, 94dd375c,16:47 2025-10-12
ETHFIUSDT,Trade,65.9,1.2603,1.3724,5.5E-4,0.04567958,USDT,0.04567958,Long,Market, 0dfae508, 94dd375c,16:47 2025-10-12
ETHFIUSDT,Trade,392.6,1.2603,1.3724,5.5E-4,0.27213658,USDT,0.27213658,Long,Market, 1a89dc1e, 94dd375c,16:47 2025-10-12
ETHFIUSDT,Trade,48.3,1.2603,1.3724,5.5E-4,0.03347987,USDT,0.03347987,Long,Market, 1fa67357, 94dd375c,16:47 2025-10-12
ETHFIUSDT,Trade,73.2,1.2603,1.3724,5.5E-4,0.05073968,USDT,0.05073968,Long,Market, 9e3ecb82, 94dd375c,16:47 2025-10-12
ETHFIUSDT,Trade,36.4,1.2603,1.3724,5.5E-4,0.02523121,USDT,0.02523121,Long,Market, c32e423b, 94dd375c,16:47 2025-10-12
ETHFIUSDT,Trade,6.0,1.2603,1.3724,5.5E-4,0.00415899,USDT,0.00415899,Long,Market, 895827ec, 94dd375c,16:47 2025-10-12
ETHFIUSDT,Trade,65.9,1.2602,1.3724,5.5E-4,0.04567595,USDT,0.04567595,Long,Market, 3f566ecd, 94dd375c,16:47 2025-10-12
ETHFIUSDT,Trade,57.3,1.2602,1.3724,5.5E-4,0.03971521,USDT,0.03971521,Long,Market, 29744989, 94dd375c,16:47 2025-10-12
ETHFIUSDT,Trade,36.4,1.2602,1.3724,5.5E-4,0.02522921,USDT,0.02522921,Long,Market, 1ceaf3a4, 94dd375c,16:47 2025-10-12
ETHFIUSDT,Trade,73.2,1.2602,1.3724,5.5E-4,0.05073566,USDT,0.05073566,Long,Market, 535ccdc8, 94dd375c,16:47 2025-10-12
ETHFIUSDT,Trade,48.3,1.2602,1.3724,5.5E-4,0.03347722,USDT,0.03347722,Long,Market, 3301c61a, 94dd375c,16:47 2025-10-12
ETHFIUSDT,Trade,6.0,1.2602,1.3724,5.5E-4,0.00415866,USDT,0.00415866,Long,Market, c6fc7982, 94dd375c,16:47 2025-10-12
ETHFIUSDT,Trade,65.3,1.2601,1.3724,5.5E-4,0.0452565,USDT,0.0452565,Long,Market, 9a526c2e, 94dd375c,16:47 2025-10-12
ETHFIUSDT,Trade,36.4,1.2601,1.3724,5.5E-4,0.02522721,USDT,0.02522721,Long,Market, d98525a1, 94dd375c,16:47 2025-10-12
ETHFIUSDT,Trade,48.3,1.2601,1.3724,5.5E-4,0.03347456,USDT,0.03347456,Long,Market, b7debeb4, 94dd375c,16:47 2025-10-12
ETHFIUSDT,Trade,73.2,1.2601,1.3724,5.5E-4,0.05073163,USDT,0.05073163,Long,Market, 48c36929, 94dd375c,16:47 2025-10-12
ETHFIUSDT,Trade,6.0,1.2601,1.3724,5.5E-4,0.00415833,USDT,0.00415833,Long,Market, dab749d8, 94dd375c,16:47 2025-10-12
ETHFIUSDT,Trade,57.3,1.26,1.3724,5.5E-4,0.0397089,USDT,0.0397089,Long,Market, 2ee56b32, 94dd375c,16:47 2025-10-12
ETHFIUSDT,Trade,69.4,1.26,1.3724,5.5E-4,0.0480942,USDT,0.0480942,Long,Market, 8d92d168, 94dd375c,16:47 2025-10-12
ETHFIUSDT,Trade,48.3,1.26,1.3724,5.5E-4,0.0334719,USDT,0.0334719,Long,Market, 57b04c31, 94dd375c,16:47 2025-10-12
ETHFIUSDT,Trade,73.2,1.26,1.3724,5.5E-4,0.0507276,USDT,0.0507276,Long,Market, a7cd0453, 94dd375c,16:47 2025-10-12
ETHFIUSDT,Trade,36.4,1.26,1.3724,5.5E-4,0.0252252,USDT,0.0252252,Long,Market, 12644942, 94dd375c,16:47 2025-10-12
ETHFIUSDT,Trade,6.0,1.26,1.3724,5.5E-4,0.004158,USDT,0.004158,Long,Market, 1f8ba1b3, 94dd375c,16:47 2025-10-12
ETHFIUSDT,Trade,65.9,1.2599,1.3724,5.5E-4,0.04566508,USDT,0.04566508,Long,Market, b92961d5, 94dd375c,16:47 2025-10-12
ETHFIUSDT,Trade,6.0,1.2599,1.3724,5.5E-4,0.00415767,USDT,0.00415767,Long,Market, 439a0721, 94dd375c,16:47 2025-10-12
ETHFIUSDT,Trade,126.6,1.2599,1.3724,5.5E-4,0.08772684,USDT,0.08772684,Long,Market, bb8fcf81, 94dd375c,16:47 2025-10-12
ETHFIUSDT,Trade,48.3,1.2599,1.3724,5.5E-4,0.03346925,USDT,0.03346925,Long,Market, 157a12af, 94dd375c,16:47 2025-10-12
ETHFIUSDT,Trade,73.2,1.2599,1.3724,5.5E-4,0.05072358,USDT,0.05072358,Long,Market, e9826394, 94dd375c,16:47 2025-10-12
ETHFIUSDT,Trade,36.4,1.2599,1.3724,5.5E-4,0.0252232,USDT,0.0252232,Long,Market, 0d87f8f4, 94dd375c,16:47 2025-10-12
ETHFIUSDT,Trade,65.9,1.2598,1.3724,5.5E-4,0.04566146,USDT,0.04566146,Long,Market, bcbb6e92, 94dd375c,16:47 2025-10-12
ETHFIUSDT,Trade,36.5,1.2598,1.3724,5.5E-4,0.02529049,USDT,0.02529049,Long,Market, e86486a8, 94dd375c,16:47 2025-10-12
ETHFIUSDT,Trade,57.3,1.2598,1.3724,5.5E-4,0.0397026,USDT,0.0397026,Long,Market, b9ab456b, 94dd375c,16:47 2025-10-12
ETHFIUSDT,Trade,6.0,1.2598,1.3724,5.5E-4,0.00415734,USDT,0.00415734,Long,Market, 3ff126d1, 94dd375c,16:47 2025-10-12
ETHFIUSDT,Trade,48.3,1.2598,1.3724,5.5E-4,0.03346659,USDT,0.03346659,Long,Market, c2479b9a, 94dd375c,16:47 2025-10-12
ETHFIUSDT,Trade,6.0,1.2598,1.3724,5.5E-4,0.00415734,USDT,0.00415734,Long,Market, 8f89cf76, 94dd375c,16:47 2025-10-12
ETHFIUSDT,Trade,73.2,1.2598,1.3724,5.5E-4,0.05071955,USDT,0.05071955,Long,Market, 688113bb, 94dd375c,16:47 2025-10-12
ETHFIUSDT,Trade,36.4,1.2598,1.3724,5.5E-4,0.0252212,USDT,0.0252212,Long,Market, 3035ada4, 94dd375c,16:47 2025-10-12
ETHFIUSDT,Trade,48.3,1.2597,1.3724,5.5E-4,0.03346394,USDT,0.03346394,Long,Market, 76599e40, 94dd375c,16:47 2025-10-12
ETHFIUSDT,Trade,36.4,1.2597,1.3724,5.5E-4,0.0252192,USDT,0.0252192,Long,Market, fdb079b9, 94dd375c,16:47 2025-10-12
ETHFIUSDT,Trade,65.9,1.2597,1.3724,5.5E-4,0.04565783,USDT,0.04565783,Long,Market, 80b5f7f0, 94dd375c,16:47 2025-10-12
ETHFIUSDT,Trade,73.2,1.2597,1.3724,5.5E-4,0.05071553,USDT,0.05071553,Long,Market, e974172e, 94dd375c,16:47 2025-10-12
ETHFIUSDT,Trade,77.7,1.2597,1.3724,5.5E-4,0.05383328,USDT,0.05383328,Long,Market, e586182f, 94dd375c,16:47 2025-10-12
ETHFIUSDT,Trade,6.0,1.2597,1.3724,5.5E-4,0.00415701,USDT,0.00415701,Long,Market, 5209c3d9, 94dd375c,16:47 2025-10-12
ETHFIUSDT,Trade,59.1,1.2596,1.3724,5.5E-4,0.0409433,USDT,0.0409433,Long,Market, c5667f7c, 94dd375c,16:47 2025-10-12
ETHFIUSDT,Trade,38.3,1.2596,1.3724,5.5E-4,0.02653348,USDT,0.02653348,Long,Market, e98d6a1a, 94dd375c,16:47 2025-10-12
ETHFIUSDT,Trade,36.4,1.2596,1.3724,5.5E-4,0.0252172,USDT,0.0252172,Long,Market, e8ba1578, 94dd375c,16:47 2025-10-12
ETHFIUSDT,Trade,48.3,1.2596,1.3724,5.5E-4,0.03346128,USDT,0.03346128,Long,Market, a51b6976, 94dd375c,16:47 2025-10-12
ETHFIUSDT,Trade,75.1,1.2596,1.3724,5.5E-4,0.05202778,USDT,0.05202778,Long,Market, 3fe3fbcc, 94dd375c,16:47 2025-10-12
ETHFIUSDT,Trade,6.0,1.2596,1.3724,5.5E-4,0.00415668,USDT,0.00415668,Long,Market, b125fb45, 94dd375c,16:47 2025-10-12
ETHFIUSDT,Trade,6.0,1.2595,1.3724,5.5E-4,0.00415635,USDT,0.00415635,Long,Market, 62bbd417, 94dd375c,16:47 2025-10-12
ETHFIUSDT,Trade,6.0,1.2594,1.3724,5.5E-4,0.00415602,USDT,0.00415602,Long,Market, ec3e2b1d, 94dd375c,16:47 2025-10-12
ETHFIUSDT,Trade,57.3,1.2594,1.3724,5.5E-4,0.03969,USDT,0.03969,Long,Market, 8ddc0409, 94dd375c,16:47 2025-10-12
ETHFIUSDT,Trade,24.6,1.2593,1.3724,5.5E-4,0.01703833,USDT,0.01703833,Long,Market, 432c4435, 94dd375c,16:47 2025-10-12
ETHFIUSDT,Trade,24.5,1.2593,1.3724,5.5E-4,0.01696907,USDT,0.01696907,Long,Market, 09198eeb, 94dd375c,16:47 2025-10-12
BTCUSDT,Trade,0.029,114346.3,115523.2,5.5E-4,1.82382349,USDT,1.82382349,Long,Market, 1c9fd5bd, 3bb70b1e,16:46 2025-10-12
XRPUSDT,Trade,94.7,2.5309,2.6563,5.5E-4,0.13182193,USDT,0.13182193,Long,Market, 1181a902, 72aba88e,16:46 2025-10-12
XRPUSDT,Trade,12.2,2.5309,2.6563,5.5E-4,0.01698234,USDT,0.01698234,Long,Market, 1bc8f48b, 72aba88e,16:46 2025-10-12
XRPUSDT,Trade,33.4,2.5309,2.6563,5.5E-4,0.04649264,USDT,0.04649264,Long,Market, 19dac417, 72aba88e,16:46 2025-10-12
XRPUSDT,Trade,459.6,2.5309,2.6563,5.5E-4,0.63976091,USDT,0.63976091,Long,Market, 90644431, 72aba88e,16:46 2025-10-12
XRPUSDT,Trade,471.1,2.3816,2.2629,5.5E-4,0.61708447,USDT,0.61708447,Short,Market, 0d13604a, d2c4ba73,22:18 2025-10-11
XRPUSDT,Trade,3.2,2.3816,2.2629,5.5E-4,0.00419162,USDT,0.00419162,Short,Market, d99bd5bf, d2c4ba73,22:18 2025-10-11
XRPUSDT,Trade,3.2,2.3816,2.2629,5.5E-4,0.00419162,USDT,0.00419162,Short,Market, 403061bd, d2c4ba73,22:18 2025-10-11
XRPUSDT,Trade,1000.7,2.3816,2.2629,5.5E-4,1.31079692,USDT,1.31079692,Short,Market, 669a7f97, d2c4ba73,22:18 2025-10-11
XRPUSDT,Trade,14.4,2.3816,2.2629,5.5E-4,0.01886228,USDT,0.01886228,Short,Market, 6d1ba5a2, d2c4ba73,22:18 2025-10-11
XRPUSDT,Trade,3.9,2.3816,2.2629,5.5E-4,0.00510854,USDT,0.00510854,Short,Market, de2082b3, d2c4ba73,22:18 2025-10-11
XRPUSDT,Trade,287.6,2.3816,2.2629,5.5E-4,0.37672149,USDT,0.37672149,Short,Market, 8463b74a, d2c4ba73,22:18 2025-10-11
XRPUSDT,Trade,8.6,2.3816,2.2629,5.5E-4,0.01126497,USDT,0.01126497,Short,Market, c244a007, d2c4ba73,22:18 2025-10-11
ETHFIUSDT,Trade,169.3,1.1191,1.0074,5.5E-4,0.104205,USDT,0.104205,Short,Market, b88fd8a3, 490b54e2,22:18 2025-10-11
ETHFIUSDT,Trade,168.3,1.1191,1.0074,5.5E-4,0.1035895,USDT,0.1035895,Short,Market, 33f403e1, 490b54e2,22:18 2025-10-11
ETHFIUSDT,Trade,172.2,1.1191,1.0074,5.5E-4,0.10598997,USDT,0.10598997,Short,Market, 8a9e1e53, 490b54e2,22:18 2025-10-11
ETHFIUSDT,Trade,214.8,1.1191,1.0074,5.5E-4,0.13221048,USDT,0.13221048,Short,Market, 89af1d9e, 490b54e2,22:18 2025-10-11
ETHFIUSDT,Trade,185.0,1.1191,1.0074,5.5E-4,0.11386843,USDT,0.11386843,Short,Market, d82b1501, 490b54e2,22:18 2025-10-11
ETHFIUSDT,Trade,6.8,1.1191,1.0074,5.5E-4,0.00418544,USDT,0.00418544,Short,Market, 2cff98cb, 490b54e2,22:18 2025-10-11
ETHFIUSDT,Trade,144.2,1.1191,1.0074,5.5E-4,0.08875583,USDT,0.08875583,Short,Market, e17ed0bc, 490b54e2,22:18 2025-10-11
ETHFIUSDT,Trade,6.3,1.1191,1.0074,5.5E-4,0.00387769,USDT,0.00387769,Short,Market, f04ecde5, 490b54e2,22:18 2025-10-11
ETHFIUSDT,Trade,85.8,1.1191,1.0074,5.5E-4,0.05281033,USDT,0.05281033,Short,Market, a22e80fc, 490b54e2,22:18 2025-10-11
ETHFIUSDT,Trade,191.8,1.1192,1.0074,5.5E-4,0.11806441,USDT,0.11806441,Short,Market, c21f675f, 490b54e2,22:18 2025-10-11
ETHFIUSDT,Trade,396.8,1.1192,1.0074,5.5E-4,0.24425421,USDT,0.24425421,Short,Market, 409efeb3, 490b54e2,22:18 2025-10-11
ETHFIUSDT,Trade,106.8,1.1192,1.0074,5.5E-4,0.06574181,USDT,0.06574181,Short,Market, 797688fa, 490b54e2,22:18 2025-10-11
ETHFIUSDT,Trade,47.9,1.1192,1.0074,5.5E-4,0.02948533,USDT,0.02948533,Short,Market, 4fb128fc, 490b54e2,22:18 2025-10-11
ETHFIUSDT,Trade,59.5,1.1192,1.0074,5.5E-4,0.03662582,USDT,0.03662582,Short,Market, b001fc46, 490b54e2,22:18 2025-10-11
ETHFIUSDT,Trade,214.8,1.1192,1.0074,5.5E-4,0.13222229,USDT,0.13222229,Short,Market, 8bab4c82, 490b54e2,22:18 2025-10-11
ETHFIUSDT,Trade,70.3,1.1192,1.0074,5.5E-4,0.04327387,USDT,0.04327387,Short,Market, 0a499cbd, 490b54e2,22:18 2025-10-11
ETHFIUSDT,Trade,144.2,1.1192,1.0074,5.5E-4,0.08876376,USDT,0.08876376,Short,Market, 996e41a1, 490b54e2,22:18 2025-10-11
ETHFIUSDT,Trade,6.8,1.1192,1.0074,5.5E-4,0.00418581,USDT,0.00418581,Short,Market, 5366c850, 490b54e2,22:18 2025-10-11
ETHFIUSDT,Trade,58.5,1.1192,1.0074,5.5E-4,0.03601026,USDT,0.03601026,Short,Market, d4b58e1a, 490b54e2,22:18 2025-10-11
ETHFIUSDT,Trade,446.6,1.1193,1.0074,5.5E-4,0.27493366,USDT,0.27493366,Short,Market, 40b703c6, 490b54e2,22:18 2025-10-11
ETHFIUSDT,Trade,219.7,1.1193,1.0074,5.5E-4,0.13525062,USDT,0.13525062,Short,Market, e753452f, 490b54e2,22:18 2025-10-11
ETHFIUSDT,Trade,144.1,1.1193,1.0074,5.5E-4,0.08871013,USDT,0.08871013,Short,Market, f7ce04aa, 490b54e2,22:18 2025-10-11
ETHFIUSDT,Trade,6.7,1.1193,1.0074,5.5E-4,0.00412463,USDT,0.00412463,Short,Market, 0749ff63, 490b54e2,22:18 2025-10-11
ETHFIUSDT,Trade,6.3,1.1193,1.0074,5.5E-4,0.00387838,USDT,0.00387838,Short,Market, d18c066e, 490b54e2,22:18 2025-10-11
ETHFIUSDT,Trade,6.3,1.1193,1.0074,5.5E-4,0.00387838,USDT,0.00387838,Short,Market, 2a5c2599, 490b54e2,22:18 2025-10-11
ETHFIUSDT,Trade,85.8,1.1193,1.0074,5.5E-4,0.05281977,USDT,0.05281977,Short,Market, 39720400, 490b54e2,22:18 2025-10-11
ETHFIUSDT,Trade,66.7,1.1193,1.0074,5.5E-4,0.04106153,USDT,0.04106153,Short,Market, 1307ddb1, 490b54e2,22:18 2025-10-11
ETHFIUSDT,Trade,67.3,1.1194,1.0074,5.5E-4,0.0414346,USDT,0.0414346,Short,Market, 3d34d69d, 490b54e2,22:18 2025-10-11
ETHFIUSDT,Trade,227.6,1.1194,1.0074,5.5E-4,0.1401265,USDT,0.1401265,Short,Market, 2187c458, 490b54e2,22:18 2025-10-11
ETHFIUSDT,Trade,73.9,1.1194,1.0074,5.5E-4,0.04549802,USDT,0.04549802,Short,Market, 95ae20e0, 490b54e2,22:18 2025-10-11
ETHFIUSDT,Trade,6.7,1.1194,1.0074,5.5E-4,0.00412499,USDT,0.00412499,Short,Market, 6c671c87, 490b54e2,22:18 2025-10-11
ETHFIUSDT,Trade,6.3,1.1195,1.0074,5.5E-4,0.00387907,USDT,0.00387907,Short,Market, 7e475b01, 490b54e2,22:18 2025-10-11
ETHFIUSDT,Trade,6.3,1.1195,1.0074,5.5E-4,0.00387907,USDT,0.00387907,Short,Market, 5893de2d, 490b54e2,22:18 2025-10-11
ETHFIUSDT,Trade,58.5,1.1195,1.0074,5.5E-4,0.03601992,USDT,0.03601992,Short,Market, 6a48cb5c, 490b54e2,22:18 2025-10-11
ETHFIUSDT,Trade,85.8,1.1195,1.0074,5.5E-4,0.05282921,USDT,0.05282921,Short,Market, 663e1b1e, 490b54e2,22:18 2025-10-11
ETHFIUSDT,Trade,66.7,1.1195,1.0074,5.5E-4,0.04106886,USDT,0.04106886,Short,Market, 42e60757, 490b54e2,22:18 2025-10-11
BNBUSDT,Trade,2.2,1132.3,1075.8,5.5E-4,1.370083,USDT,1.370083,Short,Market, ed1cb46e, e4e18ff3,22:18 2025-10-11
BNBUSDT,Trade,0.15,1132.3,1075.8,5.5E-4,0.09341475,USDT,0.09341475,Short,Market, 81bbeff0, e4e18ff3,22:18 2025-10-11
BNBUSDT,Trade,0.19,1132.4,1075.8,5.5E-4,0.1183358,USDT,0.1183358,Short,Market, 1987e7b9, e4e18ff3,22:18 2025-10-11
BNBUSDT,Trade,0.78,1132.4,1075.8,5.5E-4,0.4857996,USDT,0.4857996,Short,Market, af5f75a6, e4e18ff3,22:18 2025-10-11
BNBUSDT,Trade,0.06,1132.4,1075.8,5.5E-4,0.0373692,USDT,0.0373692,Short,Market, fa3d13cc, e4e18ff3,22:18 2025-10-11
BNBUSDT,Trade,0.66,1132.4,1075.8,5.5E-4,0.4110612,USDT,0.4110612,Short,Market, f78a4b41, e4e18ff3,22:18 2025-10-11
BNBUSDT,Trade,0.05,1132.4,1075.8,5.5E-4,0.031141,USDT,0.031141,Short,Market, 08e044cd, e4e18ff3,22:18 2025-10-11
XRPUSDT,Trade,1600.3,2.3802,2.4988,5.5E-4,2.09496874,USDT,2.09496874,Long,Market, 8eba0018, f17adefb,21:49 2025-10-11
XRPUSDT,Trade,2.3,2.3802,2.4988,5.5E-4,0.00301096,USDT,0.00301096,Long,Market, b169c11e, f17adefb,21:49 2025-10-11
XRPUSDT,Trade,2.2,2.3802,2.4988,5.5E-4,0.00288005,USDT,0.00288005,Long,Market, fbc97823, f17adefb,21:49 2025-10-11
XRPUSDT,Trade,4.3,2.3802,2.4988,5.5E-4,0.00562918,USDT,0.00562918,Long,Market, 8beaf6b7, f17adefb,21:49 2025-10-11
XRPUSDT,Trade,2.2,2.3802,2.4988,5.5E-4,0.00288005,USDT,0.00288005,Long,Market, 539d5505, f17adefb,21:49 2025-10-11
XRPUSDT,Trade,2.2,2.3802,2.4988,5.5E-4,0.00288005,USDT,0.00288005,Long,Market, 770d1833, f17adefb,21:49 2025-10-11
XRPUSDT,Trade,2.2,2.3802,2.4988,5.5E-4,0.00288005,USDT,0.00288005,Long,Market, 735b66ed, f17adefb,21:49 2025-10-11
XRPUSDT,Trade,2.4,2.3801,2.4988,5.5E-4,0.00314174,USDT,0.00314174,Long,Market, bd7a5f29, f17adefb,21:49 2025-10-11
XRPUSDT,Trade,2.2,2.3801,2.4988,5.5E-4,0.00287993,USDT,0.00287993,Long,Market, f6307639, f17adefb,21:49 2025-10-11
XRPUSDT,Trade,2.2,2.3801,2.4988,5.5E-4,0.00287993,USDT,0.00287993,Long,Market, f04e80fe, f17adefb,21:49 2025-10-11
XRPUSDT,Trade,3.2,2.3801,2.4988,5.5E-4,0.00418898,USDT,0.00418898,Long,Market, b5b1b2e0, f17adefb,21:49 2025-10-11
XRPUSDT,Trade,130.0,2.38,2.4988,5.5E-4,0.17017,USDT,0.17017,Long,Market, c0bbf45c, f17adefb,21:49 2025-10-11
XRPUSDT,Trade,37.0,2.38,2.4988,5.5E-4,0.048433,USDT,0.048433,Long,Market, d2e1e440, f17adefb,21:49 2025-10-11
BNBUSDT,Trade,0.8,1134.1,1190.7,5.5E-4,0.499004,USDT,0.499004,Long,Market, 80311af0, 9dface6e,21:45 2025-10-11
BNBUSDT,Trade,0.84,1134.1,1190.7,5.5E-4,0.5239542,USDT,0.5239542,Long,Market, 8acceace, 9dface6e,21:45 2025-10-11
BNBUSDT,Trade,0.01,1134.1,1190.7,5.5E-4,0.00623755,USDT,0.00623755,Long,Market, a622800d, 9dface6e,21:45 2025-10-11
BNBUSDT,Trade,0.01,1134.1,1190.7,5.5E-4,0.00623755,USDT,0.00623755,Long,Market, 853ec9ec, 9dface6e,21:45 2025-10-11
BNBUSDT,Trade,0.02,1134.1,1190.7,5.5E-4,0.0124751,USDT,0.0124751,Long,Market, d5c836a6, 9dface6e,21:45 2025-10-11
BNBUSDT,Trade,0.04,1134.1,1190.7,5.5E-4,0.0249502,USDT,0.0249502,Long,Market, ada9c406, 9dface6e,21:45 2025-10-11
BNBUSDT,Trade,0.02,1134.1,1190.7,5.5E-4,0.0124751,USDT,0.0124751,Long,Market, 4c610167, 9dface6e,21:45 2025-10-11
BNBUSDT,Trade,0.01,1134.1,1190.7,5.5E-4,0.00623755,USDT,0.00623755,Long,Market, bb33f2e2, 9dface6e,21:45 2025-10-11
BNBUSDT,Trade,0.01,1134.1,1190.7,5.5E-4,0.00623755,USDT,0.00623755,Long,Market, 4907523b, 9dface6e,21:45 2025-10-11
BNBUSDT,Trade,0.02,1134,1190.7,5.5E-4,0.012474,USDT,0.012474,Long,Market, 576c91da, 9dface6e,21:45 2025-10-11
BNBUSDT,Trade,0.01,1134,1190.7,5.5E-4,0.006237,USDT,0.006237,Long,Market, 23981beb, 9dface6e,21:45 2025-10-11
BNBUSDT,Trade,0.01,1134,1190.7,5.5E-4,0.006237,USDT,0.006237,Long,Market, 25a1d677, 9dface6e,21:45 2025-10-11
BNBUSDT,Trade,0.02,1134,1190.7,5.5E-4,0.012474,USDT,0.012474,Long,Market, 21f3875e, 9dface6e,21:45 2025-10-11
BNBUSDT,Trade,0.02,1134,1190.7,5.5E-4,0.012474,USDT,0.012474,Long,Market, f43f8cbf, 9dface6e,21:45 2025-10-11
BNBUSDT,Trade,0.01,1134,1190.7,5.5E-4,0.006237,USDT,0.006237,Long,Market, 44ff546d, 9dface6e,21:45 2025-10-11
BNBUSDT,Trade,0.01,1134,1190.7,5.5E-4,0.006237,USDT,0.006237,Long,Market, 73f33245, 9dface6e,21:45 2025-10-11
BNBUSDT,Trade,0.02,1133.9,1190.7,5.5E-4,0.0124729,USDT,0.0124729,Long,Market, 527c18d5, 9dface6e,21:45 2025-10-11
BNBUSDT,Trade,0.01,1133.9,1190.7,5.5E-4,0.00623645,USDT,0.00623645,Long,Market, 11bfa698, 9dface6e,21:45 2025-10-11
BNBUSDT,Trade,0.01,1133.9,1190.7,5.5E-4,0.00623645,USDT,0.00623645,Long,Market, 4120ac07, 9dface6e,21:45 2025-10-11
BNBUSDT,Trade,0.02,1133.9,1190.7,5.5E-4,0.0124729,USDT,0.0124729,Long,Market, 57e1292a, 9dface6e,21:45 2025-10-11
BNBUSDT,Trade,0.04,1133.9,1190.7,5.5E-4,0.0249458,USDT,0.0249458,Long,Market, 8d332c11, 9dface6e,21:45 2025-10-11
BNBUSDT,Trade,0.05,1133.8,1190.7,5.5E-4,0.0311795,USDT,0.0311795,Long,Market, 114b8045, 9dface6e,21:45 2025-10-11
BNBUSDT,Trade,0.01,1133.8,1190.7,5.5E-4,0.0062359,USDT,0.0062359,Long,Market, 70c1c74a, 9dface6e,21:45 2025-10-11
BNBUSDT,Trade,0.02,1133.8,1190.7,5.5E-4,0.0124718,USDT,0.0124718,Long,Market, 054027f2, 9dface6e,21:45 2025-10-11
BNBUSDT,Trade,0.01,1133.8,1190.7,5.5E-4,0.0062359,USDT,0.0062359,Long,Market, 352cab76, 9dface6e,21:45 2025-10-11
ETHFIUSDT,Trade,223.6,1.1186,1.216,5.5E-4,0.13756543,USDT,0.13756543,Long,Market, f5332860, 3639ac6b,21:38 2025-10-11
ETHFIUSDT,Trade,5.0,1.1186,1.216,5.5E-4,0.00307615,USDT,0.00307615,Long,Market, 7dd2730e, 3639ac6b,21:38 2025-10-11
ETHFIUSDT,Trade,75.4,1.1185,1.216,5.5E-4,0.0463842,USDT,0.0463842,Long,Market, 0d34fc1a, 3639ac6b,21:38 2025-10-11
ETHFIUSDT,Trade,51.8,1.1185,1.216,5.5E-4,0.03186607,USDT,0.03186607,Long,Market, d223a6ba, 3639ac6b,21:38 2025-10-11
ETHFIUSDT,Trade,92.2,1.1185,1.216,5.5E-4,0.05671914,USDT,0.05671914,Long,Market, f55256c1, 3639ac6b,21:38 2025-10-11
ETHFIUSDT,Trade,569.6,1.1184,1.216,5.5E-4,0.35037236,USDT,0.35037236,Long,Market, 9afba834, 3639ac6b,21:38 2025-10-11
ETHFIUSDT,Trade,5.0,1.1184,1.216,5.5E-4,0.0030756,USDT,0.0030756,Long,Market, 257625f2, 3639ac6b,21:38 2025-10-11
ETHFIUSDT,Trade,75.5,1.1184,1.216,5.5E-4,0.04644156,USDT,0.04644156,Long,Market, 5cc96279, 3639ac6b,21:38 2025-10-11
ETHFIUSDT,Trade,194.1,1.1183,1.216,5.5E-4,0.11938412,USDT,0.11938412,Long,Market, ba1c141c, 3639ac6b,21:38 2025-10-11
ETHFIUSDT,Trade,1194.1,1.1183,1.216,5.5E-4,0.73444912,USDT,0.73444912,Long,Market, d10c42df, 3639ac6b,21:38 2025-10-11
ETHFIUSDT,Trade,74.3,1.1183,1.216,5.5E-4,0.04569933,USDT,0.04569933,Long,Market, 2a701672, 3639ac6b,21:38 2025-10-11
ETHFIUSDT,Trade,409.0,1.1182,1.216,5.5E-4,0.25153909,USDT,0.25153909,Long,Market, 7b9260f1, 3639ac6b,21:38 2025-10-11
ETHFIUSDT,Trade,6.8,1.1182,1.216,5.5E-4,0.00418207,USDT,0.00418207,Long,Market, ee845765, 3639ac6b,21:38 2025-10-11
ETHFIUSDT,Trade,74.3,1.1182,1.216,5.5E-4,0.04569525,USDT,0.04569525,Long,Market, 263dec4d, 3639ac6b,21:38 2025-10-11
ETHFIUSDT,Trade,5.0,1.1182,1.216,5.5E-4,0.00307505,USDT,0.00307505,Long,Market, f9fdda18, 3639ac6b,21:38 2025-10-11
ETHFIUSDT,Trade,16.7,1.1182,1.216,5.5E-4,0.01027067,USDT,0.01027067,Long,Market, e0230a5d, 3639ac6b,21:38 2025-10-11
ETHFIUSDT,Trade,16.1,1.1181,1.216,5.5E-4,0.00990078,USDT,0.00990078,Long,Market, 606b3d04, 3639ac6b,21:38 2025-10-11
ETHFIUSDT,Trade,63.2,1.1181,1.216,5.5E-4,0.03886516,USDT,0.03886516,Long,Market, 5be3b25f, 3639ac6b,21:38 2025-10-11
ETHFIUSDT,Trade,16.1,1.1181,1.216,5.5E-4,0.00990078,USDT,0.00990078,Long,Market, 082e7682, 3639ac6b,21:38 2025-10-11
ETHFIUSDT,Trade,144.4,1.1181,1.216,5.5E-4,0.08879951,USDT,0.08879951,Long,Market, a27576ea, 3639ac6b,21:38 2025-10-11
ETHFIUSDT,Trade,13.5,1.1179,1.216,5.5E-4,0.00830041,USDT,0.00830041,Long,Market, 83f6286b, 3639ac6b,21:38 2025-10-11
ETHFIUSDT,Trade,0.9,1.1179,1.216,5.5E-4,5.5337E-4,USDT,0.00055337,Long,Market, 7d13cb29, 3639ac6b,21:38 2025-10-11
ETHFIUSDT,Trade,13.5,1.1177,1.216,5.5E-4,0.00829893,USDT,0.00829893,Long,Market, c93b916d, 3639ac6b,21:38 2025-10-11
ETHFIUSDT,Trade,5.0,1.1176,1.216,5.5E-4,0.0030734,USDT,0.0030734,Long,Market, 1ed13af1, 3639ac6b,21:38 2025-10-11
ETHFIUSDT,Trade,52.2,1.1176,1.216,5.5E-4,0.0320863,USDT,0.0320863,Long,Market, e1579037, 3639ac6b,21:38 2025-10-11
ETHFIUSDT,Trade,6.8,1.1176,1.216,5.5E-4,0.00417983,USDT,0.00417983,Long,Market, 07fc49b5, 3639ac6b,21:38 2025-10-11
ETHFIUSDT,Trade,13.5,1.1176,1.216,5.5E-4,0.00829818,USDT,0.00829818,Long,Market, ea197960, 3639ac6b,21:38 2025-10-11
ETHFIUSDT,Trade,13.5,1.1176,1.216,5.5E-4,0.00829818,USDT,0.00829818,Long,Market, 7c4c5f85, 3639ac6b,21:38 2025-10-11
ETHFIUSDT,Trade,43.3,1.1175,1.216,5.5E-4,0.02661327,USDT,0.02661327,Long,Market, 68cca8d1, 3639ac6b,21:38 2025-10-11
ETHFIUSDT,Trade,89.5,1.1174,1.216,5.5E-4,0.05500402,USDT,0.05500402,Long,Market, 0065155c, 3639ac6b,21:38 2025-10-11
ETHFIUSDT,Trade,13.5,1.1174,1.216,5.5E-4,0.0082967,USDT,0.0082967,Long,Market, b0610990, 3639ac6b,21:38 2025-10-11
ETHFIUSDT,Trade,13.6,1.1174,1.216,5.5E-4,0.00835816,USDT,0.00835816,Long,Market, dbbad933, 3639ac6b,21:38 2025-10-11
ETHFIUSDT,Trade,13.5,1.1174,1.216,5.5E-4,0.0082967,USDT,0.0082967,Long,Market, 1e59ef12, 3639ac6b,21:38 2025-10-11
ETHFIUSDT,Trade,13.5,1.1174,1.216,5.5E-4,0.0082967,USDT,0.0082967,Long,Market, a51e900a, 3639ac6b,21:38 2025-10-11
ETHFIUSDT,Trade,89.5,1.1173,1.216,5.5E-4,0.0549991,USDT,0.0549991,Long,Market, 3a706f36, 3639ac6b,21:38 2025-10-11
ETHFIUSDT,Trade,14.0,1.1173,1.216,5.5E-4,0.00860321,USDT,0.00860321,Long,Market, 47ea493e, 3639ac6b,21:38 2025-10-11
ETHFIUSDT,Trade,13.5,1.1173,1.216,5.5E-4,0.00829596,USDT,0.00829596,Long,Market, e6ad03b2, 3639ac6b,21:38 2025-10-11
ETHFIUSDT,Trade,89.5,1.1172,1.216,5.5E-4,0.05499417,USDT,0.05499417,Long,Market, 28cb23fd, 3639ac6b,21:38 2025-10-11
ETHFIUSDT,Trade,89.5,1.1172,1.216,5.5E-4,0.05499417,USDT,0.05499417,Long,Market, d7e11238, 3639ac6b,21:38 2025-10-11
ETHFIUSDT,Trade,13.5,1.1172,1.216,5.5E-4,0.00829521,USDT,0.00829521,Long,Market, 138a82ce, 3639ac6b,21:38 2025-10-11
ETHFIUSDT,Trade,89.5,1.1171,1.216,5.5E-4,0.05498925,USDT,0.05498925,Long,Market, ab888292, 3639ac6b,21:38 2025-10-11
ETHFIUSDT,Trade,14.4,1.1171,1.216,5.5E-4,0.00884744,USDT,0.00884744,Long,Market, 4ad40d56, 3639ac6b,21:38 2025-10-11
BNBUSDT,Trade,0.6,1137.9,1194.6,5.5E-4,0.375507,USDT,0.375507,Long,Market, 1a80c779, b2c03c8e,21:37 2025-10-11
BNBUSDT,Trade,0.86,1137.9,1194.6,5.5E-4,0.5382267,USDT,0.5382267,Long,Market, f7ca1057, b2c03c8e,21:37 2025-10-11
BNBUSDT,Trade,0.02,1137.9,1194.6,5.5E-4,0.0125169,USDT,0.0125169,Long,Market, 50a97c9e, b2c03c8e,21:37 2025-10-11
BNBUSDT,Trade,0.01,1137.9,1194.6,5.5E-4,0.00625845,USDT,0.00625845,Long,Market, 82588954, b2c03c8e,21:37 2025-10-11
BNBUSDT,Trade,0.02,1137.9,1194.6,5.5E-4,0.0125169,USDT,0.0125169,Long,Market, 0b055cf6, b2c03c8e,21:37 2025-10-11
BNBUSDT,Trade,0.28,1137.8,1194.6,5.5E-4,0.1752212,USDT,0.1752212,Long,Market, 2cfb8471, b2c03c8e,21:37 2025-10-11
BNBUSDT,Trade,0.19,1137.8,1194.6,5.5E-4,0.1189001,USDT,0.1189001,Long,Market, 6b695d9d, b2c03c8e,21:37 2025-10-11
BNBUSDT,Trade,0.03,1137.8,1194.6,5.5E-4,0.0187737,USDT,0.0187737,Long,Market, 2135be7c, b2c03c8e,21:37 2025-10-11
BNBUSDT,Trade,0.01,1137.8,1194.6,5.5E-4,0.0062579,USDT,0.0062579,Long,Market, efed3785, b2c03c8e,21:37 2025-10-11
BNBUSDT,Trade,0.02,1137.8,1194.6,5.5E-4,0.0125158,USDT,0.0125158,Long,Market, 60a466ff, b2c03c8e,21:37 2025-10-11
BNBUSDT,Trade,0.01,1117.9,1173.6,5.5E-4,0.00614845,USDT,0.00614845,Long,Market, d9b4a49a, 13bd83d6,21:04 2025-10-11
BTCUSDT,Trade,0.045,109986.1,111086.6,5.5E-4,2.72215598,USDT,2.72215598,Long,Market, e464786e, 56280241,21:04 2025-10-11
BNBUSDT,Trade,1.2,1125.3,1069.1,5.5E-4,0.742698,USDT,0.742698,Short,Market, 7fa2a541, fcf6b54a,20:52 2025-10-11
BNBUSDT,Trade,0.2,1125.3,1069.1,5.5E-4,0.123783,USDT,0.123783,Short,Market, 4a3eda3c, fcf6b54a,20:52 2025-10-11
BNBUSDT,Trade,0.66,1125.3,1069.1,5.5E-4,0.4084839,USDT,0.4084839,Short,Market, 2f2817ed, fcf6b54a,20:52 2025-10-11
BTCUSDT,Trade,0.045,110215.9,109111.5,5.5E-4,2.72784353,USDT,2.72784353,Short,Market, f043582f, cf5e449b,20:48 2025-10-11
ETHFIUSDT,Trade,56.1,1.1204,1.2185,5.5E-4,0.03456995,USDT,0.03456995,Long,Market, 261683c9, 87052305,20:46 2025-10-11
ETHFIUSDT,Trade,87.5,1.1204,1.2185,5.5E-4,0.05391925,USDT,0.05391925,Long,Market, 4065ea59, 87052305,20:46 2025-10-11
ETHFIUSDT,Trade,6.7,1.1204,1.2185,5.5E-4,0.00412868,USDT,0.00412868,Long,Market, 12e939b5, 87052305,20:46 2025-10-11
ETHFIUSDT,Trade,5.0,1.1204,1.2185,5.5E-4,0.0030811,USDT,0.0030811,Long,Market, 9482afe7, 87052305,20:46 2025-10-11
ETHFIUSDT,Trade,75.1,1.1204,1.2185,5.5E-4,0.04627813,USDT,0.04627813,Long,Market, 7b40aadf, 87052305,20:46 2025-10-11
ETHFIUSDT,Trade,153.6,1.1203,1.2185,5.5E-4,0.09464295,USDT,0.09464295,Long,Market, dff8e3cf, 87052305,20:46 2025-10-11
ETHFIUSDT,Trade,196.1,1.1203,1.2185,5.5E-4,0.12082996,USDT,0.12082996,Long,Market, 0619727c, 87052305,20:46 2025-10-11
ETHFIUSDT,Trade,76.9,1.1203,1.2185,5.5E-4,0.04738309,USDT,0.04738309,Long,Market, f1d2ba19, 87052305,20:46 2025-10-11
ETHFIUSDT,Trade,1074.8,1.1203,1.2185,5.5E-4,0.66225415,USDT,0.66225415,Long,Market, ab08c65b, 87052305,20:46 2025-10-11
ETHFIUSDT,Trade,6.7,1.1203,1.2185,5.5E-4,0.00412831,USDT,0.00412831,Long,Market, e2a3ea98, 87052305,20:46 2025-10-11
ETHFIUSDT,Trade,75.1,1.1203,1.2185,5.5E-4,0.046274,USDT,0.046274,Long,Market, 7e1b6707, 87052305,20:46 2025-10-11
ETHFIUSDT,Trade,274.3,1.1202,1.2185,5.5E-4,0.16899898,USDT,0.16899898,Long,Market, ce35a095, 87052305,20:46 2025-10-11
ETHFIUSDT,Trade,307.2,1.1202,1.2185,5.5E-4,0.189269,USDT,0.189269,Long,Market, a8ca8be6, 87052305,20:46 2025-10-11
ETHFIUSDT,Trade,196.1,1.1202,1.2185,5.5E-4,0.12081918,USDT,0.12081918,Long,Market, 276abc72, 87052305,20:46 2025-10-11
ETHFIUSDT,Trade,73.7,1.1202,1.2185,5.5E-4,0.04540731,USDT,0.04540731,Long,Market, 54aecc9d, 87052305,20:46 2025-10-11
ETHFIUSDT,Trade,6.8,1.1202,1.2185,5.5E-4,0.00418955,USDT,0.00418955,Long,Market, d5b710cd, 87052305,20:46 2025-10-11
ETHFIUSDT,Trade,73.7,1.1201,1.2185,5.5E-4,0.04540326,USDT,0.04540326,Long,Market, 64cf2bb6, 87052305,20:46 2025-10-11
ETHFIUSDT,Trade,6.8,1.1201,1.2185,5.5E-4,0.00418918,USDT,0.00418918,Long,Market, 435b7771, 87052305,20:46 2025-10-11
ETHFIUSDT,Trade,0.2,1.1201,1.2185,5.5E-4,1.2322E-4,USDT,0.00012322,Long,Market, 04448d7d, 87052305,20:46 2025-10-11
ETHFIUSDT,Trade,73.6,1.12,1.2185,5.5E-4,0.0453376,USDT,0.0453376,Long,Market, 4e85a448, 87052305,20:46 2025-10-11
ETHFIUSDT,Trade,6.7,1.12,1.2185,5.5E-4,0.0041272,USDT,0.0041272,Long,Market, 4a16e16a, 87052305,20:46 2025-10-11
ETHFIUSDT,Trade,6.8,1.12,1.2185,5.5E-4,0.0041888,USDT,0.0041888,Long,Market, 2f901dff, 87052305,20:46 2025-10-11
ETHFIUSDT,Trade,5.0,1.12,1.2185,5.5E-4,0.00308,USDT,0.00308,Long,Market, 6296ca85, 87052305,20:46 2025-10-11
ETHFIUSDT,Trade,46.6,1.1199,1.2185,5.5E-4,0.02870304,USDT,0.02870304,Long,Market, f91682ad, 87052305,20:46 2025-10-11
ETHFIUSDT,Trade,73.6,1.1199,1.2185,5.5E-4,0.04533356,USDT,0.04533356,Long,Market, 333353ef, 87052305,20:46 2025-10-11
ETHFIUSDT,Trade,6.7,1.1199,1.2185,5.5E-4,0.00412684,USDT,0.00412684,Long,Market, 7be0e73a, 87052305,20:46 2025-10-11
ETHFIUSDT,Trade,40.0,1.1198,1.2185,5.5E-4,0.0246356,USDT,0.0246356,Long,Market, 20a47b94, 87052305,20:46 2025-10-11
ETHFIUSDT,Trade,73.6,1.1198,1.2185,5.5E-4,0.04532951,USDT,0.04532951,Long,Market, 99d4b580, 87052305,20:46 2025-10-11
ETHFIUSDT,Trade,6.7,1.1198,1.2185,5.5E-4,0.00412647,USDT,0.00412647,Long,Market, cf5936d1, 87052305,20:46 2025-10-11
ETHFIUSDT,Trade,89.6,1.1197,1.2185,5.5E-4,0.05517882,USDT,0.05517882,Long,Market, aec7bf77, 87052305,20:46 2025-10-11
ETHFIUSDT,Trade,0.9,1.1197,1.2185,5.5E-4,5.5426E-4,USDT,0.00055426,Long,Market, 73ed2de0, 87052305,20:46 2025-10-11
ETHFIUSDT,Trade,73.6,1.1197,1.2185,5.5E-4,0.04532546,USDT,0.04532546,Long,Market, b5bc8e81, 87052305,20:46 2025-10-11
ETHFIUSDT,Trade,6.7,1.1197,1.2185,5.5E-4,0.0041261,USDT,0.0041261,Long,Market, c660fd90, 87052305,20:46 2025-10-11
ETHFIUSDT,Trade,51.6,1.1196,1.2185,5.5E-4,0.03177425,USDT,0.03177425,Long,Market, 366bebee, 87052305,20:46 2025-10-11
ETHFIUSDT,Trade,29.5,1.1196,1.2185,5.5E-4,0.01816551,USDT,0.01816551,Long,Market, ea4ed555, 87052305,20:46 2025-10-11
ETHFIUSDT,Trade,5.0,1.1196,1.2185,5.5E-4,0.0030789,USDT,0.0030789,Long,Market, 2f6c9761, 87052305,20:46 2025-10-11
ETHFIUSDT,Trade,73.6,1.1196,1.2185,5.5E-4,0.04532141,USDT,0.04532141,Long,Market, 8603e411, 87052305,20:46 2025-10-11
ETHFIUSDT,Trade,6.8,1.1196,1.2185,5.5E-4,0.00418731,USDT,0.00418731,Long,Market, 896052f7, 87052305,20:46 2025-10-11
ETHFIUSDT,Trade,51.8,1.1195,1.2185,5.5E-4,0.03189456,USDT,0.03189456,Long,Market, 2307cd60, 87052305,20:46 2025-10-11
ETHFIUSDT,Trade,29.5,1.1195,1.2185,5.5E-4,0.01816389,USDT,0.01816389,Long,Market, df228492, 87052305,20:46 2025-10-11
ETHFIUSDT,Trade,45.0,1.1195,1.2185,5.5E-4,0.02770763,USDT,0.02770763,Long,Market, 987c77e6, 87052305,20:46 2025-10-11
ETHFIUSDT,Trade,73.4,1.1195,1.2185,5.5E-4,0.04519422,USDT,0.04519422,Long,Market, b8676fb6, 87052305,20:46 2025-10-11
ETHFIUSDT,Trade,6.8,1.1195,1.2185,5.5E-4,0.00418693,USDT,0.00418693,Long,Market, 301b63bd, 87052305,20:46 2025-10-11
ETHFIUSDT,Trade,73.4,1.1194,1.2185,5.5E-4,0.04519018,USDT,0.04519018,Long,Market, 6536e090, 87052305,20:46 2025-10-11
ETHFIUSDT,Trade,6.8,1.1194,1.2185,5.5E-4,0.00418656,USDT,0.00418656,Long,Market, b99008a1, 87052305,20:46 2025-10-11
ETHFIUSDT,Trade,6.8,1.1194,1.2185,5.5E-4,0.00418656,USDT,0.00418656,Long,Market, 73333575, 87052305,20:46 2025-10-11
ETHFIUSDT,Trade,73.4,1.1193,1.2185,5.5E-4,0.04518615,USDT,0.04518615,Long,Market, 80b84824, 87052305,20:46 2025-10-11
ETHFIUSDT,Trade,6.8,1.1193,1.2185,5.5E-4,0.00418619,USDT,0.00418619,Long,Market, 790b4416, 87052305,20:46 2025-10-11
ETHFIUSDT,Trade,63.7,1.1193,1.2185,5.5E-4,0.03921468,USDT,0.03921468,Long,Market, 0cd4cd77, 87052305,20:46 2025-10-11
ETHFIUSDT,Trade,73.4,1.1192,1.2185,5.5E-4,0.04518211,USDT,0.04518211,Long,Market, 186caceb, 87052305,20:46 2025-10-11
ETHFIUSDT,Trade,65.5,1.1192,1.2185,5.5E-4,0.04031918,USDT,0.04031918,Long,Market, 987dfb3a, 87052305,20:46 2025-10-11
ETHFIUSDT,Trade,6.8,1.1192,1.2185,5.5E-4,0.00418581,USDT,0.00418581,Long,Market, ee9b9135, 87052305,20:46 2025-10-11
ETHFIUSDT,Trade,63.7,1.1192,1.2185,5.5E-4,0.03921118,USDT,0.03921118,Long,Market, 2ff234cb, 87052305,20:46 2025-10-11
ETHFIUSDT,Trade,6.8,1.1191,1.2185,5.5E-4,0.00418544,USDT,0.00418544,Long,Market, 20e51e3d, 87052305,20:46 2025-10-11
ETHFIUSDT,Trade,63.7,1.1191,1.2185,5.5E-4,0.03920767,USDT,0.03920767,Long,Market, fd70855d, 87052305,20:46 2025-10-11
ETHFIUSDT,Trade,42.7,1.119,1.2185,5.5E-4,0.02627972,USDT,0.02627972,Long,Market, 363b13c2, 87052305,20:46 2025-10-11
BNBUSDT,Trade,0.73,1131.4,1187.9,5.5E-4,0.4542571,USDT,0.4542571,Long,Market, 6de6bf70, 348aa80b,20:46 2025-10-11
BNBUSDT,Trade,0.66,1131.4,1187.9,5.5E-4,0.4106982,USDT,0.4106982,Long,Market, c478a51d, 348aa80b,20:46 2025-10-11
BNBUSDT,Trade,0.66,1131.4,1187.9,5.5E-4,0.4106982,USDT,0.4106982,Long,Market, 188e0a25, 348aa80b,20:46 2025-10-11
BTCUSDT,Trade,0.105,110414.6,111519.7,5.5E-4,6.37644315,USDT,6.37644315,Long,Market, 1527182e, bb01e935,20:46 2025-10-11
ETHFIUSDT,Trade,43.8,1.1073,1.0281,5.5E-4,0.02667486,USDT,0.02667486,Short,Market, e4ee24a9, 18d2f871,20:39 2025-10-11
ETHFIUSDT,Trade,79.4,1.1073,1.0281,5.5E-4,0.0483558,USDT,0.0483558,Short,Market, 4b6e8d9c, 18d2f871,20:39 2025-10-11
ETHFIUSDT,Trade,6.8,1.1074,1.0281,5.5E-4,0.00414168,USDT,0.00414168,Short,Market, c795eb2b, 18d2f871,20:39 2025-10-11
ETHFIUSDT,Trade,5.0,1.1074,1.0281,5.5E-4,0.00304535,USDT,0.00304535,Short,Market, 5b77b376, 18d2f871,20:39 2025-10-11
ETHFIUSDT,Trade,79.4,1.1074,1.0281,5.5E-4,0.04836016,USDT,0.04836016,Short,Market, 4bdc2093, 18d2f871,20:39 2025-10-11
ETHFIUSDT,Trade,23.1,1.1075,1.0281,5.5E-4,0.01407079,USDT,0.01407079,Short,Market, d5220526, 18d2f871,20:39 2025-10-11
ETHFIUSDT,Trade,6.8,1.1075,1.0281,5.5E-4,0.00414205,USDT,0.00414205,Short,Market, abd65cc2, 18d2f871,20:39 2025-10-11
ETHFIUSDT,Trade,89.5,1.1075,1.0281,5.5E-4,0.05451669,USDT,0.05451669,Short,Market, f8915a65, 18d2f871,20:39 2025-10-11
ETHFIUSDT,Trade,79.4,1.1075,1.0281,5.5E-4,0.04836453,USDT,0.04836453,Short,Market, 49fe6d5a, 18d2f871,20:39 2025-10-11
ETHFIUSDT,Trade,98.5,1.1075,1.0281,5.5E-4,0.05999882,USDT,0.05999882,Short,Market, 3091dd2e, 18d2f871,20:39 2025-10-11
ETHFIUSDT,Trade,270.8,1.1076,1.0281,5.5E-4,0.16496595,USDT,0.16496595,Short,Market, ca8a7cbe, 18d2f871,20:39 2025-10-11
ETHFIUSDT,Trade,80.0,1.1076,1.0281,5.5E-4,0.0487344,USDT,0.0487344,Short,Market, 7c49f407, 18d2f871,20:39 2025-10-11
ETHFIUSDT,Trade,902.4,1.1076,1.0281,5.5E-4,0.54972404,USDT,0.54972404,Short,Market, f0ef0aa5, 18d2f871,20:39 2025-10-11
ETHFIUSDT,Trade,40.0,1.1076,1.0281,5.5E-4,0.0243672,USDT,0.0243672,Short,Market, 423c34e3, 18d2f871,20:39 2025-10-11
ETHFIUSDT,Trade,6.8,1.1076,1.0281,5.5E-4,0.00414243,USDT,0.00414243,Short,Market, 2536eccd, 18d2f871,20:39 2025-10-11
ETHFIUSDT,Trade,215.7,1.1076,1.0281,5.5E-4,0.13140013,USDT,0.13140013,Short,Market, fad79a51, 18d2f871,20:39 2025-10-11
ETHFIUSDT,Trade,5.0,1.1076,1.0281,5.5E-4,0.0030459,USDT,0.0030459,Short,Market, 6ffbc0f6, 18d2f871,20:39 2025-10-11
ETHFIUSDT,Trade,79.4,1.1076,1.0281,5.5E-4,0.0483689,USDT,0.0483689,Short,Market, 46ecac8e, 18d2f871,20:39 2025-10-11
ETHFIUSDT,Trade,40.0,1.1077,1.0281,5.5E-4,0.0243694,USDT,0.0243694,Short,Market, 232bb703, 18d2f871,20:39 2025-10-11
ETHFIUSDT,Trade,6.8,1.1077,1.0281,5.5E-4,0.0041428,USDT,0.0041428,Short,Market, 64eb4b5d, 18d2f871,20:39 2025-10-11
ETHFIUSDT,Trade,79.4,1.1077,1.0281,5.5E-4,0.04837326,USDT,0.04837326,Short,Market, 00c29c73, 18d2f871,20:39 2025-10-11
ETHFIUSDT,Trade,6.8,1.1078,1.0281,5.5E-4,0.00414318,USDT,0.00414318,Short,Market, 57a1bf37, 18d2f871,20:39 2025-10-11
ETHFIUSDT,Trade,5.0,1.1078,1.0281,5.5E-4,0.00304645,USDT,0.00304645,Short,Market, 18a4c568, 18d2f871,20:39 2025-10-11
ETHFIUSDT,Trade,6.8,1.1078,1.0281,5.5E-4,0.00414318,USDT,0.00414318,Short,Market, 6e90897e, 18d2f871,20:39 2025-10-11
ETHFIUSDT,Trade,98.5,1.1078,1.0281,5.5E-4,0.06001507,USDT,0.06001507,Short,Market, 11876e99, 18d2f871,20:39 2025-10-11
ETHFIUSDT,Trade,79.4,1.1078,1.0281,5.5E-4,0.04837763,USDT,0.04837763,Short,Market, 4c6912d2, 18d2f871,20:39 2025-10-11
ETHFIUSDT,Trade,54.0,1.1079,1.0281,5.5E-4,0.03290463,USDT,0.03290463,Short,Market, 1b799e6c, 18d2f871,20:39 2025-10-11
ETHFIUSDT,Trade,80.0,1.1079,1.0281,5.5E-4,0.0487476,USDT,0.0487476,Short,Market, 14fcf467, 18d2f871,20:39 2025-10-11
ETHFIUSDT,Trade,40.0,1.1079,1.0281,5.5E-4,0.0243738,USDT,0.0243738,Short,Market, da9caf06, 18d2f871,20:39 2025-10-11
ETHFIUSDT,Trade,95.3,1.1079,1.0281,5.5E-4,0.05807058,USDT,0.05807058,Short,Market, e548bd33, 18d2f871,20:39 2025-10-11
ETHFIUSDT,Trade,76.7,1.1079,1.0281,5.5E-4,0.04673677,USDT,0.04673677,Short,Market, 2cd0f2eb, 18d2f871,20:39 2025-10-11
ETHFIUSDT,Trade,6.8,1.1079,1.0281,5.5E-4,0.00414355,USDT,0.00414355,Short,Market, 38fac21b, 18d2f871,20:39 2025-10-11
ETHFIUSDT,Trade,37.0,1.108,1.0281,5.5E-4,0.0225478,USDT,0.0225478,Short,Market, 73c70829, 18d2f871,20:39 2025-10-11
ETHFIUSDT,Trade,95.3,1.108,1.0281,5.5E-4,0.05807582,USDT,0.05807582,Short,Market, ec1e4411, 18d2f871,20:39 2025-10-11
ETHFIUSDT,Trade,76.7,1.108,1.0281,5.5E-4,0.04674098,USDT,0.04674098,Short,Market, 1a770068, 18d2f871,20:39 2025-10-11
ETHFIUSDT,Trade,6.8,1.108,1.0281,5.5E-4,0.00414392,USDT,0.00414392,Short,Market, 6cf0e9d8, 18d2f871,20:39 2025-10-11
ETHFIUSDT,Trade,63.7,1.108,1.0281,5.5E-4,0.03881878,USDT,0.03881878,Short,Market, a88c89bb, 18d2f871,20:39 2025-10-11
ETHFIUSDT,Trade,5.0,1.108,1.0281,5.5E-4,0.003047,USDT,0.003047,Short,Market, 7ddc724b, 18d2f871,20:39 2025-10-11
ETHFIUSDT,Trade,0.9,1.108,1.0281,5.5E-4,5.4846E-4,USDT,0.00054846,Short,Market, d88e40f6, 18d2f871,20:39 2025-10-11
ETHFIUSDT,Trade,215.7,1.1081,1.0281,5.5E-4,0.13145945,USDT,0.13145945,Short,Market, 8865fdce, 18d2f871,20:39 2025-10-11
ETHFIUSDT,Trade,76.7,1.1081,1.0281,5.5E-4,0.0467452,USDT,0.0467452,Short,Market, 01e2b98f, 18d2f871,20:39 2025-10-11
ETHFIUSDT,Trade,95.3,1.1081,1.0281,5.5E-4,0.05808107,USDT,0.05808107,Short,Market, aa252fc8, 18d2f871,20:39 2025-10-11
ETHFIUSDT,Trade,6.8,1.1081,1.0281,5.5E-4,0.0041443,USDT,0.0041443,Short,Market, b7a055ac, 18d2f871,20:39 2025-10-11
ETHFIUSDT,Trade,64.0,1.1082,1.0281,5.5E-4,0.03900864,USDT,0.03900864,Short,Market, 026777c8, 18d2f871,20:39 2025-10-11
ETHFIUSDT,Trade,57.6,1.1082,1.0281,5.5E-4,0.03510778,USDT,0.03510778,Short,Market, d9f13f8d, 18d2f871,20:39 2025-10-11
ETHFIUSDT,Trade,76.7,1.1082,1.0281,5.5E-4,0.04674942,USDT,0.04674942,Short,Market, 183e2f7e, 18d2f871,20:39 2025-10-11
ETHFIUSDT,Trade,6.8,1.1082,1.0281,5.5E-4,0.00414467,USDT,0.00414467,Short,Market, c6755eca, 18d2f871,20:39 2025-10-11
ETHFIUSDT,Trade,34.3,1.1083,1.0281,5.5E-4,0.02090808,USDT,0.02090808,Short,Market, 4b7b7a01, 18d2f871,20:39 2025-10-11
ETHFIUSDT,Trade,33.8,1.1083,1.0281,5.5E-4,0.0206033,USDT,0.0206033,Short,Market, bafe275f, 18d2f871,20:39 2025-10-11
ETHFIUSDT,Trade,69.2,1.1083,1.0281,5.5E-4,0.0421819,USDT,0.0421819,Short,Market, a122b6ce, 18d2f871,20:39 2025-10-11
ETHFIUSDT,Trade,69.2,1.1083,1.0281,5.5E-4,0.0421819,USDT,0.0421819,Short,Market, 18019c12, 18d2f871,20:39 2025-10-11
ETHFIUSDT,Trade,76.7,1.1083,1.0281,5.5E-4,0.04675364,USDT,0.04675364,Short,Market, a0421ab9, 18d2f871,20:39 2025-10-11
ETHFIUSDT,Trade,6.8,1.1083,1.0281,5.5E-4,0.00414505,USDT,0.00414505,Short,Market, f12b7e70, 18d2f871,20:39 2025-10-11
ETHFIUSDT,Trade,90.2,1.1084,1.0281,5.5E-4,0.05498773,USDT,0.05498773,Short,Market, 84e91d76, 18d2f871,20:39 2025-10-11
ETHFIUSDT,Trade,9.4,1.1084,1.0281,5.5E-4,0.00573043,USDT,0.00573043,Short,Market, 6906d835, 18d2f871,20:39 2025-10-11
ETHFIUSDT,Trade,9.1,1.1084,1.0281,5.5E-4,0.00554755,USDT,0.00554755,Short,Market, 313fb3d6, 18d2f871,20:39 2025-10-11
ETHFIUSDT,Trade,6.8,1.1084,1.0281,5.5E-4,0.00414542,USDT,0.00414542,Short,Market, 87df8a8f, 18d2f871,20:39 2025-10-11
ETHFIUSDT,Trade,4.8,1.1085,1.0281,5.5E-4,0.00292644,USDT,0.00292644,Short,Market, 15addec0, 18d2f871,20:39 2025-10-11
ETHFIUSDT,Trade,63.7,1.1085,1.0281,5.5E-4,0.0388363,USDT,0.0388363,Short,Market, 0c3cb578, 18d2f871,20:39 2025-10-11
ETHFIUSDT,Trade,42.7,1.1085,1.0281,5.5E-4,0.02603313,USDT,0.02603313,Short,Market, 4c7d0c64, 18d2f871,20:39 2025-10-11
ETHFIUSDT,Trade,1419.7,1.1105,1.2195,5.5E-4,0.86711727,USDT,0.86711727,Long,Market, 8d330464, a2dc9f95,20:38 2025-10-11
ETHFIUSDT,Trade,84.9,1.1105,1.2195,5.5E-4,0.0518548,USDT,0.0518548,Long,Market, 53817072, a2dc9f95,20:38 2025-10-11
ETHFIUSDT,Trade,42.1,1.1104,1.2195,5.5E-4,0.02571132,USDT,0.02571132,Long,Market, 60de1d54, a2dc9f95,20:38 2025-10-11
ETHFIUSDT,Trade,412.6,1.1104,1.2195,5.5E-4,0.25198308,USDT,0.25198308,Long,Market, bbdfd338, a2dc9f95,20:38 2025-10-11
ETHFIUSDT,Trade,241.5,1.1104,1.2195,5.5E-4,0.14748888,USDT,0.14748888,Long,Market, 28581811, a2dc9f95,20:38 2025-10-11
ETHFIUSDT,Trade,6.8,1.1104,1.2195,5.5E-4,0.0041529,USDT,0.0041529,Long,Market, 56f6b163, a2dc9f95,20:38 2025-10-11
ETHFIUSDT,Trade,5.0,1.1104,1.2195,5.5E-4,0.0030536,USDT,0.0030536,Long,Market, 752079f0, a2dc9f95,20:38 2025-10-11
ETHFIUSDT,Trade,84.9,1.1104,1.2195,5.5E-4,0.05185013,USDT,0.05185013,Long,Market, b1d74b98, a2dc9f95,20:38 2025-10-11
ETHFIUSDT,Trade,6.8,1.1104,1.2195,5.5E-4,0.0041529,USDT,0.0041529,Long,Market, 7c2e6c15, a2dc9f95,20:38 2025-10-11
ETHFIUSDT,Trade,349.0,1.1103,1.2195,5.5E-4,0.21312209,USDT,0.21312209,Long,Market, 570ba669, a2dc9f95,20:38 2025-10-11
ETHFIUSDT,Trade,6.8,1.1103,1.2195,5.5E-4,0.00415253,USDT,0.00415253,Long,Market, ebcbd733, a2dc9f95,20:38 2025-10-11
ETHFIUSDT,Trade,79.6,1.1103,1.2195,5.5E-4,0.04860894,USDT,0.04860894,Long,Market, cea9e977, a2dc9f95,20:38 2025-10-11
ETHFIUSDT,Trade,6.8,1.1102,1.2195,5.5E-4,0.00415215,USDT,0.00415215,Long,Market, 9ab2813e, a2dc9f95,20:38 2025-10-11
ETHFIUSDT,Trade,5.0,1.1102,1.2195,5.5E-4,0.00305305,USDT,0.00305305,Long,Market, 2e899748, a2dc9f95,20:38 2025-10-11
ETHFIUSDT,Trade,79.6,1.1102,1.2195,5.5E-4,0.04860456,USDT,0.04860456,Long,Market, 2ea4f9c0, a2dc9f95,20:38 2025-10-11
ETHFIUSDT,Trade,215.7,1.1101,1.2195,5.5E-4,0.13169672,USDT,0.13169672,Long,Market, c7e5193c, a2dc9f95,20:38 2025-10-11
ETHFIUSDT,Trade,79.6,1.1101,1.2195,5.5E-4,0.04860018,USDT,0.04860018,Long,Market, b3e2e039, a2dc9f95,20:38 2025-10-11
ETHFIUSDT,Trade,6.8,1.1101,1.2195,5.5E-4,0.00415178,USDT,0.00415178,Long,Market, 942639e3, a2dc9f95,20:38 2025-10-11
ETHFIUSDT,Trade,37.5,1.11,1.2195,5.5E-4,0.02289375,USDT,0.02289375,Long,Market, c8134eb0, a2dc9f95,20:38 2025-10-11
ETHFIUSDT,Trade,5.0,1.11,1.2195,5.5E-4,0.0030525,USDT,0.0030525,Long,Market, 224f52c7, a2dc9f95,20:38 2025-10-11
ETHFIUSDT,Trade,79.6,1.11,1.2195,5.5E-4,0.0485958,USDT,0.0485958,Long,Market, 667fe329, a2dc9f95,20:38 2025-10-11
ETHFIUSDT,Trade,6.8,1.11,1.2195,5.5E-4,0.0041514,USDT,0.0041514,Long,Market, 1599da6b, a2dc9f95,20:38 2025-10-11
ETHFIUSDT,Trade,78.9,1.1099,1.2195,5.5E-4,0.04816412,USDT,0.04816412,Long,Market, 9433091a, a2dc9f95,20:38 2025-10-11
ETHFIUSDT,Trade,6.8,1.1099,1.2195,5.5E-4,0.00415103,USDT,0.00415103,Long,Market, 80dbe047, a2dc9f95,20:38 2025-10-11
ETHFIUSDT,Trade,78.9,1.1098,1.2195,5.5E-4,0.04815978,USDT,0.04815978,Long,Market, 9c8f577d, a2dc9f95,20:38 2025-10-11
ETHFIUSDT,Trade,6.8,1.1098,1.2195,5.5E-4,0.00415066,USDT,0.00415066,Long,Market, dbff653c, a2dc9f95,20:38 2025-10-11
ETHFIUSDT,Trade,5.0,1.1098,1.2195,5.5E-4,0.00305195,USDT,0.00305195,Long,Market, c931dc40, a2dc9f95,20:38 2025-10-11
ETHFIUSDT,Trade,0.9,1.1098,1.2195,5.5E-4,5.4936E-4,USDT,0.00054936,Long,Market, e2d320de, a2dc9f95,20:38 2025-10-11
ETHFIUSDT,Trade,6.8,1.1098,1.2195,5.5E-4,0.00415066,USDT,0.00415066,Long,Market, f213b048, a2dc9f95,20:38 2025-10-11
ETHFIUSDT,Trade,78.8,1.1097,1.2195,5.5E-4,0.0480944,USDT,0.0480944,Long,Market, abcce6a1, a2dc9f95,20:38 2025-10-11
ETHFIUSDT,Trade,6.8,1.1097,1.2195,5.5E-4,0.00415028,USDT,0.00415028,Long,Market, 77364ef6, a2dc9f95,20:38 2025-10-11
ETHFIUSDT,Trade,63.7,1.1097,1.2195,5.5E-4,0.03887834,USDT,0.03887834,Long,Market, 280aed45, a2dc9f95,20:38 2025-10-11
ETHFIUSDT,Trade,215.7,1.1096,1.2195,5.5E-4,0.1316374,USDT,0.1316374,Long,Market, 957293b9, a2dc9f95,20:38 2025-10-11
ETHFIUSDT,Trade,5.0,1.1096,1.2195,5.5E-4,0.0030514,USDT,0.0030514,Long,Market, 4f03275b, a2dc9f95,20:38 2025-10-11
ETHFIUSDT,Trade,78.8,1.1096,1.2195,5.5E-4,0.04809007,USDT,0.04809007,Long,Market, f746d3a3, a2dc9f95,20:38 2025-10-11
ETHFIUSDT,Trade,6.8,1.1096,1.2195,5.5E-4,0.00414991,USDT,0.00414991,Long,Market, 1d3b963c, a2dc9f95,20:38 2025-10-11
ETHFIUSDT,Trade,78.8,1.1095,1.2195,5.5E-4,0.04808573,USDT,0.04808573,Long,Market, 53a725a2, a2dc9f95,20:38 2025-10-11
ETHFIUSDT,Trade,6.8,1.1095,1.2195,5.5E-4,0.00414953,USDT,0.00414953,Long,Market, ba853abf, a2dc9f95,20:38 2025-10-11
ETHFIUSDT,Trade,5.0,1.1094,1.2195,5.5E-4,0.00305085,USDT,0.00305085,Long,Market, 7f857c3e, a2dc9f95,20:38 2025-10-11
ETHFIUSDT,Trade,78.8,1.1094,1.2195,5.5E-4,0.0480814,USDT,0.0480814,Long,Market, 969d5c50, a2dc9f95,20:38 2025-10-11
ETHFIUSDT,Trade,6.8,1.1094,1.2195,5.5E-4,0.00414916,USDT,0.00414916,Long,Market, 86d1a598, a2dc9f95,20:38 2025-10-11
ETHFIUSDT,Trade,78.8,1.1093,1.2195,5.5E-4,0.04807707,USDT,0.04807707,Long,Market, 05fbed04, a2dc9f95,20:38 2025-10-11
ETHFIUSDT,Trade,6.8,1.1093,1.2195,5.5E-4,0.00414879,USDT,0.00414879,Long,Market, f9cc38f9, a2dc9f95,20:38 2025-10-11
ETHFIUSDT,Trade,6.8,1.1092,1.2195,5.5E-4,0.00414841,USDT,0.00414841,Long,Market, 34200dab, a2dc9f95,20:38 2025-10-11
ETHFIUSDT,Trade,0.6,1.1091,1.2195,5.5E-4,3.6601E-4,USDT,0.00036601,Long,Market, 3ce6200b, a2dc9f95,20:38 2025-10-11
ETHFIUSDT,Trade,102.5,1.1112,1.0324,5.5E-4,0.0626439,USDT,0.0626439,Short,Market, 65d18fd7, f91de200,20:32 2025-10-11
ETHFIUSDT,Trade,108.0,1.1112,1.0324,5.5E-4,0.06600528,USDT,0.06600528,Short,Market, 49da888e, f91de200,20:32 2025-10-11
ETHFIUSDT,Trade,5.0,1.1112,1.0324,5.5E-4,0.0030558,USDT,0.0030558,Short,Market, dfe9e6c1, f91de200,20:32 2025-10-11
ETHFIUSDT,Trade,6.8,1.1113,1.0324,5.5E-4,0.00415627,USDT,0.00415627,Short,Market, bc906b93, f91de200,20:32 2025-10-11
ETHFIUSDT,Trade,108.0,1.1113,1.0324,5.5E-4,0.06601122,USDT,0.06601122,Short,Market, cadc9821, f91de200,20:32 2025-10-11
ETHFIUSDT,Trade,215.7,1.1114,1.0324,5.5E-4,0.13185094,USDT,0.13185094,Short,Market, 3927b871, f91de200,20:32 2025-10-11
ETHFIUSDT,Trade,6.8,1.1114,1.0324,5.5E-4,0.00415664,USDT,0.00415664,Short,Market, e8f08759, f91de200,20:32 2025-10-11
ETHFIUSDT,Trade,130.7,1.1114,1.0324,5.5E-4,0.07989299,USDT,0.07989299,Short,Market, 8bc98054, f91de200,20:32 2025-10-11
ETHFIUSDT,Trade,107.9,1.1114,1.0324,5.5E-4,0.06595604,USDT,0.06595604,Short,Market, 352ff1aa, f91de200,20:32 2025-10-11
ETHFIUSDT,Trade,5.0,1.1114,1.0324,5.5E-4,0.00305635,USDT,0.00305635,Short,Market, e03d48b2, f91de200,20:32 2025-10-11
ETHFIUSDT,Trade,6.8,1.1114,1.0324,5.5E-4,0.00415664,USDT,0.00415664,Short,Market, 120099c7, f91de200,20:32 2025-10-11
ETHFIUSDT,Trade,6.8,1.1115,1.0324,5.5E-4,0.00415701,USDT,0.00415701,Short,Market, 99d24439, f91de200,20:32 2025-10-11
ETHFIUSDT,Trade,107.9,1.1115,1.0324,5.5E-4,0.06596197,USDT,0.06596197,Short,Market, 51eb4ccd, f91de200,20:32 2025-10-11
ETHFIUSDT,Trade,56.9,1.1116,1.0324,5.5E-4,0.03478753,USDT,0.03478753,Short,Market, 635d8c91, f91de200,20:32 2025-10-11
ETHFIUSDT,Trade,6.8,1.1116,1.0324,5.5E-4,0.00415739,USDT,0.00415739,Short,Market, c4d29f63, f91de200,20:32 2025-10-11
ETHFIUSDT,Trade,60.0,1.1116,1.0324,5.5E-4,0.0366828,USDT,0.0366828,Short,Market, 71474740, f91de200,20:32 2025-10-11
ETHFIUSDT,Trade,130.7,1.1116,1.0324,5.5E-4,0.07990737,USDT,0.07990737,Short,Market, 15821e82, f91de200,20:32 2025-10-11
ETHFIUSDT,Trade,107.9,1.1116,1.0324,5.5E-4,0.06596791,USDT,0.06596791,Short,Market, 123be446, f91de200,20:32 2025-10-11
ETHFIUSDT,Trade,5.0,1.1116,1.0324,5.5E-4,0.0030569,USDT,0.0030569,Short,Market, c69b99d6, f91de200,20:32 2025-10-11
ETHFIUSDT,Trade,0.9,1.1116,1.0324,5.5E-4,5.5025E-4,USDT,0.00055025,Short,Market, 9f3e765f, f91de200,20:32 2025-10-11
ETHFIUSDT,Trade,13.6,1.1117,1.0324,5.5E-4,0.00831552,USDT,0.00831552,Short,Market, f0a23762, f91de200,20:32 2025-10-11
ETHFIUSDT,Trade,238.1,1.1117,1.0324,5.5E-4,0.14558268,USDT,0.14558268,Short,Market, 0d7a986e, f91de200,20:32 2025-10-11
ETHFIUSDT,Trade,129.5,1.1117,1.0324,5.5E-4,0.07918084,USDT,0.07918084,Short,Market, b9b3793b, f91de200,20:32 2025-10-11
ETHFIUSDT,Trade,106.9,1.1117,1.0324,5.5E-4,0.06536241,USDT,0.06536241,Short,Market, 645720fc, f91de200,20:32 2025-10-11
ETHFIUSDT,Trade,6.8,1.1117,1.0324,5.5E-4,0.00415776,USDT,0.00415776,Short,Market, 50c84089, f91de200,20:32 2025-10-11
ETHFIUSDT,Trade,215.7,1.1118,1.0324,5.5E-4,0.1318984,USDT,0.1318984,Short,Market, 94dd7b88, f91de200,20:32 2025-10-11
ETHFIUSDT,Trade,106.9,1.1118,1.0324,5.5E-4,0.06536829,USDT,0.06536829,Short,Market, 658451cf, f91de200,20:32 2025-10-11
ETHFIUSDT,Trade,6.8,1.1118,1.0324,5.5E-4,0.00415814,USDT,0.00415814,Short,Market, 1048d4e2, f91de200,20:32 2025-10-11
ETHFIUSDT,Trade,31.1,1.1119,1.0324,5.5E-4,0.01901905,USDT,0.01901905,Short,Market, 782285ae, f91de200,20:32 2025-10-11
ETHFIUSDT,Trade,215.7,1.1119,1.0324,5.5E-4,0.13191026,USDT,0.13191026,Short,Market, f6bdfe4c, f91de200,20:32 2025-10-11
ETHFIUSDT,Trade,129.5,1.1119,1.0324,5.5E-4,0.07919508,USDT,0.07919508,Short,Market, ea9fc6b8, f91de200,20:32 2025-10-11
ETHFIUSDT,Trade,106.9,1.1119,1.0324,5.5E-4,0.06537417,USDT,0.06537417,Short,Market, 30ac2afa, f91de200,20:32 2025-10-11
ETHFIUSDT,Trade,6.8,1.1119,1.0324,5.5E-4,0.00415851,USDT,0.00415851,Short,Market, 369889e0, f91de200,20:32 2025-10-11
ETHFIUSDT,Trade,17.4,1.112,1.0324,5.5E-4,0.01064184,USDT,0.01064184,Short,Market, 291075e2, f91de200,20:32 2025-10-11
ETHFIUSDT,Trade,106.9,1.112,1.0324,5.5E-4,0.06538004,USDT,0.06538004,Short,Market, f1fa7e1c, f91de200,20:32 2025-10-11
ETHFIUSDT,Trade,129.5,1.112,1.0324,5.5E-4,0.0792022,USDT,0.0792022,Short,Market, 7ebbe689, f91de200,20:32 2025-10-11
ETHFIUSDT,Trade,6.8,1.112,1.0324,5.5E-4,0.00415888,USDT,0.00415888,Short,Market, 1f733728, f91de200,20:32 2025-10-11
ETHFIUSDT,Trade,6.8,1.112,1.0324,5.5E-4,0.00415888,USDT,0.00415888,Short,Market, 30e3e4c2, f91de200,20:32 2025-10-11
ETHFIUSDT,Trade,5.0,1.112,1.0324,5.5E-4,0.003058,USDT,0.003058,Short,Market, d611e990, f91de200,20:32 2025-10-11
ETHFIUSDT,Trade,74.7,1.1121,1.0324,5.5E-4,0.04569063,USDT,0.04569063,Short,Market, efbed092, f91de200,20:32 2025-10-11
ETHFIUSDT,Trade,129.5,1.1121,1.0324,5.5E-4,0.07920933,USDT,0.07920933,Short,Market, 9d8cccc5, f91de200,20:32 2025-10-11
ETHFIUSDT,Trade,106.9,1.1121,1.0324,5.5E-4,0.06538592,USDT,0.06538592,Short,Market, ebcbc710, f91de200,20:32 2025-10-11
ETHFIUSDT,Trade,6.8,1.1121,1.0324,5.5E-4,0.00415926,USDT,0.00415926,Short,Market, c7e6e86f, f91de200,20:32 2025-10-11
ETHFIUSDT,Trade,5.0,1.1122,1.0324,5.5E-4,0.00305855,USDT,0.00305855,Short,Market, 9b2bcb59, f91de200,20:32 2025-10-11
ETHFIUSDT,Trade,106.9,1.1122,1.0324,5.5E-4,0.0653918,USDT,0.0653918,Short,Market, 1626c486, f91de200,20:32 2025-10-11
ETHFIUSDT,Trade,6.8,1.1122,1.0324,5.5E-4,0.00415963,USDT,0.00415963,Short,Market, ca70562e, f91de200,20:32 2025-10-11
ETHFIUSDT,Trade,46.9,1.1123,1.0324,5.5E-4,0.02869178,USDT,0.02869178,Short,Market, 459b530c, f91de200,20:32 2025-10-11
ETHFIUSDT,Trade,95.8,1.1123,1.0324,5.5E-4,0.05860709,USDT,0.05860709,Short,Market, a507078a, f91de200,20:32 2025-10-11
ETHFIUSDT,Trade,106.9,1.1123,1.0324,5.5E-4,0.06539768,USDT,0.06539768,Short,Market, 1bec62d1, f91de200,20:32 2025-10-11
ETHFIUSDT,Trade,129.5,1.1123,1.0324,5.5E-4,0.07922357,USDT,0.07922357,Short,Market, b5941582, f91de200,20:32 2025-10-11
ETHFIUSDT,Trade,6.8,1.1123,1.0324,5.5E-4,0.00416001,USDT,0.00416001,Short,Market, 8be4b6bb, f91de200,20:32 2025-10-11
ETHFIUSDT,Trade,95.8,1.1124,1.0324,5.5E-4,0.05861236,USDT,0.05861236,Short,Market, b6c738b7, f91de200,20:32 2025-10-11
ETHFIUSDT,Trade,106.6,1.1124,1.0324,5.5E-4,0.06522002,USDT,0.06522002,Short,Market, eee6f829, f91de200,20:32 2025-10-11
ETHFIUSDT,Trade,129.1,1.1124,1.0324,5.5E-4,0.07898597,USDT,0.07898597,Short,Market, b7f3209d, f91de200,20:32 2025-10-11
ETHFIUSDT,Trade,5.0,1.1124,1.0324,5.5E-4,0.0030591,USDT,0.0030591,Short,Market, d39231ec, f91de200,20:32 2025-10-11
ETHFIUSDT,Trade,6.8,1.1124,1.0324,5.5E-4,0.00416038,USDT,0.00416038,Short,Market, 5b0f9a75, f91de200,20:32 2025-10-11
ETHFIUSDT,Trade,95.3,1.1125,1.0324,5.5E-4,0.05831169,USDT,0.05831169,Short,Market, eca9b37e, f91de200,20:32 2025-10-11
ETHFIUSDT,Trade,6.8,1.1125,1.0324,5.5E-4,0.00416075,USDT,0.00416075,Short,Market, 67da6439, f91de200,20:32 2025-10-11
ETHFIUSDT,Trade,5.0,1.1126,1.0324,5.5E-4,0.00305965,USDT,0.00305965,Short,Market, 4a798cdb, f91de200,20:32 2025-10-11
ETHFIUSDT,Trade,6.8,1.1126,1.0324,5.5E-4,0.00416113,USDT,0.00416113,Short,Market, f40e5dfc, f91de200,20:32 2025-10-11
ETHFIUSDT,Trade,6.8,1.1126,1.0324,5.5E-4,0.00416113,USDT,0.00416113,Short,Market, fda4df9e, f91de200,20:32 2025-10-11
ETHFIUSDT,Trade,11.7,1.1127,1.0324,5.5E-4,0.00716023,USDT,0.00716023,Short,Market, 5ce71c06, f91de200,20:32 2025-10-11
ETHFIUSDT,Trade,92.5,1.1185,1.2288,5.5E-4,0.05690369,USDT,0.05690369,Long,Market, 9bcfcbc8, bae7aa87,20:29 2025-10-11
ETHFIUSDT,Trade,132.3,1.1185,1.2288,5.5E-4,0.08138766,USDT,0.08138766,Long,Market, 31aadc26, bae7aa87,20:29 2025-10-11
ETHFIUSDT,Trade,45.8,1.1184,1.2288,5.5E-4,0.0281725,USDT,0.0281725,Long,Market, bf85a55e, bae7aa87,20:29 2025-10-11
ETHFIUSDT,Trade,6.8,1.1184,1.2288,5.5E-4,0.00418282,USDT,0.00418282,Long,Market, dba20de6, bae7aa87,20:29 2025-10-11
ETHFIUSDT,Trade,5.0,1.1184,1.2288,5.5E-4,0.0030756,USDT,0.0030756,Long,Market, 833eae9c, bae7aa87,20:29 2025-10-11
ETHFIUSDT,Trade,155.6,1.1184,1.2288,5.5E-4,0.09571268,USDT,0.09571268,Long,Market, 79d99948, bae7aa87,20:29 2025-10-11
ETHFIUSDT,Trade,132.3,1.1184,1.2288,5.5E-4,0.08138038,USDT,0.08138038,Long,Market, 35aca879, bae7aa87,20:29 2025-10-11
ETHFIUSDT,Trade,0.1,1.1184,1.2288,5.5E-4,6.152E-5,USDT,0.00006152,Long,Market, a02cec65, bae7aa87,20:29 2025-10-11
ETHFIUSDT,Trade,80.3,1.1183,1.2288,5.5E-4,0.04938972,USDT,0.04938972,Long,Market, 870ebe5d, bae7aa87,20:29 2025-10-11
ETHFIUSDT,Trade,6.8,1.1183,1.2288,5.5E-4,0.00418245,USDT,0.00418245,Long,Market, fa9ef24c, bae7aa87,20:29 2025-10-11
ETHFIUSDT,Trade,215.7,1.1183,1.2288,5.5E-4,0.13266953,USDT,0.13266953,Long,Market, 7d05aba5, bae7aa87,20:29 2025-10-11
ETHFIUSDT,Trade,155.6,1.1183,1.2288,5.5E-4,0.09570412,USDT,0.09570412,Long,Market, 51679963, bae7aa87,20:29 2025-10-11
ETHFIUSDT,Trade,132.3,1.1183,1.2288,5.5E-4,0.0813731,USDT,0.0813731,Long,Market, 6574f90d, bae7aa87,20:29 2025-10-11
ETHFIUSDT,Trade,190.0,1.1182,1.2288,5.5E-4,0.1168519,USDT,0.1168519,Long,Market, 2cde1065, bae7aa87,20:29 2025-10-11
ETHFIUSDT,Trade,6.8,1.1182,1.2288,5.5E-4,0.00418207,USDT,0.00418207,Long,Market, ee1d88d2, bae7aa87,20:29 2025-10-11
ETHFIUSDT,Trade,5.0,1.1182,1.2288,5.5E-4,0.00307505,USDT,0.00307505,Long,Market, 5c6275d8, bae7aa87,20:29 2025-10-11
ETHFIUSDT,Trade,215.7,1.1182,1.2288,5.5E-4,0.13265766,USDT,0.13265766,Long,Market, abbe3414, bae7aa87,20:29 2025-10-11
ETHFIUSDT,Trade,6.8,1.1182,1.2288,5.5E-4,0.00418207,USDT,0.00418207,Long,Market, 10006de7, bae7aa87,20:29 2025-10-11
ETHFIUSDT,Trade,132.3,1.1182,1.2288,5.5E-4,0.08136583,USDT,0.08136583,Long,Market, 8f4159ed, bae7aa87,20:29 2025-10-11
ETHFIUSDT,Trade,147.2,1.1181,1.2288,5.5E-4,0.09052138,USDT,0.09052138,Long,Market, d9da12c5, bae7aa87,20:29 2025-10-11
ETHFIUSDT,Trade,6.8,1.1181,1.2288,5.5E-4,0.0041817,USDT,0.0041817,Long,Market, c6b36502, bae7aa87,20:29 2025-10-11
ETHFIUSDT,Trade,132.3,1.1181,1.2288,5.5E-4,0.08135855,USDT,0.08135855,Long,Market, a6b2ce27, bae7aa87,20:29 2025-10-11
ETHFIUSDT,Trade,147.1,1.118,1.2288,5.5E-4,0.09045179,USDT,0.09045179,Long,Market, 9d3648d7, bae7aa87,20:29 2025-10-11
ETHFIUSDT,Trade,6.8,1.118,1.2288,5.5E-4,0.00418132,USDT,0.00418132,Long,Market, aa8c0f5c, bae7aa87,20:29 2025-10-11
ETHFIUSDT,Trade,5.0,1.118,1.2288,5.5E-4,0.0030745,USDT,0.0030745,Long,Market, 01dd6c93, bae7aa87,20:29 2025-10-11
ETHFIUSDT,Trade,132.3,1.118,1.2288,5.5E-4,0.08135127,USDT,0.08135127,Long,Market, 42622d69, bae7aa87,20:29 2025-10-11
ETHFIUSDT,Trade,58.9,1.1179,1.2288,5.5E-4,0.03621438,USDT,0.03621438,Long,Market, 5582cf3b, bae7aa87,20:29 2025-10-11
ETHFIUSDT,Trade,147.1,1.1179,1.2288,5.5E-4,0.0904437,USDT,0.0904437,Long,Market, e074f490, bae7aa87,20:29 2025-10-11
ETHFIUSDT,Trade,123.6,1.1179,1.2288,5.5E-4,0.07599485,USDT,0.07599485,Long,Market, b063cbb5, bae7aa87,20:29 2025-10-11
ETHFIUSDT,Trade,6.8,1.1179,1.2288,5.5E-4,0.00418095,USDT,0.00418095,Long,Market, ea17d9a4, bae7aa87,20:29 2025-10-11
ETHFIUSDT,Trade,0.9,1.1179,1.2288,5.5E-4,5.5337E-4,USDT,0.00055337,Long,Market, 4c6a4cc6, bae7aa87,20:29 2025-10-11
ETHFIUSDT,Trade,416.3,1.1178,1.2288,5.5E-4,0.25593708,USDT,0.25593708,Long,Market, 921709be, bae7aa87,20:29 2025-10-11
ETHFIUSDT,Trade,43.8,1.1178,1.2288,5.5E-4,0.02692781,USDT,0.02692781,Long,Market, 5fb641b1, bae7aa87,20:29 2025-10-11
ETHFIUSDT,Trade,41.7,1.1178,1.2288,5.5E-4,0.02563675,USDT,0.02563675,Long,Market, 24ce99bc, bae7aa87,20:29 2025-10-11
ETHFIUSDT,Trade,215.7,1.1178,1.2288,5.5E-4,0.13261021,USDT,0.13261021,Long,Market, c14ea5fb, bae7aa87,20:29 2025-10-11
ETHFIUSDT,Trade,123.6,1.1178,1.2288,5.5E-4,0.07598805,USDT,0.07598805,Long,Market, c3ecfa82, bae7aa87,20:29 2025-10-11
ETHFIUSDT,Trade,6.8,1.1178,1.2288,5.5E-4,0.00418058,USDT,0.00418058,Long,Market, 0b33dbe5, bae7aa87,20:29 2025-10-11
ETHFIUSDT,Trade,2.5,1.1178,1.2288,5.5E-4,0.00153698,USDT,0.00153698,Long,Market, 5cd981a9, bae7aa87,20:29 2025-10-11
ETHFIUSDT,Trade,253.8,1.1177,1.2288,5.5E-4,0.15601975,USDT,0.15601975,Long,Market, e465c873, bae7aa87,20:29 2025-10-11
ETHFIUSDT,Trade,12.4,1.1177,1.2288,5.5E-4,0.00762272,USDT,0.00762272,Long,Market, 0cbe6c75, bae7aa87,20:29 2025-10-11
ETHFIUSDT,Trade,123.4,1.1177,1.2288,5.5E-4,0.0758583,USDT,0.0758583,Long,Market, 3bc41cd1, bae7aa87,20:29 2025-10-11
ETHFIUSDT,Trade,6.8,1.1177,1.2288,5.5E-4,0.0041802,USDT,0.0041802,Long,Market, cb04739c, bae7aa87,20:29 2025-10-11
ETHFIUSDT,Trade,108.9,1.1176,1.2288,5.5E-4,0.06693866,USDT,0.06693866,Long,Market, c0ac87fe, bae7aa87,20:29 2025-10-11
ETHFIUSDT,Trade,6.8,1.1176,1.2288,5.5E-4,0.00417983,USDT,0.00417983,Long,Market, 42837666, bae7aa87,20:29 2025-10-11
ETHFIUSDT,Trade,123.4,1.1176,1.2288,5.5E-4,0.07585152,USDT,0.07585152,Long,Market, ad83b04c, bae7aa87,20:29 2025-10-11
ETHFIUSDT,Trade,6.8,1.1176,1.2288,5.5E-4,0.00417983,USDT,0.00417983,Long,Market, 9b4f11ca, bae7aa87,20:29 2025-10-11
ETHFIUSDT,Trade,5.0,1.1176,1.2288,5.5E-4,0.0030734,USDT,0.0030734,Long,Market, 036bc7e0, bae7aa87,20:29 2025-10-11
ETHFIUSDT,Trade,6.8,1.1175,1.2288,5.5E-4,0.00417945,USDT,0.00417945,Long,Market, f489f991, bae7aa87,20:29 2025-10-11
ETHFIUSDT,Trade,5.0,1.1174,1.2288,5.5E-4,0.00307285,USDT,0.00307285,Long,Market, 97567f76, bae7aa87,20:29 2025-10-11
BTCUSDT,Trade,0.044,110704.5,109605,5.5E-4,2.6790489,USDT,2.6790489,Short,Market, f8300cf8, 520bd2fa,20:21 2025-10-11
BTCUSDT,Trade,0.052,110645,109538.6,5.5E-4,3.164447,USDT,3.164447,Short,Market, c558494c, 9f7aacf6,20:20 2025-10-11
BTCUSDT,Trade,0.007,110645,109538.6,5.5E-4,0.42598325,USDT,0.42598325,Short,Market, c8fef989, 9f7aacf6,20:20 2025-10-11
BTCUSDT,Trade,0.001,110645,109538.6,5.5E-4,0.06085475,USDT,0.06085475,Short,Market, 892ae2d5, 9f7aacf6,20:20 2025-10-11
BTCUSDT,Trade,0.001,110645,109538.6,5.5E-4,0.06085475,USDT,0.06085475,Short,Market, dbfad5ea, 9f7aacf6,20:20 2025-10-11
ETHFIUSDT,Trade,32.9,1.1194,1.0398,5.5E-4,0.02025555,USDT,0.02025555,Short,Market, b974bfcb, 68f20a89,20:19 2025-10-11
ETHFIUSDT,Trade,502.2,1.1194,1.0398,5.5E-4,0.30918948,USDT,0.30918948,Short,Market, 75dfd270, 68f20a89,20:19 2025-10-11
ETHFIUSDT,Trade,91.3,1.1194,1.0398,5.5E-4,0.05621068,USDT,0.05621068,Short,Market, 38406702, 68f20a89,20:19 2025-10-11
ETHFIUSDT,Trade,6.7,1.1194,1.0398,5.5E-4,0.00412499,USDT,0.00412499,Short,Market, 6ade12a8, 68f20a89,20:19 2025-10-11
ETHFIUSDT,Trade,13.5,1.1195,1.0398,5.5E-4,0.00831229,USDT,0.00831229,Short,Market, 502372e4, 68f20a89,20:19 2025-10-11
ETHFIUSDT,Trade,1074.8,1.1195,1.0398,5.5E-4,0.66178123,USDT,0.66178123,Short,Market, 28ea2c5b, 68f20a89,20:19 2025-10-11
ETHFIUSDT,Trade,25.5,1.1195,1.0398,5.5E-4,0.01570099,USDT,0.01570099,Short,Market, 1ae73227, 68f20a89,20:19 2025-10-11
ETHFIUSDT,Trade,6.7,1.1195,1.0398,5.5E-4,0.00412536,USDT,0.00412536,Short,Market, 52fff8ea, 68f20a89,20:19 2025-10-11
ETHFIUSDT,Trade,5.0,1.1196,1.0398,5.5E-4,0.0030789,USDT,0.0030789,Short,Market, a61abdee, 68f20a89,20:19 2025-10-11
ETHFIUSDT,Trade,13.5,1.1196,1.0398,5.5E-4,0.00831303,USDT,0.00831303,Short,Market, cbcc2037, 68f20a89,20:19 2025-10-11
ETHFIUSDT,Trade,91.3,1.1196,1.0398,5.5E-4,0.05622072,USDT,0.05622072,Short,Market, 0431b44b, 68f20a89,20:19 2025-10-11
ETHFIUSDT,Trade,6.7,1.1196,1.0398,5.5E-4,0.00412573,USDT,0.00412573,Short,Market, 0d6c455c, 68f20a89,20:19 2025-10-11
ETHFIUSDT,Trade,78.2,1.1197,1.0398,5.5E-4,0.0481583,USDT,0.0481583,Short,Market, e83d9750, 68f20a89,20:19 2025-10-11
ETHFIUSDT,Trade,158.3,1.1197,1.0398,5.5E-4,0.09748669,USDT,0.09748669,Short,Market, 18d6b9ef, 68f20a89,20:19 2025-10-11
ETHFIUSDT,Trade,0.9,1.1197,1.0398,5.5E-4,5.5426E-4,USDT,0.00055426,Short,Market, 076310ca, 68f20a89,20:19 2025-10-11
ETHFIUSDT,Trade,92.3,1.1197,1.0398,5.5E-4,0.05684158,USDT,0.05684158,Short,Market, 669e90c0, 68f20a89,20:19 2025-10-11
ETHFIUSDT,Trade,5.4,1.1197,1.0398,5.5E-4,0.00332551,USDT,0.00332551,Short,Market, 3962ba78, 68f20a89,20:19 2025-10-11
ETHFIUSDT,Trade,21.9,1.1198,1.0398,5.5E-4,0.013488,USDT,0.013488,Short,Market, 919c20b1, 68f20a89,20:19 2025-10-11
ETHFIUSDT,Trade,99.3,1.1198,1.0398,5.5E-4,0.06115788,USDT,0.06115788,Short,Market, 38fc4943, 68f20a89,20:19 2025-10-11
ETHFIUSDT,Trade,6.7,1.1198,1.0398,5.5E-4,0.00412647,USDT,0.00412647,Short,Market, eb537afc, 68f20a89,20:19 2025-10-11
ETHFIUSDT,Trade,6.7,1.1198,1.0398,5.5E-4,0.00412647,USDT,0.00412647,Short,Market, c94d9048, 68f20a89,20:19 2025-10-11
ETHFIUSDT,Trade,24.3,1.1199,1.0398,5.5E-4,0.01496747,USDT,0.01496747,Short,Market, 0b019ef0, 68f20a89,20:19 2025-10-11
ETHFIUSDT,Trade,5.0,1.1199,1.0398,5.5E-4,0.00307973,USDT,0.00307973,Short,Market, b4465a2a, 68f20a89,20:19 2025-10-11
ETHFIUSDT,Trade,13.4,1.1199,1.0398,5.5E-4,0.00825367,USDT,0.00825367,Short,Market, f3184f27, 68f20a89,20:19 2025-10-11
ETHFIUSDT,Trade,99.3,1.1199,1.0398,5.5E-4,0.06116334,USDT,0.06116334,Short,Market, 58e8a434, 68f20a89,20:19 2025-10-11
ETHFIUSDT,Trade,6.7,1.1199,1.0398,5.5E-4,0.00412684,USDT,0.00412684,Short,Market, c1961953, 68f20a89,20:19 2025-10-11
ETHFIUSDT,Trade,99.3,1.12,1.0398,5.5E-4,0.0611688,USDT,0.0611688,Short,Market, b19066ac, 68f20a89,20:19 2025-10-11
ETHFIUSDT,Trade,6.7,1.12,1.0398,5.5E-4,0.0041272,USDT,0.0041272,Short,Market, 156a1701, 68f20a89,20:19 2025-10-11
ETHFIUSDT,Trade,40.0,1.1201,1.0398,5.5E-4,0.0246422,USDT,0.0246422,Short,Market, e765d3ca, 68f20a89,20:19 2025-10-11
ETHFIUSDT,Trade,101.3,1.1201,1.0398,5.5E-4,0.06240638,USDT,0.06240638,Short,Market, 53ebf065, 68f20a89,20:19 2025-10-11
ETHFIUSDT,Trade,6.7,1.1201,1.0398,5.5E-4,0.00412757,USDT,0.00412757,Short,Market, 962339cf, 68f20a89,20:19 2025-10-11
ETHFIUSDT,Trade,35.7,1.1202,1.0398,5.5E-4,0.02199513,USDT,0.02199513,Short,Market, fc0dc1e1, 68f20a89,20:19 2025-10-11
ETHFIUSDT,Trade,41.0,1.1202,1.0398,5.5E-4,0.02526051,USDT,0.02526051,Short,Market, 8b347190, 68f20a89,20:19 2025-10-11
ETHFIUSDT,Trade,5.0,1.1202,1.0398,5.5E-4,0.00308055,USDT,0.00308055,Short,Market, 00c83f5f, 68f20a89,20:19 2025-10-11
ETHFIUSDT,Trade,103.2,1.1202,1.0398,5.5E-4,0.06358256,USDT,0.06358256,Short,Market, c58e182b, 68f20a89,20:19 2025-10-11
ETHFIUSDT,Trade,6.7,1.1202,1.0398,5.5E-4,0.00412794,USDT,0.00412794,Short,Market, 22ea2a65, 68f20a89,20:19 2025-10-11
ETHFIUSDT,Trade,64.3,1.1202,1.0398,5.5E-4,0.03961588,USDT,0.03961588,Short,Market, 48093143, 68f20a89,20:19 2025-10-11
ETHFIUSDT,Trade,23.5,1.1203,1.0398,5.5E-4,0.01447988,USDT,0.01447988,Short,Market, b06315ac, 68f20a89,20:19 2025-10-11
ETHFIUSDT,Trade,103.2,1.1203,1.0398,5.5E-4,0.06358823,USDT,0.06358823,Short,Market, 37f278f4, 68f20a89,20:19 2025-10-11
ETHFIUSDT,Trade,64.3,1.1203,1.0398,5.5E-4,0.03961941,USDT,0.03961941,Short,Market, 891da633, 68f20a89,20:19 2025-10-11
ETHFIUSDT,Trade,6.7,1.1203,1.0398,5.5E-4,0.00412831,USDT,0.00412831,Short,Market, 0e3d52c9, 68f20a89,20:19 2025-10-11
ETHFIUSDT,Trade,6.7,1.1204,1.0398,5.5E-4,0.00412868,USDT,0.00412868,Short,Market, 782a5d84, 68f20a89,20:19 2025-10-11
ETHFIUSDT,Trade,13.4,1.1204,1.0398,5.5E-4,0.00825735,USDT,0.00825735,Short,Market, 56c869e7, 68f20a89,20:19 2025-10-11
ETHFIUSDT,Trade,103.2,1.1204,1.0398,5.5E-4,0.06359391,USDT,0.06359391,Short,Market, 23e70fa9, 68f20a89,20:19 2025-10-11
ETHFIUSDT,Trade,6.7,1.1204,1.0398,5.5E-4,0.00412868,USDT,0.00412868,Short,Market, 070ba887, 68f20a89,20:19 2025-10-11
ETHFIUSDT,Trade,64.3,1.1204,1.0398,5.5E-4,0.03962295,USDT,0.03962295,Short,Market, a931be1a, 68f20a89,20:19 2025-10-11
ETHFIUSDT,Trade,89.1,1.1205,1.0398,5.5E-4,0.05491011,USDT,0.05491011,Short,Market, c0bc4b79, 68f20a89,20:19 2025-10-11
ETHFIUSDT,Trade,5.0,1.1205,1.0398,5.5E-4,0.00308138,USDT,0.00308138,Short,Market, d1698cc6, 68f20a89,20:19 2025-10-11
ETHFIUSDT,Trade,104.1,1.1205,1.0398,5.5E-4,0.06415423,USDT,0.06415423,Short,Market, 525f048d, 68f20a89,20:19 2025-10-11
ETHFIUSDT,Trade,6.7,1.1205,1.0398,5.5E-4,0.00412905,USDT,0.00412905,Short,Market, ad64ed49, 68f20a89,20:19 2025-10-11
ETHFIUSDT,Trade,104.1,1.1206,1.0398,5.5E-4,0.06415996,USDT,0.06415996,Short,Market, 681a64d7, 68f20a89,20:19 2025-10-11
ETHFIUSDT,Trade,64.3,1.1206,1.0398,5.5E-4,0.03963002,USDT,0.03963002,Short,Market, e3479299, 68f20a89,20:19 2025-10-11
ETHFIUSDT,Trade,6.7,1.1206,1.0398,5.5E-4,0.00412942,USDT,0.00412942,Short,Market, 8ce91fb3, 68f20a89,20:19 2025-10-11
ETHFIUSDT,Trade,6.7,1.1207,1.0398,5.5E-4,0.00412978,USDT,0.00412978,Short,Market, 1dd18ac2, 68f20a89,20:19 2025-10-11
ETHFIUSDT,Trade,28.6,1.1208,1.0398,5.5E-4,0.01763019,USDT,0.01763019,Short,Market, f0137826, 68f20a89,20:19 2025-10-11
ETHFIUSDT,Trade,6.7,1.1208,1.0398,5.5E-4,0.00413015,USDT,0.00413015,Short,Market, b3bb483f, 68f20a89,20:19 2025-10-11
ETHFIUSDT,Trade,49.5,1.1208,1.0398,5.5E-4,0.03051378,USDT,0.03051378,Short,Market, 1ccfe1ca, 68f20a89,20:19 2025-10-11
ETHFIUSDT,Trade,85.7,1.1209,1.0398,5.5E-4,0.05283363,USDT,0.05283363,Short,Market, ac11c208, 68f20a89,20:19 2025-10-11
ETHFIUSDT,Trade,64.3,1.1209,1.0398,5.5E-4,0.03964063,USDT,0.03964063,Short,Market, 614b207d, 68f20a89,20:19 2025-10-11
ETHFIUSDT,Trade,6.7,1.1209,1.0398,5.5E-4,0.00413052,USDT,0.00413052,Short,Market, e47c664e, 68f20a89,20:19 2025-10-11
ETHFIUSDT,Trade,16.4,1.121,1.0398,5.5E-4,0.01011142,USDT,0.01011142,Short,Market, 01805913, 68f20a89,20:19 2025-10-11
ETHFIUSDT,Trade,64.3,1.121,1.0398,5.5E-4,0.03964417,USDT,0.03964417,Short,Market, fd494814, 68f20a89,20:19 2025-10-11
ETHFIUSDT,Trade,42.7,1.121,1.0398,5.5E-4,0.02632669,USDT,0.02632669,Short,Market, 16eede70, 68f20a89,20:19 2025-10-11
BTCUSDT,Trade,0.007,110713.4,109615,5.5E-4,0.42624659,USDT,0.42624659,Short,Market, f8295c3b, 9ed7c91e,20:18 2025-10-11
BTCUSDT,Trade,0.003,110713.6,109615,5.5E-4,0.18267744,USDT,0.18267744,Short,Market, 1134b14e, 9ed7c91e,20:18 2025-10-11
BTCUSDT,Trade,0.003,110713.8,109615,5.5E-4,0.18267777,USDT,0.18267777,Short,Market, 586de2f5, 9ed7c91e,20:18 2025-10-11
BTCUSDT,Trade,0.004,110714.1,109615,5.5E-4,0.24357102,USDT,0.24357102,Short,Market, aaf12d27, 9ed7c91e,20:18 2025-10-11
BTCUSDT,Trade,0.003,110714.1,109615,5.5E-4,0.18267827,USDT,0.18267827,Short,Market, 93b863f1, 9ed7c91e,20:18 2025-10-11
BTCUSDT,Trade,0.001,110714.3,109615,5.5E-4,0.06089287,USDT,0.06089287,Short,Market, a9610fdd, 9ed7c91e,20:18 2025-10-11
BTCUSDT,Trade,0.001,110714.3,109615,5.5E-4,0.06089287,USDT,0.06089287,Short,Market, 850adf8c, 9ed7c91e,20:18 2025-10-11
BTCUSDT,Trade,0.001,110714.3,109615,5.5E-4,0.06089287,USDT,0.06089287,Short,Market, 32e84a9b, 9ed7c91e,20:18 2025-10-11
BTCUSDT,Trade,0.001,110714.3,109615,5.5E-4,0.06089287,USDT,0.06089287,Short,Market, ae85cca6, 9ed7c91e,20:18 2025-10-11
BTCUSDT,Trade,0.001,110714.7,109615,5.5E-4,0.06089309,USDT,0.06089309,Short,Market, 0993048e, 9ed7c91e,20:18 2025-10-11
BTCUSDT,Trade,0.001,110714.8,109615,5.5E-4,0.06089314,USDT,0.06089314,Short,Market, 01e44434, 9ed7c91e,20:18 2025-10-11
BTCUSDT,Trade,0.001,110715,109615,5.5E-4,0.06089325,USDT,0.06089325,Short,Market, c9b6d820, 9ed7c91e,20:18 2025-10-11
BTCUSDT,Trade,0.001,110715,109615,5.5E-4,0.06089325,USDT,0.06089325,Short,Market, c1b61747, 9ed7c91e,20:18 2025-10-11
BTCUSDT,Trade,0.001,110715.2,109615,5.5E-4,0.06089336,USDT,0.06089336,Short,Market, da785d0f, 9ed7c91e,20:18 2025-10-11
BTCUSDT,Trade,0.001,110715.2,109615,5.5E-4,0.06089336,USDT,0.06089336,Short,Market, 0006ea5d, 9ed7c91e,20:18 2025-10-11
BTCUSDT,Trade,0.001,110715.2,109615,5.5E-4,0.06089336,USDT,0.06089336,Short,Market, 3f823bdd, 9ed7c91e,20:18 2025-10-11
BTCUSDT,Trade,0.002,110715.6,109615,5.5E-4,0.12178716,USDT,0.12178716,Short,Market, c54b271c, 9ed7c91e,20:18 2025-10-11
BTCUSDT,Trade,0.001,110716.3,109615,5.5E-4,0.06089397,USDT,0.06089397,Short,Market, 75e0b519, 9ed7c91e,20:18 2025-10-11
BTCUSDT,Trade,0.007,110716.4,109615,5.5E-4,0.42625814,USDT,0.42625814,Short,Market, 0b0db648, 9ed7c91e,20:18 2025-10-11
BTCUSDT,Trade,0.001,110717.2,109615,5.5E-4,0.06089446,USDT,0.06089446,Short,Market, c0a668b2, 9ed7c91e,20:18 2025-10-11
BTCUSDT,Trade,0.001,110717.3,109615,5.5E-4,0.06089452,USDT,0.06089452,Short,Market, c48d3ce6, 9ed7c91e,20:18 2025-10-11
BTCUSDT,Trade,0.001,110717.4,109615,5.5E-4,0.06089457,USDT,0.06089457,Short,Market, 6d3fb779, 9ed7c91e,20:18 2025-10-11
BTCUSDT,Trade,0.001,110717.7,109615,5.5E-4,0.06089474,USDT,0.06089474,Short,Market, 29da5e7e, 9ed7c91e,20:18 2025-10-11
BTCUSDT,Trade,0.001,110717.8,109615,5.5E-4,0.06089479,USDT,0.06089479,Short,Market, 1ac51032, 9ed7c91e,20:18 2025-10-11
BTCUSDT,Trade,0.001,110717.9,109615,5.5E-4,0.06089485,USDT,0.06089485,Short,Market, 2165ec70, 9ed7c91e,20:18 2025-10-11
BTCUSDT,Trade,0.002,110718.6,109615,5.5E-4,0.12179046,USDT,0.12179046,Short,Market, 30928968, 9ed7c91e,20:18 2025-10-11
BTCUSDT,Trade,0.002,110719,109615,5.5E-4,0.1217909,USDT,0.1217909,Short,Market, ce7826e5, 9ed7c91e,20:18 2025-10-11
BTCUSDT,Trade,0.001,110719.5,109615,5.5E-4,0.06089573,USDT,0.06089573,Short,Market, e7cdbc9e, 9ed7c91e,20:18 2025-10-11
BTCUSDT,Trade,0.001,110719.7,109615,5.5E-4,0.06089584,USDT,0.06089584,Short,Market, 0a16b843, 9ed7c91e,20:18 2025-10-11
BTCUSDT,Trade,0.002,110719.9,109615,5.5E-4,0.12179189,USDT,0.12179189,Short,Market, d40be406, 9ed7c91e,20:18 2025-10-11
BTCUSDT,Trade,0.001,110720,109615,5.5E-4,0.060896,USDT,0.060896,Short,Market, ac3a54f2, 9ed7c91e,20:18 2025-10-11
BTCUSDT,Trade,0.001,110720,109615,5.5E-4,0.060896,USDT,0.060896,Short,Market, cd7c1631, 9ed7c91e,20:18 2025-10-11
BTCUSDT,Trade,0.002,110720.2,109615,5.5E-4,0.12179222,USDT,0.12179222,Short,Market, 6bbda022, 9ed7c91e,20:18 2025-10-11
ETHFIUSDT,Trade,417.7,1.1187,1.2277,5.5E-4,0.25700455,USDT,0.25700455,Long,Market, 6450409d, 77945959,20:08 2025-10-11
ETHFIUSDT,Trade,49.4,1.1187,1.2277,5.5E-4,0.03039508,USDT,0.03039508,Long,Market, f73adb0d, 77945959,20:08 2025-10-11
ETHFIUSDT,Trade,284.0,1.1187,1.2277,5.5E-4,0.17474094,USDT,0.17474094,Long,Market, fb35d06b, 77945959,20:08 2025-10-11
ETHFIUSDT,Trade,6.8,1.1187,1.2277,5.5E-4,0.00418394,USDT,0.00418394,Long,Market, 7cd703ec, 77945959,20:08 2025-10-11
ETHFIUSDT,Trade,481.8,1.1187,1.2277,5.5E-4,0.29644432,USDT,0.29644432,Long,Market, 965675df, 77945959,20:08 2025-10-11
ETHFIUSDT,Trade,154.4,1.1187,1.2277,5.5E-4,0.09500001,USDT,0.09500001,Long,Market, 20da6e92, 77945959,20:08 2025-10-11
ETHFIUSDT,Trade,69.7,1.1187,1.2277,5.5E-4,0.04288537,USDT,0.04288537,Long,Market, e3c8683e, 77945959,20:08 2025-10-11
ETHFIUSDT,Trade,448.5,1.1186,1.2277,5.5E-4,0.27593066,USDT,0.27593066,Long,Market, 96bc3299, 77945959,20:08 2025-10-11
ETHFIUSDT,Trade,6.8,1.1186,1.2277,5.5E-4,0.00418357,USDT,0.00418357,Long,Market, b0b9ea11, 77945959,20:08 2025-10-11
ETHFIUSDT,Trade,210.7,1.1186,1.2277,5.5E-4,0.12962897,USDT,0.12962897,Long,Market, 4c416783, 77945959,20:08 2025-10-11
ETHFIUSDT,Trade,5.0,1.1186,1.2277,5.5E-4,0.00307615,USDT,0.00307615,Long,Market, 081daca4, 77945959,20:08 2025-10-11
ETHFIUSDT,Trade,172.0,1.1186,1.2277,5.5E-4,0.10581956,USDT,0.10581956,Long,Market, 1575657a, 77945959,20:08 2025-10-11
ETHFIUSDT,Trade,69.7,1.1186,1.2277,5.5E-4,0.04288154,USDT,0.04288154,Long,Market, 33c5129f, 77945959,20:08 2025-10-11
ETHFIUSDT,Trade,6.8,1.1185,1.2277,5.5E-4,0.00418319,USDT,0.00418319,Long,Market, 5eac1b7f, 77945959,20:08 2025-10-11
ETHFIUSDT,Trade,87.7,1.1185,1.2277,5.5E-4,0.05395085,USDT,0.05395085,Long,Market, 312a37dc, 77945959,20:08 2025-10-11
ETHFIUSDT,Trade,172.0,1.1185,1.2277,5.5E-4,0.1058101,USDT,0.1058101,Long,Market, 63d98c55, 77945959,20:08 2025-10-11
ETHFIUSDT,Trade,69.7,1.1185,1.2277,5.5E-4,0.0428777,USDT,0.0428777,Long,Market, e3611fa7, 77945959,20:08 2025-10-11
ETHFIUSDT,Trade,84.6,1.1184,1.2277,5.5E-4,0.05203916,USDT,0.05203916,Long,Market, 25571cfd, 77945959,20:08 2025-10-11
ETHFIUSDT,Trade,6.8,1.1184,1.2277,5.5E-4,0.00418282,USDT,0.00418282,Long,Market, fcffd21f, 77945959,20:08 2025-10-11
ETHFIUSDT,Trade,69.7,1.1184,1.2277,5.5E-4,0.04287387,USDT,0.04287387,Long,Market, 01be7bcf, 77945959,20:08 2025-10-11
ETHFIUSDT,Trade,0.1,1.1184,1.2277,5.5E-4,6.152E-5,USDT,0.00006152,Long,Market, 034b9ccc, 77945959,20:08 2025-10-11
ETHFIUSDT,Trade,5.0,1.1184,1.2277,5.5E-4,0.0030756,USDT,0.0030756,Long,Market, 0c389787, 77945959,20:08 2025-10-11
ETHFIUSDT,Trade,255.6,1.1183,1.2277,5.5E-4,0.15721062,USDT,0.15721062,Long,Market, 10683575, 77945959,20:08 2025-10-11
ETHFIUSDT,Trade,144.3,1.1183,1.2277,5.5E-4,0.08875388,USDT,0.08875388,Long,Market, cdcefc29, 77945959,20:08 2025-10-11
ETHFIUSDT,Trade,6.8,1.1183,1.2277,5.5E-4,0.00418245,USDT,0.00418245,Long,Market, 9746cf9c, 77945959,20:08 2025-10-11
ETHFIUSDT,Trade,69.7,1.1183,1.2277,5.5E-4,0.04287004,USDT,0.04287004,Long,Market, 8b8fa720, 77945959,20:08 2025-10-11
ETHFIUSDT,Trade,44.5,1.1182,1.2277,5.5E-4,0.02736795,USDT,0.02736795,Long,Market, b6ec8cc2, 77945959,20:08 2025-10-11
ETHFIUSDT,Trade,255.6,1.1182,1.2277,5.5E-4,0.15719656,USDT,0.15719656,Long,Market, e2570d16, 77945959,20:08 2025-10-11
ETHFIUSDT,Trade,751.3,1.1182,1.2277,5.5E-4,0.46205702,USDT,0.46205702,Long,Market, 068e04e0, 77945959,20:08 2025-10-11
ETHFIUSDT,Trade,182.3,1.1182,1.2277,5.5E-4,0.11211633,USDT,0.11211633,Long,Market, 420d1f23, 77945959,20:08 2025-10-11
ETHFIUSDT,Trade,6.8,1.1182,1.2277,5.5E-4,0.00418207,USDT,0.00418207,Long,Market, 601a72ef, 77945959,20:08 2025-10-11
ETHFIUSDT,Trade,5.0,1.1182,1.2277,5.5E-4,0.00307505,USDT,0.00307505,Long,Market, aab666b2, 77945959,20:08 2025-10-11
ETHFIUSDT,Trade,69.7,1.1182,1.2277,5.5E-4,0.0428662,USDT,0.0428662,Long,Market, eb95f6a3, 77945959,20:08 2025-10-11
ETHFIUSDT,Trade,6.8,1.1182,1.2277,5.5E-4,0.00418207,USDT,0.00418207,Long,Market, 345a6e51, 77945959,20:08 2025-10-11
ETHFIUSDT,Trade,408.0,1.1181,1.2277,5.5E-4,0.25090164,USDT,0.25090164,Long,Market, e073e471, 77945959,20:08 2025-10-11
ETHFIUSDT,Trade,307.2,1.1181,1.2277,5.5E-4,0.18891418,USDT,0.18891418,Long,Market, 3adda6ce, 77945959,20:08 2025-10-11
ETHFIUSDT,Trade,192.4,1.1181,1.2277,5.5E-4,0.11831735,USDT,0.11831735,Long,Market, b138446d, 77945959,20:08 2025-10-11
ETHFIUSDT,Trade,182.3,1.1181,1.2277,5.5E-4,0.1121063,USDT,0.1121063,Long,Market, 8770a39a, 77945959,20:08 2025-10-11
ETHFIUSDT,Trade,84.6,1.1181,1.2277,5.5E-4,0.0520252,USDT,0.0520252,Long,Market, fbf70876, 77945959,20:08 2025-10-11
ETHFIUSDT,Trade,172.0,1.1181,1.2277,5.5E-4,0.10577226,USDT,0.10577226,Long,Market, 6049e508, 77945959,20:08 2025-10-11
ETHFIUSDT,Trade,69.8,1.1181,1.2277,5.5E-4,0.04292386,USDT,0.04292386,Long,Market, 82a1c94a, 77945959,20:08 2025-10-11
ETHFIUSDT,Trade,6.8,1.1181,1.2277,5.5E-4,0.0041817,USDT,0.0041817,Long,Market, 0e08130c, 77945959,20:08 2025-10-11
ETHFIUSDT,Trade,89.2,1.118,1.2277,5.5E-4,0.05484908,USDT,0.05484908,Long,Market, bf7e8d35, 77945959,20:08 2025-10-11
ETHFIUSDT,Trade,185.1,1.118,1.2277,5.5E-4,0.11381799,USDT,0.11381799,Long,Market, a1e81844, 77945959,20:08 2025-10-11
ETHFIUSDT,Trade,95.8,1.118,1.2277,5.5E-4,0.05890742,USDT,0.05890742,Long,Market, 4e1381d0, 77945959,20:08 2025-10-11
ETHFIUSDT,Trade,110.8,1.118,1.2277,5.5E-4,0.06813092,USDT,0.06813092,Long,Market, 36c86f86, 77945959,20:08 2025-10-11
ETHFIUSDT,Trade,69.8,1.118,1.2277,5.5E-4,0.04292002,USDT,0.04292002,Long,Market, 9bddce93, 77945959,20:08 2025-10-11
ETHFIUSDT,Trade,18.7,1.118,1.2277,5.5E-4,0.01149863,USDT,0.01149863,Long,Market, 12b1849f, 77945959,20:08 2025-10-11
ETHFIUSDT,Trade,6.8,1.118,1.2277,5.5E-4,0.00418132,USDT,0.00418132,Long,Market, 28eca105, 77945959,20:08 2025-10-11
ETHFIUSDT,Trade,5.0,1.118,1.2277,5.5E-4,0.0030745,USDT,0.0030745,Long,Market, 0d5e0910, 77945959,20:08 2025-10-11
ETHFIUSDT,Trade,95.9,1.1179,1.2277,5.5E-4,0.05896364,USDT,0.05896364,Long,Market, 748a929b, 77945959,20:08 2025-10-11
ETHFIUSDT,Trade,69.8,1.1179,1.2277,5.5E-4,0.04291619,USDT,0.04291619,Long,Market, 8add8792, 77945959,20:08 2025-10-11
ETHFIUSDT,Trade,40.0,1.1179,1.2277,5.5E-4,0.0245938,USDT,0.0245938,Long,Market, fc373f9d, 77945959,20:08 2025-10-11
ETHFIUSDT,Trade,6.8,1.1179,1.2277,5.5E-4,0.00418095,USDT,0.00418095,Long,Market, b85f5028, 77945959,20:08 2025-10-11
ETHFIUSDT,Trade,0.9,1.1179,1.2277,5.5E-4,5.5337E-4,USDT,0.00055337,Long,Market, bba786ee, 77945959,20:08 2025-10-11
ETHFIUSDT,Trade,62.5,1.1178,1.2277,5.5E-4,0.03842438,USDT,0.03842438,Long,Market, 89bb3a30, 77945959,20:08 2025-10-11
ETHFIUSDT,Trade,69.9,1.1178,1.2277,5.5E-4,0.04297383,USDT,0.04297383,Long,Market, ca1f4a3a, 77945959,20:08 2025-10-11
ETHFIUSDT,Trade,6.8,1.1178,1.2277,5.5E-4,0.00418058,USDT,0.00418058,Long,Market, 4ab5fc6c, 77945959,20:08 2025-10-11
ETHFIUSDT,Trade,5.0,1.1178,1.2277,5.5E-4,0.00307395,USDT,0.00307395,Long,Market, 3643cac8, 77945959,20:08 2025-10-11
ETHFIUSDT,Trade,0.2,1.1178,1.2277,5.5E-4,1.2296E-4,USDT,0.00012296,Long,Market, c242f97e, 77945959,20:08 2025-10-11
ETHFIUSDT,Trade,6.8,1.1177,1.2277,5.5E-4,0.0041802,USDT,0.0041802,Long,Market, 05d3aa6a, 77945959,20:08 2025-10-11
ETHFIUSDT,Trade,64.3,1.1177,1.2277,5.5E-4,0.03952747,USDT,0.03952747,Long,Market, 99ae2171, 77945959,20:08 2025-10-11
ETHFIUSDT,Trade,64.3,1.1176,1.2277,5.5E-4,0.03952393,USDT,0.03952393,Long,Market, 8cd9a8e6, 77945959,20:08 2025-10-11
ETHFIUSDT,Trade,75.1,1.1104,1.0312,5.5E-4,0.04586508,USDT,0.04586508,Short,Market, 9cd3fd41, 5bee245d,20:08 2025-10-11
ETHFIUSDT,Trade,55.5,1.1104,1.0312,5.5E-4,0.03389496,USDT,0.03389496,Short,Market, a4a1f1d3, 5bee245d,20:08 2025-10-11
ETHFIUSDT,Trade,6.8,1.1104,1.0312,5.5E-4,0.0041529,USDT,0.0041529,Short,Market, f0c5da6d, 5bee245d,20:08 2025-10-11
ETHFIUSDT,Trade,283.2,1.1105,1.0312,5.5E-4,0.17297148,USDT,0.17297148,Short,Market, a1ce51ff, 5bee245d,20:08 2025-10-11
ETHFIUSDT,Trade,85.0,1.1105,1.0312,5.5E-4,0.05191588,USDT,0.05191588,Short,Market, 43e30731, 5bee245d,20:08 2025-10-11
ETHFIUSDT,Trade,28.0,1.1105,1.0312,5.5E-4,0.0171017,USDT,0.0171017,Short,Market, c2c69b2e, 5bee245d,20:08 2025-10-11
ETHFIUSDT,Trade,6.8,1.1105,1.0312,5.5E-4,0.00415327,USDT,0.00415327,Short,Market, cd25cd4e, 5bee245d,20:08 2025-10-11
ETHFIUSDT,Trade,84.9,1.1106,1.0312,5.5E-4,0.05185947,USDT,0.05185947,Short,Market, cac71c58, 5bee245d,20:08 2025-10-11
ETHFIUSDT,Trade,69.6,1.1106,1.0312,5.5E-4,0.04251377,USDT,0.04251377,Short,Market, 17026aba, 5bee245d,20:08 2025-10-11
ETHFIUSDT,Trade,5.0,1.1106,1.0312,5.5E-4,0.00305415,USDT,0.00305415,Short,Market, d355556d, 5bee245d,20:08 2025-10-11
ETHFIUSDT,Trade,6.8,1.1106,1.0312,5.5E-4,0.00415365,USDT,0.00415365,Short,Market, 522f965a, 5bee245d,20:08 2025-10-11
ETHFIUSDT,Trade,122.9,1.1107,1.0312,5.5E-4,0.07507777,USDT,0.07507777,Short,Market, 75288011, 5bee245d,20:08 2025-10-11
ETHFIUSDT,Trade,84.8,1.1107,1.0312,5.5E-4,0.05180305,USDT,0.05180305,Short,Market, c0d995e6, 5bee245d,20:08 2025-10-11
ETHFIUSDT,Trade,0.9,1.1107,1.0312,5.5E-4,5.498E-4,USDT,0.0005498,Short,Market, 0b12bf0a, 5bee245d,20:08 2025-10-11
ETHFIUSDT,Trade,69.6,1.1107,1.0312,5.5E-4,0.0425176,USDT,0.0425176,Short,Market, 337bae52, 5bee245d,20:08 2025-10-11
ETHFIUSDT,Trade,6.8,1.1107,1.0312,5.5E-4,0.00415402,USDT,0.00415402,Short,Market, fe58a5ff, 5bee245d,20:08 2025-10-11
ETHFIUSDT,Trade,84.8,1.1108,1.0312,5.5E-4,0.05180772,USDT,0.05180772,Short,Market, 2a85472d, 5bee245d,20:08 2025-10-11
ETHFIUSDT,Trade,69.5,1.1108,1.0312,5.5E-4,0.04246033,USDT,0.04246033,Short,Market, ffad8095, 5bee245d,20:08 2025-10-11
ETHFIUSDT,Trade,5.0,1.1108,1.0312,5.5E-4,0.0030547,USDT,0.0030547,Short,Market, ff69f18a, 5bee245d,20:08 2025-10-11
ETHFIUSDT,Trade,6.8,1.1108,1.0312,5.5E-4,0.0041544,USDT,0.0041544,Short,Market, 2d5bd4ea, 5bee245d,20:08 2025-10-11
ETHFIUSDT,Trade,6.8,1.1108,1.0312,5.5E-4,0.0041544,USDT,0.0041544,Short,Market, 6162f411, 5bee245d,20:08 2025-10-11
ETHFIUSDT,Trade,84.8,1.1109,1.0312,5.5E-4,0.05181238,USDT,0.05181238,Short,Market, 885f213c, 5bee245d,20:08 2025-10-11
ETHFIUSDT,Trade,69.5,1.1109,1.0312,5.5E-4,0.04246416,USDT,0.04246416,Short,Market, db97eb33, 5bee245d,20:08 2025-10-11
ETHFIUSDT,Trade,6.8,1.1109,1.0312,5.5E-4,0.00415477,USDT,0.00415477,Short,Market, 8379e20b, 5bee245d,20:08 2025-10-11
ETHFIUSDT,Trade,51.8,1.111,1.0312,5.5E-4,0.03165239,USDT,0.03165239,Short,Market, 6206202d, 5bee245d,20:08 2025-10-11
ETHFIUSDT,Trade,69.4,1.111,1.0312,5.5E-4,0.04240687,USDT,0.04240687,Short,Market, 1e0f300e, 5bee245d,20:08 2025-10-11
ETHFIUSDT,Trade,5.0,1.111,1.0312,5.5E-4,0.00305525,USDT,0.00305525,Short,Market, bc553be9, 5bee245d,20:08 2025-10-11
ETHFIUSDT,Trade,6.8,1.111,1.0312,5.5E-4,0.00415514,USDT,0.00415514,Short,Market, fa5e8cd1, 5bee245d,20:08 2025-10-11
ETHFIUSDT,Trade,51.1,1.1111,1.0312,5.5E-4,0.03122747,USDT,0.03122747,Short,Market, a40f7d2e, 5bee245d,20:08 2025-10-11
ETHFIUSDT,Trade,277.2,1.1111,1.0312,5.5E-4,0.16939831,USDT,0.16939831,Short,Market, 1a4cb30a, 5bee245d,20:08 2025-10-11
ETHFIUSDT,Trade,84.8,1.1111,1.0312,5.5E-4,0.05182171,USDT,0.05182171,Short,Market, c75ebca3, 5bee245d,20:08 2025-10-11
ETHFIUSDT,Trade,69.5,1.1111,1.0312,5.5E-4,0.0424718,USDT,0.0424718,Short,Market, 81624b0d, 5bee245d,20:08 2025-10-11
ETHFIUSDT,Trade,64.3,1.1111,1.0312,5.5E-4,0.03929406,USDT,0.03929406,Short,Market, c0827d7c, 5bee245d,20:08 2025-10-11
ETHFIUSDT,Trade,6.8,1.1111,1.0312,5.5E-4,0.00415552,USDT,0.00415552,Short,Market, c6cad2ae, 5bee245d,20:08 2025-10-11
ETHFIUSDT,Trade,51.7,1.1112,1.0312,5.5E-4,0.03159698,USDT,0.03159698,Short,Market, 31a820f6, 5bee245d,20:08 2025-10-11
ETHFIUSDT,Trade,5.0,1.1112,1.0312,5.5E-4,0.0030558,USDT,0.0030558,Short,Market, e1d7b5a2, 5bee245d,20:08 2025-10-11
ETHFIUSDT,Trade,69.4,1.1112,1.0312,5.5E-4,0.04241451,USDT,0.04241451,Short,Market, 75b44108, 5bee245d,20:08 2025-10-11
ETHFIUSDT,Trade,6.8,1.1112,1.0312,5.5E-4,0.00415589,USDT,0.00415589,Short,Market, f802b8f1, 5bee245d,20:08 2025-10-11
ETHFIUSDT,Trade,111.8,1.1113,1.0312,5.5E-4,0.06833384,USDT,0.06833384,Short,Market, 08d00d84, 5bee245d,20:08 2025-10-11
ETHFIUSDT,Trade,60.3,1.1113,1.0312,5.5E-4,0.03685627,USDT,0.03685627,Short,Market, 928f466e, 5bee245d,20:08 2025-10-11
ETHFIUSDT,Trade,69.5,1.1113,1.0312,5.5E-4,0.04247945,USDT,0.04247945,Short,Market, 07785e7c, 5bee245d,20:08 2025-10-11
ETHFIUSDT,Trade,6.8,1.1113,1.0312,5.5E-4,0.00415627,USDT,0.00415627,Short,Market, 1d174eb6, 5bee245d,20:08 2025-10-11
ETHFIUSDT,Trade,64.3,1.1113,1.0312,5.5E-4,0.03930113,USDT,0.03930113,Short,Market, 3a32db95, 5bee245d,20:08 2025-10-11
ETHFIUSDT,Trade,51.7,1.1113,1.0312,5.5E-4,0.03159982,USDT,0.03159982,Short,Market, 0a88bf6e, 5bee245d,20:08 2025-10-11
ETHFIUSDT,Trade,84.8,1.1114,1.0312,5.5E-4,0.0518357,USDT,0.0518357,Short,Market, 487c7aab, 5bee245d,20:08 2025-10-11
ETHFIUSDT,Trade,69.4,1.1114,1.0312,5.5E-4,0.04242214,USDT,0.04242214,Short,Market, d0e62d34, 5bee245d,20:08 2025-10-11
ETHFIUSDT,Trade,32.9,1.1114,1.0312,5.5E-4,0.02011079,USDT,0.02011079,Short,Market, 2e07fa31, 5bee245d,20:08 2025-10-11
ETHFIUSDT,Trade,16.4,1.1114,1.0312,5.5E-4,0.01002483,USDT,0.01002483,Short,Market, e8f3f420, 5bee245d,20:08 2025-10-11
ETHFIUSDT,Trade,6.8,1.1114,1.0312,5.5E-4,0.00415664,USDT,0.00415664,Short,Market, 8921a18f, 5bee245d,20:08 2025-10-11
ETHFIUSDT,Trade,64.3,1.1114,1.0312,5.5E-4,0.03930467,USDT,0.03930467,Short,Market, f1aea48d, 5bee245d,20:08 2025-10-11
ETHFIUSDT,Trade,69.5,1.1115,1.0312,5.5E-4,0.04248709,USDT,0.04248709,Short,Market, c2de50c6, 5bee245d,20:08 2025-10-11
ETHFIUSDT,Trade,43.0,1.1115,1.0312,5.5E-4,0.02628698,USDT,0.02628698,Short,Market, e1d94647, 5bee245d,20:08 2025-10-11
ETHFIUSDT,Trade,43.3,1.1115,1.0312,5.5E-4,0.02647038,USDT,0.02647038,Short,Market, 87817cdc, 5bee245d,20:08 2025-10-11
ETHFIUSDT,Trade,6.8,1.1115,1.0312,5.5E-4,0.00415701,USDT,0.00415701,Short,Market, 5aa539e1, 5bee245d,20:08 2025-10-11
ETHFIUSDT,Trade,64.3,1.1115,1.0312,5.5E-4,0.0393082,USDT,0.0393082,Short,Market, c41157e1, 5bee245d,20:08 2025-10-11
ETHFIUSDT,Trade,69.5,1.1116,1.0312,5.5E-4,0.04249091,USDT,0.04249091,Short,Market, 57ff07d8, 5bee245d,20:08 2025-10-11
ETHFIUSDT,Trade,84.8,1.1116,1.0312,5.5E-4,0.05184503,USDT,0.05184503,Short,Market, b5e630ed, 5bee245d,20:08 2025-10-11
ETHFIUSDT,Trade,16.4,1.1116,1.0312,5.5E-4,0.01002664,USDT,0.01002664,Short,Market, 2397ac9b, 5bee245d,20:08 2025-10-11
ETHFIUSDT,Trade,32.9,1.1116,1.0312,5.5E-4,0.02011441,USDT,0.02011441,Short,Market, 3dd48e00, 5bee245d,20:08 2025-10-11
ETHFIUSDT,Trade,6.8,1.1116,1.0312,5.5E-4,0.00415739,USDT,0.00415739,Short,Market, 5a7e5cde, 5bee245d,20:08 2025-10-11
ETHFIUSDT,Trade,64.3,1.1116,1.0312,5.5E-4,0.03931174,USDT,0.03931174,Short,Market, 95efb77b, 5bee245d,20:08 2025-10-11
ETHFIUSDT,Trade,43.3,1.1117,1.0312,5.5E-4,0.02647514,USDT,0.02647514,Short,Market, d2c76ac5, 5bee245d,20:08 2025-10-11
ETHFIUSDT,Trade,69.5,1.1117,1.0312,5.5E-4,0.04249474,USDT,0.04249474,Short,Market, 1ad32db5, 5bee245d,20:08 2025-10-11
ETHFIUSDT,Trade,6.8,1.1117,1.0312,5.5E-4,0.00415776,USDT,0.00415776,Short,Market, a0dcb07a, 5bee245d,20:08 2025-10-11
ETHFIUSDT,Trade,64.3,1.1117,1.0312,5.5E-4,0.03931528,USDT,0.03931528,Short,Market, 4e15c851, 5bee245d,20:08 2025-10-11
ETHFIUSDT,Trade,64.0,1.1117,1.0312,5.5E-4,0.03913184,USDT,0.03913184,Short,Market, 80616ec4, 5bee245d,20:08 2025-10-11
ETHFIUSDT,Trade,6.8,1.1118,1.0312,5.5E-4,0.00415814,USDT,0.00415814,Short,Market, 56c3c1f6, 5bee245d,20:08 2025-10-11
ETHFIUSDT,Trade,64.0,1.1119,1.0312,5.5E-4,0.03913888,USDT,0.03913888,Short,Market, 97416e6b, 5bee245d,20:08 2025-10-11
ETHFIUSDT,Trade,6.7,1.1205,1.0407,5.5E-4,0.00412905,USDT,0.00412905,Short,Market, 7db03036, 00c7a1ca,20:03 2025-10-11
ETHFIUSDT,Trade,5.0,1.1206,1.0407,5.5E-4,0.00308165,USDT,0.00308165,Short,Market, ef8cd185, 00c7a1ca,20:03 2025-10-11
ETHFIUSDT,Trade,328.3,1.1206,1.0407,5.5E-4,0.20234114,USDT,0.20234114,Short,Market, 588b7f43, 00c7a1ca,20:03 2025-10-11
ETHFIUSDT,Trade,68.1,1.1206,1.0407,5.5E-4,0.04197208,USDT,0.04197208,Short,Market, ac18e3a4, 00c7a1ca,20:03 2025-10-11
ETHFIUSDT,Trade,0.9,1.1206,1.0407,5.5E-4,5.547E-4,USDT,0.0005547,Short,Market, e9a54fb4, 00c7a1ca,20:03 2025-10-11
ETHFIUSDT,Trade,68.1,1.1207,1.0407,5.5E-4,0.04197582,USDT,0.04197582,Short,Market, 26db2e66, 00c7a1ca,20:03 2025-10-11
ETHFIUSDT,Trade,82.1,1.1207,1.0407,5.5E-4,0.05060521,USDT,0.05060521,Short,Market, 4d4dd958, 00c7a1ca,20:03 2025-10-11
ETHFIUSDT,Trade,63.5,1.1208,1.0407,5.5E-4,0.03914394,USDT,0.03914394,Short,Market, 4e0133cf, 00c7a1ca,20:03 2025-10-11
ETHFIUSDT,Trade,147.1,1.1208,1.0407,5.5E-4,0.09067833,USDT,0.09067833,Short,Market, 480e18f6, 00c7a1ca,20:03 2025-10-11
ETHFIUSDT,Trade,5.0,1.1208,1.0407,5.5E-4,0.0030822,USDT,0.0030822,Short,Market, 5874f074, 00c7a1ca,20:03 2025-10-11
ETHFIUSDT,Trade,68.1,1.1208,1.0407,5.5E-4,0.04197957,USDT,0.04197957,Short,Market, 2d4f2d80, 00c7a1ca,20:03 2025-10-11
ETHFIUSDT,Trade,68.1,1.1209,1.0407,5.5E-4,0.04198331,USDT,0.04198331,Short,Market, 1f244ded, 00c7a1ca,20:03 2025-10-11
ETHFIUSDT,Trade,5.0,1.121,1.0407,5.5E-4,0.00308275,USDT,0.00308275,Short,Market, 4f5e7abc, 00c7a1ca,20:03 2025-10-11
ETHFIUSDT,Trade,6.7,1.121,1.0407,5.5E-4,0.00413089,USDT,0.00413089,Short,Market, c11bc2bf, 00c7a1ca,20:03 2025-10-11
ETHFIUSDT,Trade,147.1,1.121,1.0407,5.5E-4,0.09069451,USDT,0.09069451,Short,Market, 5f0716a8, 00c7a1ca,20:03 2025-10-11
ETHFIUSDT,Trade,82.1,1.121,1.0407,5.5E-4,0.05061876,USDT,0.05061876,Short,Market, 419d5ed5, 00c7a1ca,20:03 2025-10-11
ETHFIUSDT,Trade,68.1,1.121,1.0407,5.5E-4,0.04198706,USDT,0.04198706,Short,Market, ae1aa5e5, 00c7a1ca,20:03 2025-10-11
ETHFIUSDT,Trade,68.1,1.1211,1.0407,5.5E-4,0.04199081,USDT,0.04199081,Short,Market, 1c85bdce, 00c7a1ca,20:03 2025-10-11
ETHFIUSDT,Trade,5.0,1.1212,1.0407,5.5E-4,0.0030833,USDT,0.0030833,Short,Market, 212ebcb2, 00c7a1ca,20:03 2025-10-11
ETHFIUSDT,Trade,68.1,1.1212,1.0407,5.5E-4,0.04199455,USDT,0.04199455,Short,Market, a94bb03a, 00c7a1ca,20:03 2025-10-11
ETHFIUSDT,Trade,63.5,1.1213,1.0407,5.5E-4,0.03916141,USDT,0.03916141,Short,Market, cf540222, 00c7a1ca,20:03 2025-10-11
ETHFIUSDT,Trade,39.3,1.1213,1.0407,5.5E-4,0.0242369,USDT,0.0242369,Short,Market, ee6e4e07, 00c7a1ca,20:03 2025-10-11
ETHFIUSDT,Trade,82.0,1.1213,1.0407,5.5E-4,0.05057063,USDT,0.05057063,Short,Market, 3abcb601, 00c7a1ca,20:03 2025-10-11
ETHFIUSDT,Trade,68.1,1.1213,1.0407,5.5E-4,0.0419983,USDT,0.0419983,Short,Market, 37497a5a, 00c7a1ca,20:03 2025-10-11
ETHFIUSDT,Trade,89.0,1.1214,1.0407,5.5E-4,0.05489253,USDT,0.05489253,Short,Market, f365528e, 00c7a1ca,20:03 2025-10-11
ETHFIUSDT,Trade,45.9,1.1214,1.0407,5.5E-4,0.02830975,USDT,0.02830975,Short,Market, afdb84d6, 00c7a1ca,20:03 2025-10-11
ETHFIUSDT,Trade,81.9,1.1214,1.0407,5.5E-4,0.05051347,USDT,0.05051347,Short,Market, bd4c392c, 00c7a1ca,20:03 2025-10-11
ETHFIUSDT,Trade,68.0,1.1214,1.0407,5.5E-4,0.04194036,USDT,0.04194036,Short,Market, 3cb7fa67, 00c7a1ca,20:03 2025-10-11
ETHFIUSDT,Trade,5.0,1.1214,1.0407,5.5E-4,0.00308385,USDT,0.00308385,Short,Market, de27fe70, 00c7a1ca,20:03 2025-10-11
ETHFIUSDT,Trade,64.3,1.1214,1.0407,5.5E-4,0.03965832,USDT,0.03965832,Short,Market, 26de590d, 00c7a1ca,20:03 2025-10-11
ETHFIUSDT,Trade,349.3,1.1215,1.0407,5.5E-4,0.21545698,USDT,0.21545698,Short,Market, 5c21f30f, 00c7a1ca,20:03 2025-10-11
ETHFIUSDT,Trade,147.1,1.1215,1.0407,5.5E-4,0.09073496,USDT,0.09073496,Short,Market, f70731c5, 00c7a1ca,20:03 2025-10-11
ETHFIUSDT,Trade,81.9,1.1215,1.0407,5.5E-4,0.05051797,USDT,0.05051797,Short,Market, 9880bfbd, 00c7a1ca,20:03 2025-10-11
ETHFIUSDT,Trade,68.0,1.1215,1.0407,5.5E-4,0.0419441,USDT,0.0419441,Short,Market, 666e7341, 00c7a1ca,20:03 2025-10-11
ETHFIUSDT,Trade,81.8,1.1216,1.0407,5.5E-4,0.05046079,USDT,0.05046079,Short,Market, 63946f22, 00c7a1ca,20:03 2025-10-11
ETHFIUSDT,Trade,147.1,1.1216,1.0407,5.5E-4,0.09074305,USDT,0.09074305,Short,Market, a6167eab, 00c7a1ca,20:03 2025-10-11
ETHFIUSDT,Trade,67.9,1.1216,1.0407,5.5E-4,0.04188616,USDT,0.04188616,Short,Market, 1723768f, 00c7a1ca,20:03 2025-10-11
ETHFIUSDT,Trade,6.7,1.1216,1.0407,5.5E-4,0.0041331,USDT,0.0041331,Short,Market, 3ea3cf36, 00c7a1ca,20:03 2025-10-11
ETHFIUSDT,Trade,81.8,1.1217,1.0407,5.5E-4,0.05046529,USDT,0.05046529,Short,Market, 6a55a258, 00c7a1ca,20:03 2025-10-11
ETHFIUSDT,Trade,67.9,1.1217,1.0407,5.5E-4,0.04188989,USDT,0.04188989,Short,Market, e3557e55, 00c7a1ca,20:03 2025-10-11
ETHFIUSDT,Trade,67.9,1.1218,1.0407,5.5E-4,0.04189363,USDT,0.04189363,Short,Market, 8988943d, 00c7a1ca,20:03 2025-10-11
ETHFIUSDT,Trade,60.4,1.1219,1.0407,5.5E-4,0.03726952,USDT,0.03726952,Short,Market, f8d14467, 00c7a1ca,20:03 2025-10-11
ETHFIUSDT,Trade,67.9,1.1219,1.0407,5.5E-4,0.04189736,USDT,0.04189736,Short,Market, 87a9b6b6, 00c7a1ca,20:03 2025-10-11
ETHFIUSDT,Trade,60.5,1.1219,1.0407,5.5E-4,0.03733123,USDT,0.03733123,Short,Market, e7b00012, 00c7a1ca,20:03 2025-10-11
ETHFIUSDT,Trade,14.3,1.1219,1.0407,5.5E-4,0.00882375,USDT,0.00882375,Short,Market, b1c9d9a8, 00c7a1ca,20:03 2025-10-11
ETHFIUSDT,Trade,60.4,1.122,1.0407,5.5E-4,0.03727284,USDT,0.03727284,Short,Market, cfd53fff, 00c7a1ca,20:03 2025-10-11
ETHFIUSDT,Trade,67.9,1.122,1.0407,5.5E-4,0.04190109,USDT,0.04190109,Short,Market, a1fad832, 00c7a1ca,20:03 2025-10-11
ETHFIUSDT,Trade,60.5,1.122,1.0407,5.5E-4,0.03733455,USDT,0.03733455,Short,Market, a74569d0, 00c7a1ca,20:03 2025-10-11
ETHFIUSDT,Trade,42.7,1.1222,1.0407,5.5E-4,0.02635487,USDT,0.02635487,Short,Market, 275e86f2, 00c7a1ca,20:03 2025-10-11
ETHFIUSDT,Trade,230.7,1.1196,1.0153,5.5E-4,0.14206045,USDT,0.14206045,Short,Market, 6b5bc344, 8f74408d,20:03 2025-10-11
ETHFIUSDT,Trade,80.5,1.1196,1.0153,5.5E-4,0.04957029,USDT,0.04957029,Short,Market, 3410ef16, 8f74408d,20:03 2025-10-11
ETHFIUSDT,Trade,109.0,1.1196,1.0153,5.5E-4,0.06712002,USDT,0.06712002,Short,Market, 24ebacd3, 8f74408d,20:03 2025-10-11
ETHFIUSDT,Trade,66.3,1.1196,1.0153,5.5E-4,0.04082622,USDT,0.04082622,Short,Market, 39b15795, 8f74408d,20:03 2025-10-11
ETHFIUSDT,Trade,5.0,1.1196,1.0153,5.5E-4,0.0030789,USDT,0.0030789,Short,Market, b1d9d952, 8f74408d,20:03 2025-10-11
ETHFIUSDT,Trade,4.5,1.1196,1.0153,5.5E-4,0.00277101,USDT,0.00277101,Short,Market, c9ddeeb4, 8f74408d,20:03 2025-10-11
ETHFIUSDT,Trade,310.8,1.1197,1.0153,5.5E-4,0.19140152,USDT,0.19140152,Short,Market, fc6c0ae2, 8f74408d,20:03 2025-10-11
ETHFIUSDT,Trade,164.8,1.1197,1.0153,5.5E-4,0.10148961,USDT,0.10148961,Short,Market, b5d50bd5, 8f74408d,20:03 2025-10-11
ETHFIUSDT,Trade,80.5,1.1197,1.0153,5.5E-4,0.04957472,USDT,0.04957472,Short,Market, a540e58d, 8f74408d,20:03 2025-10-11
ETHFIUSDT,Trade,66.2,1.1197,1.0153,5.5E-4,0.04076828,USDT,0.04076828,Short,Market, 37368cec, 8f74408d,20:03 2025-10-11
ETHFIUSDT,Trade,0.9,1.1197,1.0153,5.5E-4,5.5426E-4,USDT,0.00055426,Short,Market, 8c1358b7, 8f74408d,20:03 2025-10-11
ETHFIUSDT,Trade,178.5,1.1198,1.0153,5.5E-4,0.10993637,USDT,0.10993637,Short,Market, d26f3e16, 8f74408d,20:03 2025-10-11
ETHFIUSDT,Trade,5.0,1.1198,1.0153,5.5E-4,0.00307945,USDT,0.00307945,Short,Market, aa5f08d3, 8f74408d,20:03 2025-10-11
ETHFIUSDT,Trade,90.3,1.1198,1.0153,5.5E-4,0.05561487,USDT,0.05561487,Short,Market, 5161eb9f, 8f74408d,20:03 2025-10-11
ETHFIUSDT,Trade,80.5,1.1198,1.0153,5.5E-4,0.04957915,USDT,0.04957915,Short,Market, a3483ade, 8f74408d,20:03 2025-10-11
ETHFIUSDT,Trade,66.2,1.1198,1.0153,5.5E-4,0.04077192,USDT,0.04077192,Short,Market, 1d4dca9c, 8f74408d,20:03 2025-10-11
ETHFIUSDT,Trade,6.7,1.1198,1.0153,5.5E-4,0.00412647,USDT,0.00412647,Short,Market, 8752913b, 8f74408d,20:03 2025-10-11
ETHFIUSDT,Trade,80.5,1.1199,1.0153,5.5E-4,0.04958358,USDT,0.04958358,Short,Market, 40940484, 8f74408d,20:03 2025-10-11
ETHFIUSDT,Trade,66.1,1.1199,1.0153,5.5E-4,0.04071397,USDT,0.04071397,Short,Market, c9b68178, 8f74408d,20:03 2025-10-11
ETHFIUSDT,Trade,1.7,1.1199,1.0153,5.5E-4,0.00104711,USDT,0.00104711,Short,Market, 999ab197, 8f74408d,20:03 2025-10-11
ETHFIUSDT,Trade,147.1,1.12,1.0153,5.5E-4,0.0906136,USDT,0.0906136,Short,Market, ed0403c5, 8f74408d,20:03 2025-10-11
ETHFIUSDT,Trade,5.0,1.12,1.0153,5.5E-4,0.00308,USDT,0.00308,Short,Market, 9d62263d, 8f74408d,20:03 2025-10-11
ETHFIUSDT,Trade,80.3,1.12,1.0153,5.5E-4,0.0494648,USDT,0.0494648,Short,Market, 8a2174ac, 8f74408d,20:03 2025-10-11
ETHFIUSDT,Trade,66.1,1.12,1.0153,5.5E-4,0.0407176,USDT,0.0407176,Short,Market, 08ce0c8e, 8f74408d,20:03 2025-10-11
ETHFIUSDT,Trade,44.6,1.1201,1.0153,5.5E-4,0.02747606,USDT,0.02747606,Short,Market, ffc918b4, 8f74408d,20:03 2025-10-11
ETHFIUSDT,Trade,45.7,1.1201,1.0153,5.5E-4,0.02815372,USDT,0.02815372,Short,Market, 8b5c9f78, 8f74408d,20:03 2025-10-11
ETHFIUSDT,Trade,80.2,1.1201,1.0153,5.5E-4,0.04940762,USDT,0.04940762,Short,Market, 98a0e87f, 8f74408d,20:03 2025-10-11
ETHFIUSDT,Trade,66.1,1.1201,1.0153,5.5E-4,0.04072124,USDT,0.04072124,Short,Market, 3acacb16, 8f74408d,20:03 2025-10-11
ETHFIUSDT,Trade,46.1,1.1202,1.0153,5.5E-4,0.02840268,USDT,0.02840268,Short,Market, 1af197f9, 8f74408d,20:03 2025-10-11
ETHFIUSDT,Trade,80.5,1.1202,1.0153,5.5E-4,0.04959686,USDT,0.04959686,Short,Market, a0334ca8, 8f74408d,20:03 2025-10-11
ETHFIUSDT,Trade,32.5,1.1202,1.0153,5.5E-4,0.02002358,USDT,0.02002358,Short,Market, efb1b813, 8f74408d,20:03 2025-10-11
ETHFIUSDT,Trade,20.7,1.1202,1.0153,5.5E-4,0.01275348,USDT,0.01275348,Short,Market, 581e2159, 8f74408d,20:03 2025-10-11
ETHFIUSDT,Trade,5.0,1.1202,1.0153,5.5E-4,0.00308055,USDT,0.00308055,Short,Market, 312c3739, 8f74408d,20:03 2025-10-11
ETHFIUSDT,Trade,52.9,1.1202,1.0153,5.5E-4,0.03259222,USDT,0.03259222,Short,Market, e0dfe93a, 8f74408d,20:03 2025-10-11
ETHFIUSDT,Trade,65.9,1.1202,1.0153,5.5E-4,0.04060165,USDT,0.04060165,Short,Market, b0120b1e, 8f74408d,20:03 2025-10-11
ETHFIUSDT,Trade,67.7,1.1203,1.0153,5.5E-4,0.04171438,USDT,0.04171438,Short,Market, 70ced830, 8f74408d,20:03 2025-10-11
ETHFIUSDT,Trade,81.7,1.1203,1.0153,5.5E-4,0.05034069,USDT,0.05034069,Short,Market, 8f61232c, 8f74408d,20:03 2025-10-11
ETHFIUSDT,Trade,57.2,1.1203,1.0153,5.5E-4,0.03524464,USDT,0.03524464,Short,Market, e837b4ac, 8f74408d,20:03 2025-10-11
ETHFIUSDT,Trade,63.1,1.1204,1.0153,5.5E-4,0.03888349,USDT,0.03888349,Short,Market, 0337897b, 8f74408d,20:03 2025-10-11
ETHFIUSDT,Trade,67.7,1.1204,1.0153,5.5E-4,0.0417181,USDT,0.0417181,Short,Market, 78e853f0, 8f74408d,20:03 2025-10-11
ETHFIUSDT,Trade,5.0,1.1204,1.0153,5.5E-4,0.0030811,USDT,0.0030811,Short,Market, b79622cd, 8f74408d,20:03 2025-10-11
ETHFIUSDT,Trade,6.7,1.1204,1.0153,5.5E-4,0.00412868,USDT,0.00412868,Short,Market, 83bc1767, 8f74408d,20:03 2025-10-11
ETHFIUSDT,Trade,63.1,1.1205,1.0153,5.5E-4,0.03888696,USDT,0.03888696,Short,Market, 2f26c102, 8f74408d,20:03 2025-10-11
ETHFIUSDT,Trade,81.8,1.1205,1.0153,5.5E-4,0.0504113,USDT,0.0504113,Short,Market, cea7a4ca, 8f74408d,20:03 2025-10-11
ETHFIUSDT,Trade,89.1,1.1205,1.0153,5.5E-4,0.05491011,USDT,0.05491011,Short,Market, 830deec2, 8f74408d,20:03 2025-10-11
ETHFIUSDT,Trade,67.7,1.1205,1.0153,5.5E-4,0.04172182,USDT,0.04172182,Short,Market, c641f646, 8f74408d,20:03 2025-10-11
ETHFIUSDT,Trade,13.9,1.1205,1.0153,5.5E-4,0.00856623,USDT,0.00856623,Short,Market, 8aa42a4c, 8f74408d,20:03 2025-10-11
ETHFIUSDT,Trade,67.8,1.1206,1.0153,5.5E-4,0.04178718,USDT,0.04178718,Short,Market, 5c7e472c, 8f74408d,20:03 2025-10-11
ETHFIUSDT,Trade,60.5,1.1206,1.0153,5.5E-4,0.03728797,USDT,0.03728797,Short,Market, 037920e4, 8f74408d,20:03 2025-10-11
ETHFIUSDT,Trade,60.4,1.1206,1.0153,5.5E-4,0.03722634,USDT,0.03722634,Short,Market, 4a5e48d7, 8f74408d,20:03 2025-10-11
ETHFIUSDT,Trade,43.1,1.1206,1.0153,5.5E-4,0.02656383,USDT,0.02656383,Short,Market, c7e1dd20, 8f74408d,20:03 2025-10-11
ETHFIUSDT,Trade,5.0,1.1206,1.0153,5.5E-4,0.00308165,USDT,0.00308165,Short,Market, b724ef94, 8f74408d,20:03 2025-10-11
ETHFIUSDT,Trade,0.9,1.1206,1.0153,5.5E-4,5.547E-4,USDT,0.0005547,Short,Market, 213d79cc, 8f74408d,20:03 2025-10-11
ETHFIUSDT,Trade,64.3,1.1207,1.0153,5.5E-4,0.03963356,USDT,0.03963356,Short,Market, fef125a1, 8f74408d,20:03 2025-10-11
ETHFIUSDT,Trade,45.5,1.1208,1.0153,5.5E-4,0.02804802,USDT,0.02804802,Short,Market, 23a1b3bb, 8f74408d,20:03 2025-10-11
ETHFIUSDT,Trade,5.0,1.1208,1.0153,5.5E-4,0.0030822,USDT,0.0030822,Short,Market, 72f62289, 8f74408d,20:03 2025-10-11
ETHFIUSDT,Trade,8.2,1.1286,1.2277,5.5E-4,0.00508999,USDT,0.00508999,Long,Market, 9dd54d87, 683ccb8f,20:00 2025-10-11
ETHFIUSDT,Trade,67.0,1.1286,1.2277,5.5E-4,0.04158891,USDT,0.04158891,Long,Market, 011fe3e8, 683ccb8f,20:00 2025-10-11
ETHFIUSDT,Trade,63.3,1.1286,1.2277,5.5E-4,0.03929221,USDT,0.03929221,Long,Market, 1723a148, 683ccb8f,20:00 2025-10-11
ETHFIUSDT,Trade,63.3,1.1285,1.2277,5.5E-4,0.03928873,USDT,0.03928873,Long,Market, 8274cde2, 683ccb8f,20:00 2025-10-11
ETHFIUSDT,Trade,74.5,1.1285,1.2277,5.5E-4,0.04624029,USDT,0.04624029,Long,Market, 3662832c, 683ccb8f,20:00 2025-10-11
ETHFIUSDT,Trade,76.0,1.1285,1.2277,5.5E-4,0.0471713,USDT,0.0471713,Long,Market, 74d15668, 683ccb8f,20:00 2025-10-11
ETHFIUSDT,Trade,34.2,1.1285,1.2277,5.5E-4,0.02122709,USDT,0.02122709,Long,Market, a471da44, 683ccb8f,20:00 2025-10-11
ETHFIUSDT,Trade,101.6,1.1285,1.2277,5.5E-4,0.06306058,USDT,0.06306058,Long,Market, 39365d8b, 683ccb8f,20:00 2025-10-11
ETHFIUSDT,Trade,6.7,1.1284,1.2277,5.5E-4,0.00415816,USDT,0.00415816,Long,Market, 796b42fc, 683ccb8f,20:00 2025-10-11
ETHFIUSDT,Trade,74.5,1.1284,1.2277,5.5E-4,0.04623619,USDT,0.04623619,Long,Market, 010f4de3, 683ccb8f,20:00 2025-10-11
ETHFIUSDT,Trade,81.6,1.1284,1.2277,5.5E-4,0.0506426,USDT,0.0506426,Long,Market, c52f038b, 683ccb8f,20:00 2025-10-11
ETHFIUSDT,Trade,63.3,1.1284,1.2277,5.5E-4,0.03928525,USDT,0.03928525,Long,Market, 723fdc80, 683ccb8f,20:00 2025-10-11
ETHFIUSDT,Trade,10.6,1.1284,1.2277,5.5E-4,0.00657858,USDT,0.00657858,Long,Market, 65fb63ad, 683ccb8f,20:00 2025-10-11
ETHFIUSDT,Trade,64.3,1.1284,1.2277,5.5E-4,0.03990587,USDT,0.03990587,Long,Market, f4b493ca, 683ccb8f,20:00 2025-10-11
ETHFIUSDT,Trade,147.1,1.1283,1.2277,5.5E-4,0.09128512,USDT,0.09128512,Long,Market, ca47bef8, 683ccb8f,20:00 2025-10-11
ETHFIUSDT,Trade,69.4,1.1283,1.2277,5.5E-4,0.04306722,USDT,0.04306722,Long,Market, a8f1b9fc, 683ccb8f,20:00 2025-10-11
ETHFIUSDT,Trade,63.3,1.1283,1.2277,5.5E-4,0.03928177,USDT,0.03928177,Long,Market, 851689f7, 683ccb8f,20:00 2025-10-11
ETHFIUSDT,Trade,29.9,1.1283,1.2277,5.5E-4,0.0185549,USDT,0.0185549,Long,Market, 2310ddb9, 683ccb8f,20:00 2025-10-11
ETHFIUSDT,Trade,76.0,1.1282,1.2277,5.5E-4,0.04715876,USDT,0.04715876,Long,Market, c56e07ef, 683ccb8f,20:00 2025-10-11
ETHFIUSDT,Trade,63.3,1.1282,1.2277,5.5E-4,0.03927829,USDT,0.03927829,Long,Market, 8af32057, 683ccb8f,20:00 2025-10-11
ETHFIUSDT,Trade,19.8,1.1282,1.2277,5.5E-4,0.0122861,USDT,0.0122861,Long,Market, 25970e1b, 683ccb8f,20:00 2025-10-11
ETHFIUSDT,Trade,17.1,1.1282,1.2277,5.5E-4,0.01061073,USDT,0.01061073,Long,Market, 9bf70861, 683ccb8f,20:00 2025-10-11
ETHFIUSDT,Trade,36.7,1.1281,1.2277,5.5E-4,0.0227707,USDT,0.0227707,Long,Market, 320d99d5, 683ccb8f,20:00 2025-10-11
ETHFIUSDT,Trade,63.3,1.1281,1.2277,5.5E-4,0.03927481,USDT,0.03927481,Long,Market, 60bd6701, 683ccb8f,20:00 2025-10-11
ETHFIUSDT,Trade,57.9,1.1281,1.2277,5.5E-4,0.03592435,USDT,0.03592435,Long,Market, 80c4184a, 683ccb8f,20:00 2025-10-11
ETHFIUSDT,Trade,64.3,1.1281,1.2277,5.5E-4,0.03989526,USDT,0.03989526,Long,Market, ce03701c, 683ccb8f,20:00 2025-10-11
ETHFIUSDT,Trade,63.3,1.128,1.2277,5.5E-4,0.03927132,USDT,0.03927132,Long,Market, 6ed22978, 683ccb8f,20:00 2025-10-11
ETHFIUSDT,Trade,50.6,1.128,1.2277,5.5E-4,0.03139224,USDT,0.03139224,Long,Market, 412ed72d, 683ccb8f,20:00 2025-10-11
ETHFIUSDT,Trade,673.5,1.128,1.2277,5.5E-4,0.4178394,USDT,0.4178394,Long,Market, d6195107, 683ccb8f,20:00 2025-10-11
ETHFIUSDT,Trade,73.2,1.128,1.2277,5.5E-4,0.04541328,USDT,0.04541328,Long,Market, 2523e279, 683ccb8f,20:00 2025-10-11
ETHFIUSDT,Trade,76.7,1.128,1.2277,5.5E-4,0.04758468,USDT,0.04758468,Long,Market, e7983671, 683ccb8f,20:00 2025-10-11
ETHFIUSDT,Trade,12.8,1.128,1.2277,5.5E-4,0.00794112,USDT,0.00794112,Long,Market, e8320dc5, 683ccb8f,20:00 2025-10-11
ETHFIUSDT,Trade,64.3,1.128,1.2277,5.5E-4,0.03989172,USDT,0.03989172,Long,Market, 13fe904f, 683ccb8f,20:00 2025-10-11
ETHFIUSDT,Trade,63.3,1.1279,1.2277,5.5E-4,0.03926784,USDT,0.03926784,Long,Market, 7d853c92, 683ccb8f,20:00 2025-10-11
ETHFIUSDT,Trade,260.8,1.1279,1.2277,5.5E-4,0.16178598,USDT,0.16178598,Long,Market, 51b7e43d, 683ccb8f,20:00 2025-10-11
ETHFIUSDT,Trade,147.1,1.1279,1.2277,5.5E-4,0.09125275,USDT,0.09125275,Long,Market, a7c8b06f, 683ccb8f,20:00 2025-10-11
ETHFIUSDT,Trade,39.6,1.1279,1.2277,5.5E-4,0.02456567,USDT,0.02456567,Long,Market, 68454e66, 683ccb8f,20:00 2025-10-11
ETHFIUSDT,Trade,6.3,1.1279,1.2277,5.5E-4,0.00390818,USDT,0.00390818,Long,Market, 2215c743, 683ccb8f,20:00 2025-10-11
ETHFIUSDT,Trade,64.3,1.1279,1.2277,5.5E-4,0.03988819,USDT,0.03988819,Long,Market, 714a8b1d, 683ccb8f,20:00 2025-10-11
ETHFIUSDT,Trade,63.3,1.1278,1.2277,5.5E-4,0.03926436,USDT,0.03926436,Long,Market, 17ad0618, 683ccb8f,20:00 2025-10-11
ETHFIUSDT,Trade,10.6,1.1278,1.2277,5.5E-4,0.00657508,USDT,0.00657508,Long,Market, 7c512566, 683ccb8f,20:00 2025-10-11
ETHFIUSDT,Trade,127.5,1.1278,1.2277,5.5E-4,0.07908698,USDT,0.07908698,Long,Market, b291816c, 683ccb8f,20:00 2025-10-11
ETHFIUSDT,Trade,64.3,1.1278,1.2277,5.5E-4,0.03988465,USDT,0.03988465,Long,Market, 52cff8e8, 683ccb8f,20:00 2025-10-11
ETHFIUSDT,Trade,63.3,1.1277,1.2277,5.5E-4,0.03926088,USDT,0.03926088,Long,Market, 1ac24cf8, 683ccb8f,20:00 2025-10-11
ETHFIUSDT,Trade,64.3,1.1277,1.2277,5.5E-4,0.03988112,USDT,0.03988112,Long,Market, b88d89e8, 683ccb8f,20:00 2025-10-11
ETHFIUSDT,Trade,64.3,1.1275,1.2277,5.5E-4,0.03987404,USDT,0.03987404,Long,Market, a74231e4, 683ccb8f,20:00 2025-10-11
ETHFIUSDT,Trade,67.7,1.1222,1.0132,5.5E-4,0.04178512,USDT,0.04178512,Short,Market, 9d4eca29, 024f0342,20:00 2025-10-11
ETHFIUSDT,Trade,1.7,1.1222,1.0132,5.5E-4,0.00104926,USDT,0.00104926,Short,Market, a4124057, 024f0342,20:00 2025-10-11
ETHFIUSDT,Trade,6.7,1.1222,1.0132,5.5E-4,0.00413531,USDT,0.00413531,Short,Market, 0b84cefd, 024f0342,20:00 2025-10-11
ETHFIUSDT,Trade,61.3,1.1222,1.0132,5.5E-4,0.03783498,USDT,0.03783498,Short,Market, 51c6c618, 024f0342,20:00 2025-10-11
ETHFIUSDT,Trade,393.1,1.1223,1.0132,5.5E-4,0.24264688,USDT,0.24264688,Short,Market, 48deaafd, 024f0342,20:00 2025-10-11
ETHFIUSDT,Trade,178.0,1.1223,1.0132,5.5E-4,0.10987317,USDT,0.10987317,Short,Market, 47b27cd5, 024f0342,20:00 2025-10-11
ETHFIUSDT,Trade,97.2,1.1223,1.0132,5.5E-4,0.05999816,USDT,0.05999816,Short,Market, b31fbbb5, 024f0342,20:00 2025-10-11
ETHFIUSDT,Trade,0.1,1.1223,1.0132,5.5E-4,6.173E-5,USDT,0.00006173,Short,Market, 57586e1b, 024f0342,20:00 2025-10-11
ETHFIUSDT,Trade,74.3,1.1223,1.0132,5.5E-4,0.04586279,USDT,0.04586279,Short,Market, 932cc946, 024f0342,20:00 2025-10-11
ETHFIUSDT,Trade,61.3,1.1223,1.0132,5.5E-4,0.03783835,USDT,0.03783835,Short,Market, d3e0e55b, 024f0342,20:00 2025-10-11
ETHFIUSDT,Trade,88.9,1.1224,1.0132,5.5E-4,0.05487975,USDT,0.05487975,Short,Market, c5a8a23e, 024f0342,20:00 2025-10-11
ETHFIUSDT,Trade,75.6,1.1224,1.0132,5.5E-4,0.0466694,USDT,0.0466694,Short,Market, 851c13ba, 024f0342,20:00 2025-10-11
ETHFIUSDT,Trade,0.9,1.1224,1.0132,5.5E-4,5.5559E-4,USDT,0.00055559,Short,Market, 49359e7d, 024f0342,20:00 2025-10-11
ETHFIUSDT,Trade,61.4,1.1224,1.0132,5.5E-4,0.03790345,USDT,0.03790345,Short,Market, 70461d8c, 024f0342,20:00 2025-10-11
ETHFIUSDT,Trade,75.6,1.1225,1.0132,5.5E-4,0.04667355,USDT,0.04667355,Short,Market, 23a05ba4, 024f0342,20:00 2025-10-11
ETHFIUSDT,Trade,61.4,1.1225,1.0132,5.5E-4,0.03790683,USDT,0.03790683,Short,Market, 14381589, 024f0342,20:00 2025-10-11
ETHFIUSDT,Trade,75.6,1.1226,1.0132,5.5E-4,0.04667771,USDT,0.04667771,Short,Market, 536f83b7, 024f0342,20:00 2025-10-11
ETHFIUSDT,Trade,62.7,1.1226,1.0132,5.5E-4,0.03871287,USDT,0.03871287,Short,Market, 4cb0a4f2, 024f0342,20:00 2025-10-11
ETHFIUSDT,Trade,88.9,1.1227,1.0132,5.5E-4,0.05489442,USDT,0.05489442,Short,Market, 99010b75, 024f0342,20:00 2025-10-11
ETHFIUSDT,Trade,94.8,1.1227,1.0132,5.5E-4,0.05853758,USDT,0.05853758,Short,Market, 34230c45, 024f0342,20:00 2025-10-11
ETHFIUSDT,Trade,62.7,1.1227,1.0132,5.5E-4,0.03871631,USDT,0.03871631,Short,Market, 2186638e, 024f0342,20:00 2025-10-11
ETHFIUSDT,Trade,6.7,1.1228,1.0132,5.5E-4,0.00413752,USDT,0.00413752,Short,Market, bd40402d, 024f0342,20:00 2025-10-11
ETHFIUSDT,Trade,62.7,1.1228,1.0132,5.5E-4,0.03871976,USDT,0.03871976,Short,Market, d62cf47f, 024f0342,20:00 2025-10-11
ETHFIUSDT,Trade,75.7,1.1228,1.0132,5.5E-4,0.04674778,USDT,0.04674778,Short,Market, e0765a75, 024f0342,20:00 2025-10-11
ETHFIUSDT,Trade,64.3,1.1228,1.0132,5.5E-4,0.03970783,USDT,0.03970783,Short,Market, 707e307a, 024f0342,20:00 2025-10-11
ETHFIUSDT,Trade,62.7,1.1229,1.0132,5.5E-4,0.03872321,USDT,0.03872321,Short,Market, 3ddcbfcb, 024f0342,20:00 2025-10-11
ETHFIUSDT,Trade,64.3,1.1229,1.0132,5.5E-4,0.03971136,USDT,0.03971136,Short,Market, cf07ca27, 024f0342,20:00 2025-10-11
ETHFIUSDT,Trade,55.5,1.1229,1.0132,5.5E-4,0.03427653,USDT,0.03427653,Short,Market, dd099f6e, 024f0342,20:00 2025-10-11
ETHFIUSDT,Trade,47.5,1.123,1.0132,5.5E-4,0.02933838,USDT,0.02933838,Short,Market, 9d036727, 024f0342,20:00 2025-10-11
ETHFIUSDT,Trade,64.3,1.123,1.0132,5.5E-4,0.0397149,USDT,0.0397149,Short,Market, 5e14b889, 024f0342,20:00 2025-10-11
ETHFIUSDT,Trade,62.7,1.1231,1.0132,5.5E-4,0.03873011,USDT,0.03873011,Short,Market, 25e063b8, 024f0342,20:00 2025-10-11
ETHFIUSDT,Trade,40.0,1.1231,1.0132,5.5E-4,0.0247082,USDT,0.0247082,Short,Market, a9f4fc0f, 024f0342,20:00 2025-10-11
ETHFIUSDT,Trade,227.4,1.1231,1.0132,5.5E-4,0.14046612,USDT,0.14046612,Short,Market, 0dbdf506, 024f0342,20:00 2025-10-11
ETHFIUSDT,Trade,64.3,1.1231,1.0132,5.5E-4,0.03971844,USDT,0.03971844,Short,Market, ef16ca59, 024f0342,20:00 2025-10-11
ETHFIUSDT,Trade,62.7,1.1232,1.0132,5.5E-4,0.03873356,USDT,0.03873356,Short,Market, a36be5f1, 024f0342,20:00 2025-10-11
ETHFIUSDT,Trade,15.0,1.1232,1.0132,5.5E-4,0.0092664,USDT,0.0092664,Short,Market, 8e9132b5, 024f0342,20:00 2025-10-11
ETHFIUSDT,Trade,14.4,1.1232,1.0132,5.5E-4,0.00889575,USDT,0.00889575,Short,Market, ebdc039d, 024f0342,20:00 2025-10-11
ETHFIUSDT,Trade,5.2,1.1232,1.0132,5.5E-4,0.00321236,USDT,0.00321236,Short,Market, b1146129, 024f0342,20:00 2025-10-11
ETHFIUSDT,Trade,75.7,1.1232,1.0132,5.5E-4,0.04676444,USDT,0.04676444,Short,Market, e3f36997, 024f0342,20:00 2025-10-11
ETHFIUSDT,Trade,40.0,1.1232,1.0132,5.5E-4,0.0247104,USDT,0.0247104,Short,Market, 2d09457c, 024f0342,20:00 2025-10-11
ETHFIUSDT,Trade,53.3,1.1233,1.0132,5.5E-4,0.03292954,USDT,0.03292954,Short,Market, 709b83e7, 024f0342,20:00 2025-10-11
ETHFIUSDT,Trade,75.7,1.1233,1.0132,5.5E-4,0.0467686,USDT,0.0467686,Short,Market, 8e0ec8cf, 024f0342,20:00 2025-10-11
ETHFIUSDT,Trade,0.9,1.1233,1.0132,5.5E-4,5.5604E-4,USDT,0.00055604,Short,Market, a58223e5, 024f0342,20:00 2025-10-11
ETHFIUSDT,Trade,62.7,1.1233,1.0132,5.5E-4,0.03873701,USDT,0.03873701,Short,Market, 83ccd9a4, 024f0342,20:00 2025-10-11
ETHFIUSDT,Trade,55.6,1.1234,1.0132,5.5E-4,0.03435358,USDT,0.03435358,Short,Market, 56ee70ea, 024f0342,20:00 2025-10-11
ETHFIUSDT,Trade,39.9,1.1234,1.0132,5.5E-4,0.02465302,USDT,0.02465302,Short,Market, 3bc1e3ba, 024f0342,20:00 2025-10-11
ETHFIUSDT,Trade,6.5,1.1234,1.0132,5.5E-4,0.00401616,USDT,0.00401616,Short,Market, 4da75236, 024f0342,20:00 2025-10-11
ETHFIUSDT,Trade,40.0,1.1234,1.0132,5.5E-4,0.0247148,USDT,0.0247148,Short,Market, 0a058e05, 024f0342,20:00 2025-10-11
ETHFIUSDT,Trade,62.7,1.1234,1.0132,5.5E-4,0.03874045,USDT,0.03874045,Short,Market, a070e19a, 024f0342,20:00 2025-10-11
ETHFIUSDT,Trade,55.8,1.1234,1.0132,5.5E-4,0.03447715,USDT,0.03447715,Short,Market, 029481c9, 024f0342,20:00 2025-10-11
ETHFIUSDT,Trade,62.7,1.1235,1.0132,5.5E-4,0.0387439,USDT,0.0387439,Short,Market, ec692276, 024f0342,20:00 2025-10-11
ETHFIUSDT,Trade,19.4,1.1235,1.0132,5.5E-4,0.01198775,USDT,0.01198775,Short,Market, 5cc68dc6, 024f0342,20:00 2025-10-11
ETHFIUSDT,Trade,64.3,1.1236,1.0132,5.5E-4,0.03973612,USDT,0.03973612,Short,Market, 238881e2, 024f0342,20:00 2025-10-11
ETHFIUSDT,Trade,62.7,1.1236,1.0132,5.5E-4,0.03874735,USDT,0.03874735,Short,Market, 0a8d9618, 024f0342,20:00 2025-10-11
ETHFIUSDT,Trade,55.8,1.1236,1.0132,5.5E-4,0.03448329,USDT,0.03448329,Short,Market, 28485592, 024f0342,20:00 2025-10-11
ETHFIUSDT,Trade,42.7,1.1238,1.0132,5.5E-4,0.02639245,USDT,0.02639245,Short,Market, 031a4a86, 024f0342,20:00 2025-10-11
ETHFIUSDT,Funding,3561.7,1.1251,0,5.0E-5,0.20036344,USDT,0.20036344,Long,--, 7c5415bf, c8950489,20:00 2025-10-11
ETHFIUSDT,Trade,327.2,1.1258,1.2245,5.5E-4,0.20259897,USDT,0.20259897,Long,Market, bb15a907, 6bab79e6,19:59 2025-10-11
ETHFIUSDT,Trade,582.2,1.1258,1.2245,5.5E-4,0.36049242,USDT,0.36049242,Long,Market, 9d4f0f6f, 6bab79e6,19:59 2025-10-11
ETHFIUSDT,Trade,729.1,1.1258,1.2245,5.5E-4,0.45145143,USDT,0.45145143,Long,Market, 15bde030, 6bab79e6,19:59 2025-10-11
ETHFIUSDT,Trade,147.1,1.1258,1.2245,5.5E-4,0.09108285,USDT,0.09108285,Long,Market, d0bdce53, 6bab79e6,19:59 2025-10-11
ETHFIUSDT,Trade,60.7,1.1258,1.2245,5.5E-4,0.03758484,USDT,0.03758484,Long,Market, 0d4e0f9f, 6bab79e6,19:59 2025-10-11
ETHFIUSDT,Trade,391.5,1.1257,1.2245,5.5E-4,0.24239136,USDT,0.24239136,Long,Market, 5d87f74d, 6bab79e6,19:59 2025-10-11
ETHFIUSDT,Trade,43.1,1.1257,1.2245,5.5E-4,0.02668472,USDT,0.02668472,Long,Market, f16364dc, 6bab79e6,19:59 2025-10-11
ETHFIUSDT,Trade,307.2,1.1257,1.2245,5.5E-4,0.19019828,USDT,0.19019828,Long,Market, c958745a, 6bab79e6,19:59 2025-10-11
ETHFIUSDT,Trade,195.8,1.1257,1.2245,5.5E-4,0.12122664,USDT,0.12122664,Long,Market, 79c6073e, 6bab79e6,19:59 2025-10-11
ETHFIUSDT,Trade,180.1,1.1257,1.2245,5.5E-4,0.11150622,USDT,0.11150622,Long,Market, 3953ed85, 6bab79e6,19:59 2025-10-11
ETHFIUSDT,Trade,0.2,1.1257,1.2245,5.5E-4,1.2383E-4,USDT,0.00012383,Long,Market, ec581958, 6bab79e6,19:59 2025-10-11
ETHFIUSDT,Trade,60.7,1.1257,1.2245,5.5E-4,0.0375815,USDT,0.0375815,Long,Market, f9a41b2a, 6bab79e6,19:59 2025-10-11
ETHFIUSDT,Trade,74.4,1.1256,1.2245,5.5E-4,0.04605956,USDT,0.04605956,Long,Market, ca5ff5c2, 6bab79e6,19:59 2025-10-11
ETHFIUSDT,Trade,0.1,1.1256,1.2245,5.5E-4,6.191E-5,USDT,0.00006191,Long,Market, 231828d3, 6bab79e6,19:59 2025-10-11
ETHFIUSDT,Trade,60.7,1.1256,1.2245,5.5E-4,0.03757816,USDT,0.03757816,Long,Market, 6585f9dd, 6bab79e6,19:59 2025-10-11
ETHFIUSDT,Trade,61.4,1.1255,1.2245,5.5E-4,0.03800814,USDT,0.03800814,Long,Market, e1fea844, 6bab79e6,19:59 2025-10-11
ETHFIUSDT,Trade,61.4,1.1254,1.2245,5.5E-4,0.03800476,USDT,0.03800476,Long,Market, cd4cb9ac, 6bab79e6,19:59 2025-10-11
ETHFIUSDT,Trade,61.4,1.1253,1.2245,5.5E-4,0.03800139,USDT,0.03800139,Long,Market, f66f3dbf, 6bab79e6,19:59 2025-10-11
ETHFIUSDT,Trade,61.4,1.1252,1.2245,5.5E-4,0.03799801,USDT,0.03799801,Long,Market, 7d49df8c, 6bab79e6,19:59 2025-10-11
ETHFIUSDT,Trade,93.6,1.1252,1.2245,5.5E-4,0.0579253,USDT,0.0579253,Long,Market, 6615947a, 6bab79e6,19:59 2025-10-11
ETHFIUSDT,Trade,14.0,1.125,1.2245,5.5E-4,0.0086625,USDT,0.0086625,Long,Market, 30ddb2eb, 6bab79e6,19:59 2025-10-11
ETHFIUSDT,Trade,48.4,1.125,1.2245,5.5E-4,0.0299475,USDT,0.0299475,Long,Market, 0fb38232, 6bab79e6,19:59 2025-10-11
ETHFIUSDT,Trade,606.4,1.1254,1.2334,5.5E-4,0.37534341,USDT,0.37534341,Long,Market, b40e2824, c114a9cc,19:59 2025-10-11
ETHFIUSDT,Trade,61.6,1.1254,1.2334,5.5E-4,0.03812856,USDT,0.03812856,Long,Market, a8c30047, c114a9cc,19:59 2025-10-11
ETHFIUSDT,Trade,177.7,1.1254,1.2334,5.5E-4,0.10999097,USDT,0.10999097,Long,Market, 60ab109a, c114a9cc,19:59 2025-10-11
ETHFIUSDT,Trade,6.7,1.1254,1.2334,5.5E-4,0.0041471,USDT,0.0041471,Long,Market, f0a00c61, c114a9cc,19:59 2025-10-11
ETHFIUSDT,Trade,307.2,1.1253,1.2334,5.5E-4,0.19013069,USDT,0.19013069,Long,Market, 05e49fd2, c114a9cc,19:59 2025-10-11
ETHFIUSDT,Trade,532.0,1.1253,1.2334,5.5E-4,0.32926278,USDT,0.32926278,Long,Market, c21b5983, c114a9cc,19:59 2025-10-11
ETHFIUSDT,Trade,61.6,1.1253,1.2334,5.5E-4,0.03812517,USDT,0.03812517,Long,Market, 142c6a4a, c114a9cc,19:59 2025-10-11
ETHFIUSDT,Trade,83.0,1.1253,1.2334,5.5E-4,0.05136995,USDT,0.05136995,Long,Market, 4eabbffa, c114a9cc,19:59 2025-10-11
ETHFIUSDT,Trade,147.1,1.1253,1.2334,5.5E-4,0.0910424,USDT,0.0910424,Long,Market, f02c132c, c114a9cc,19:59 2025-10-11
ETHFIUSDT,Trade,178.8,1.1252,1.2334,5.5E-4,0.11065217,USDT,0.11065217,Long,Market, 43487a52, c114a9cc,19:59 2025-10-11
ETHFIUSDT,Trade,61.6,1.1252,1.2334,5.5E-4,0.03812178,USDT,0.03812178,Long,Market, c549985f, c114a9cc,19:59 2025-10-11
ETHFIUSDT,Trade,74.4,1.1252,1.2334,5.5E-4,0.04604319,USDT,0.04604319,Long,Market, 13bb052b, c114a9cc,19:59 2025-10-11
ETHFIUSDT,Trade,52.8,1.1251,1.2334,5.5E-4,0.03267291,USDT,0.03267291,Long,Market, d7d86876, c114a9cc,19:59 2025-10-11
ETHFIUSDT,Trade,61.6,1.1251,1.2334,5.5E-4,0.03811839,USDT,0.03811839,Long,Market, 568204bc, c114a9cc,19:59 2025-10-11
ETHFIUSDT,Trade,74.4,1.1251,1.2334,5.5E-4,0.0460391,USDT,0.0460391,Long,Market, f13bcb5c, c114a9cc,19:59 2025-10-11
ETHFIUSDT,Trade,74.3,1.125,1.2334,5.5E-4,0.04597313,USDT,0.04597313,Long,Market, e024161b, c114a9cc,19:59 2025-10-11
ETHFIUSDT,Trade,61.4,1.125,1.2334,5.5E-4,0.03799125,USDT,0.03799125,Long,Market, 9e348935, c114a9cc,19:59 2025-10-11
ETHFIUSDT,Trade,74.3,1.1249,1.2334,5.5E-4,0.04596904,USDT,0.04596904,Long,Market, e4f0b604, c114a9cc,19:59 2025-10-11
ETHFIUSDT,Trade,389.1,1.1249,1.2334,5.5E-4,0.24073423,USDT,0.24073423,Long,Market, 652c1356, c114a9cc,19:59 2025-10-11
ETHFIUSDT,Trade,61.4,1.1249,1.2334,5.5E-4,0.03798788,USDT,0.03798788,Long,Market, 1c85eb81, c114a9cc,19:59 2025-10-11
ETHFIUSDT,Trade,181.6,1.1248,1.2334,5.5E-4,0.11234503,USDT,0.11234503,Long,Market, 4ffe2b82, c114a9cc,19:59 2025-10-11
ETHFIUSDT,Trade,61.4,1.1248,1.2334,5.5E-4,0.0379845,USDT,0.0379845,Long,Market, 8440ac5b, c114a9cc,19:59 2025-10-11
ETHFIUSDT,Trade,64.3,1.1248,1.2334,5.5E-4,0.03977856,USDT,0.03977856,Long,Market, 8e143707, c114a9cc,19:59 2025-10-11
ETHFIUSDT,Trade,61.4,1.1247,1.2334,5.5E-4,0.03798112,USDT,0.03798112,Long,Market, 9a4cec23, c114a9cc,19:59 2025-10-11
ETHFIUSDT,Trade,1.0,1.1245,1.2334,5.5E-4,6.1848E-4,USDT,0.00061848,Long,Market, 70d28b12, c114a9cc,19:59 2025-10-11
ETHFIUSDT,Trade,54.4,1.1245,1.2334,5.5E-4,0.03364504,USDT,0.03364504,Long,Market, 45848c9b, c114a9cc,19:59 2025-10-11
ETHFIUSDT,Trade,55.2,1.1209,1.0404,5.5E-4,0.03403053,USDT,0.03403053,Short,Market, bd61087f, b10b95c1,19:58 2025-10-11
ETHFIUSDT,Trade,37.5,1.121,1.0404,5.5E-4,0.02312063,USDT,0.02312063,Short,Market, 7f90dc8f, b10b95c1,19:58 2025-10-11
ETHFIUSDT,Trade,273.8,1.121,1.0404,5.5E-4,0.16881139,USDT,0.16881139,Short,Market, 890fd377, b10b95c1,19:58 2025-10-11
ETHFIUSDT,Trade,67.9,1.121,1.0404,5.5E-4,0.04186375,USDT,0.04186375,Short,Market, 6ed0c10c, b10b95c1,19:58 2025-10-11
ETHFIUSDT,Trade,61.1,1.121,1.0404,5.5E-4,0.03767121,USDT,0.03767121,Short,Market, f527834c, b10b95c1,19:58 2025-10-11
ETHFIUSDT,Trade,6.7,1.121,1.0404,5.5E-4,0.00413089,USDT,0.00413089,Short,Market, b322c5f5, b10b95c1,19:58 2025-10-11
ETHFIUSDT,Trade,61.1,1.121,1.0404,5.5E-4,0.03767121,USDT,0.03767121,Short,Market, 7332bcf9, b10b95c1,19:58 2025-10-11
ETHFIUSDT,Trade,88.7,1.1211,1.0404,5.5E-4,0.05469287,USDT,0.05469287,Short,Market, f38a10f8, b10b95c1,19:58 2025-10-11
ETHFIUSDT,Trade,52.3,1.1211,1.0404,5.5E-4,0.03224845,USDT,0.03224845,Short,Market, c56b79e9, b10b95c1,19:58 2025-10-11
ETHFIUSDT,Trade,67.9,1.1211,1.0404,5.5E-4,0.04186748,USDT,0.04186748,Short,Market, e515ffd1, b10b95c1,19:58 2025-10-11
ETHFIUSDT,Trade,77.8,1.1211,1.0404,5.5E-4,0.04797187,USDT,0.04797187,Short,Market, 65115434, b10b95c1,19:58 2025-10-11
ETHFIUSDT,Trade,61.1,1.1211,1.0404,5.5E-4,0.03767457,USDT,0.03767457,Short,Market, 9741c418, b10b95c1,19:58 2025-10-11
ETHFIUSDT,Trade,74.2,1.1211,1.0404,5.5E-4,0.0457521,USDT,0.0457521,Short,Market, ab0f224c, b10b95c1,19:58 2025-10-11
ETHFIUSDT,Trade,61.1,1.1211,1.0404,5.5E-4,0.03767457,USDT,0.03767457,Short,Market, 8949f29d, b10b95c1,19:58 2025-10-11
ETHFIUSDT,Trade,67.9,1.1212,1.0404,5.5E-4,0.04187122,USDT,0.04187122,Short,Market, d1a32db9, b10b95c1,19:58 2025-10-11
ETHFIUSDT,Trade,61.1,1.1212,1.0404,5.5E-4,0.03767793,USDT,0.03767793,Short,Market, 09bf46e7, b10b95c1,19:58 2025-10-11
ETHFIUSDT,Trade,61.2,1.1212,1.0404,5.5E-4,0.0377396,USDT,0.0377396,Short,Market, 1fd72ea4, b10b95c1,19:58 2025-10-11
ETHFIUSDT,Trade,222.8,1.1213,1.0404,5.5E-4,0.13740411,USDT,0.13740411,Short,Market, 5c5995fa, b10b95c1,19:58 2025-10-11
ETHFIUSDT,Trade,49.0,1.1213,1.0404,5.5E-4,0.03021904,USDT,0.03021904,Short,Market, 60accecd, b10b95c1,19:58 2025-10-11
ETHFIUSDT,Trade,36.3,1.1213,1.0404,5.5E-4,0.02238676,USDT,0.02238676,Short,Market, ef7230fb, b10b95c1,19:58 2025-10-11
ETHFIUSDT,Trade,54.6,1.1213,1.0404,5.5E-4,0.03367264,USDT,0.03367264,Short,Market, 5a682c60, b10b95c1,19:58 2025-10-11
ETHFIUSDT,Trade,61.2,1.1213,1.0404,5.5E-4,0.03774296,USDT,0.03774296,Short,Market, dc02131a, b10b95c1,19:58 2025-10-11
ETHFIUSDT,Trade,22.0,1.1214,1.0404,5.5E-4,0.01356894,USDT,0.01356894,Short,Market, 0b0822d4, b10b95c1,19:58 2025-10-11
ETHFIUSDT,Trade,64.3,1.1214,1.0404,5.5E-4,0.03965832,USDT,0.03965832,Short,Market, cb5c5c5c, b10b95c1,19:58 2025-10-11
ETHFIUSDT,Trade,24.8,1.1215,1.0404,5.5E-4,0.01529726,USDT,0.01529726,Short,Market, d41cbe54, b10b95c1,19:58 2025-10-11
ETHFIUSDT,Trade,88.9,1.1215,1.0404,5.5E-4,0.05483575,USDT,0.05483575,Short,Market, bb03984e, b10b95c1,19:58 2025-10-11
ETHFIUSDT,Trade,1711.0,1.1215,1.0404,5.5E-4,1.05538758,USDT,1.05538758,Short,Market, 39b656c8, b10b95c1,19:58 2025-10-11
ETHFIUSDT,Trade,144.3,1.1194,1.2296,5.5E-4,0.08884119,USDT,0.08884119,Long,Market, ee5e5ec2, d6143f32,19:56 2025-10-11
ETHFIUSDT,Trade,87.0,1.1194,1.2296,5.5E-4,0.05356329,USDT,0.05356329,Long,Market, 23bfd32b, d6143f32,19:56 2025-10-11
ETHFIUSDT,Trade,64.7,1.1194,1.2296,5.5E-4,0.03983385,USDT,0.03983385,Long,Market, 9415110d, d6143f32,19:56 2025-10-11
ETHFIUSDT,Trade,80.0,1.1194,1.2296,5.5E-4,0.0492536,USDT,0.0492536,Long,Market, 5db01770, d6143f32,19:56 2025-10-11
ETHFIUSDT,Trade,304.5,1.1193,1.2296,5.5E-4,0.18745477,USDT,0.18745477,Long,Market, 5f9a0413, d6143f32,19:56 2025-10-11
ETHFIUSDT,Trade,64.7,1.1193,1.2296,5.5E-4,0.0398303,USDT,0.0398303,Long,Market, 1356a9c0, d6143f32,19:56 2025-10-11
ETHFIUSDT,Trade,88.8,1.1192,1.2296,5.5E-4,0.05466173,USDT,0.05466173,Long,Market, a6380513, d6143f32,19:56 2025-10-11
ETHFIUSDT,Trade,105.3,1.1192,1.2296,5.5E-4,0.06481847,USDT,0.06481847,Long,Market, 18a1ffc6, d6143f32,19:56 2025-10-11
ETHFIUSDT,Trade,64.7,1.1192,1.2296,5.5E-4,0.03982674,USDT,0.03982674,Long,Market, 933643d3, d6143f32,19:56 2025-10-11
ETHFIUSDT,Trade,80.0,1.1192,1.2296,5.5E-4,0.0492448,USDT,0.0492448,Long,Market, 01b4a275, d6143f32,19:56 2025-10-11
ETHFIUSDT,Trade,46.7,1.1191,1.2296,5.5E-4,0.02874409,USDT,0.02874409,Long,Market, 5af0c236, d6143f32,19:56 2025-10-11
ETHFIUSDT,Trade,949.6,1.1191,1.2296,5.5E-4,0.58448355,USDT,0.58448355,Long,Market, c0ffb4dd, d6143f32,19:56 2025-10-11
ETHFIUSDT,Trade,147.1,1.1191,1.2296,5.5E-4,0.09054079,USDT,0.09054079,Long,Market, ba03bccf, d6143f32,19:56 2025-10-11
ETHFIUSDT,Trade,76.2,1.1191,1.2296,5.5E-4,0.04690149,USDT,0.04690149,Long,Market, a4b63822, d6143f32,19:56 2025-10-11
ETHFIUSDT,Trade,62.2,1.1191,1.2296,5.5E-4,0.03828442,USDT,0.03828442,Long,Market, 06bf6677, d6143f32,19:56 2025-10-11
ETHFIUSDT,Trade,368.7,1.119,1.2296,5.5E-4,0.22691642,USDT,0.22691642,Long,Market, dc592e58, d6143f32,19:56 2025-10-11
ETHFIUSDT,Trade,147.1,1.119,1.2296,5.5E-4,0.0905327,USDT,0.0905327,Long,Market, c683f237, d6143f32,19:56 2025-10-11
ETHFIUSDT,Trade,76.2,1.119,1.2296,5.5E-4,0.04689729,USDT,0.04689729,Long,Market, c36d8bf5, d6143f32,19:56 2025-10-11
ETHFIUSDT,Trade,62.2,1.119,1.2296,5.5E-4,0.03828099,USDT,0.03828099,Long,Market, 63923cfa, d6143f32,19:56 2025-10-11
ETHFIUSDT,Trade,0.1,1.119,1.2296,5.5E-4,6.155E-5,USDT,0.00006155,Long,Market, f62bebc1, d6143f32,19:56 2025-10-11
ETHFIUSDT,Trade,86.5,1.1189,1.2296,5.5E-4,0.05323167,USDT,0.05323167,Long,Market, cbba0a9a, d6143f32,19:56 2025-10-11
ETHFIUSDT,Trade,76.2,1.1189,1.2296,5.5E-4,0.0468931,USDT,0.0468931,Long,Market, fe8240b8, d6143f32,19:56 2025-10-11
ETHFIUSDT,Trade,62.2,1.1189,1.2296,5.5E-4,0.03827757,USDT,0.03827757,Long,Market, e696f542, d6143f32,19:56 2025-10-11
ETHFIUSDT,Trade,60.1,1.1188,1.2296,5.5E-4,0.03698194,USDT,0.03698194,Long,Market, 4d48dc20, d6143f32,19:56 2025-10-11
ETHFIUSDT,Trade,62.2,1.1188,1.2296,5.5E-4,0.03827415,USDT,0.03827415,Long,Market, 5c4c70ad, d6143f32,19:56 2025-10-11
ETHFIUSDT,Trade,76.2,1.1188,1.2296,5.5E-4,0.04688891,USDT,0.04688891,Long,Market, a0f031c2, d6143f32,19:56 2025-10-11
ETHFIUSDT,Trade,0.3,1.1188,1.2296,5.5E-4,1.8461E-4,USDT,0.00018461,Long,Market, 58ca3e76, d6143f32,19:56 2025-10-11
ETHFIUSDT,Trade,0.9,1.1188,1.2296,5.5E-4,5.5381E-4,USDT,0.00055381,Long,Market, c972fde6, d6143f32,19:56 2025-10-11
ETHFIUSDT,Trade,6.8,1.1188,1.2296,5.5E-4,0.00418432,USDT,0.00418432,Long,Market, 830c412a, d6143f32,19:56 2025-10-11
ETHFIUSDT,Trade,76.2,1.1187,1.2296,5.5E-4,0.04688472,USDT,0.04688472,Long,Market, a3c34a61, d6143f32,19:56 2025-10-11
ETHFIUSDT,Trade,62.2,1.1187,1.2296,5.5E-4,0.03827073,USDT,0.03827073,Long,Market, 4de34233, d6143f32,19:56 2025-10-11
ETHFIUSDT,Trade,62.2,1.1186,1.2296,5.5E-4,0.03826731,USDT,0.03826731,Long,Market, 698b0248, d6143f32,19:56 2025-10-11
ETHFIUSDT,Trade,62.2,1.1185,1.2296,5.5E-4,0.03826389,USDT,0.03826389,Long,Market, 0a90b899, d6143f32,19:56 2025-10-11
ETHFIUSDT,Trade,55.6,1.1184,1.2296,5.5E-4,0.03420068,USDT,0.03420068,Long,Market, ca4c1293, d6143f32,19:56 2025-10-11
ETHFIUSDT,Trade,62.2,1.1184,1.2296,5.5E-4,0.03826047,USDT,0.03826047,Long,Market, 6810bd6d, d6143f32,19:56 2025-10-11
ETHFIUSDT,Trade,63.9,1.1183,1.2296,5.5E-4,0.03930266,USDT,0.03930266,Long,Market, 8f88bc6a, d6143f32,19:56 2025-10-11
ETHFIUSDT,Trade,89.4,1.1183,1.2296,5.5E-4,0.05498682,USDT,0.05498682,Long,Market, 0f86eaf0, d6143f32,19:56 2025-10-11
ETHFIUSDT,Trade,6.8,1.1182,1.2296,5.5E-4,0.00418207,USDT,0.00418207,Long,Market, ecf67ea4, d6143f32,19:56 2025-10-11
ETHFIUSDT,Trade,66.3,1.1218,1.041,5.5E-4,0.04090644,USDT,0.04090644,Short,Market, 4269d3a3, 16a632dc,19:53 2025-10-11
ETHFIUSDT,Trade,161.8,1.1218,1.041,5.5E-4,0.09982899,USDT,0.09982899,Short,Market, f220189c, 16a632dc,19:53 2025-10-11
ETHFIUSDT,Trade,6.7,1.1218,1.041,5.5E-4,0.00413384,USDT,0.00413384,Short,Market, a2a15c8d, 16a632dc,19:53 2025-10-11
ETHFIUSDT,Trade,68.0,1.1218,1.041,5.5E-4,0.04195532,USDT,0.04195532,Short,Market, e82a5aad, 16a632dc,19:53 2025-10-11
ETHFIUSDT,Trade,78.7,1.1219,1.041,5.5E-4,0.04856145,USDT,0.04856145,Short,Market, bb078c6a, 16a632dc,19:53 2025-10-11
ETHFIUSDT,Trade,280.6,1.1219,1.041,5.5E-4,0.17314283,USDT,0.17314283,Short,Market, bba1fb71, 16a632dc,19:53 2025-10-11
ETHFIUSDT,Trade,65.8,1.1219,1.041,5.5E-4,0.04060157,USDT,0.04060157,Short,Market, 5e91060c, 16a632dc,19:53 2025-10-11
ETHFIUSDT,Trade,60.9,1.1219,1.041,5.5E-4,0.03757805,USDT,0.03757805,Short,Market, 00fa190a, 16a632dc,19:53 2025-10-11
ETHFIUSDT,Trade,6.7,1.1219,1.041,5.5E-4,0.00413421,USDT,0.00413421,Short,Market, 4c5a9c03, 16a632dc,19:53 2025-10-11
ETHFIUSDT,Trade,68.0,1.1219,1.041,5.5E-4,0.04195906,USDT,0.04195906,Short,Market, 2030fe53, 16a632dc,19:53 2025-10-11
ETHFIUSDT,Trade,108.0,1.1219,1.041,5.5E-4,0.06664086,USDT,0.06664086,Short,Market, d398f291, 16a632dc,19:53 2025-10-11
ETHFIUSDT,Trade,54.6,1.1219,1.041,5.5E-4,0.03369066,USDT,0.03369066,Short,Market, 8b03ad6e, 16a632dc,19:53 2025-10-11
ETHFIUSDT,Trade,64.2,1.122,1.041,5.5E-4,0.03961782,USDT,0.03961782,Short,Market, bd15a117, 16a632dc,19:53 2025-10-11
ETHFIUSDT,Trade,60.9,1.122,1.041,5.5E-4,0.03758139,USDT,0.03758139,Short,Market, 7a754052, 16a632dc,19:53 2025-10-11
ETHFIUSDT,Trade,6.7,1.122,1.041,5.5E-4,0.00413457,USDT,0.00413457,Short,Market, 0df8d0e2, 16a632dc,19:53 2025-10-11
ETHFIUSDT,Trade,68.0,1.122,1.041,5.5E-4,0.0419628,USDT,0.0419628,Short,Market, 1a93abb0, 16a632dc,19:53 2025-10-11
ETHFIUSDT,Trade,82.6,1.122,1.041,5.5E-4,0.05097246,USDT,0.05097246,Short,Market, f5c0e5cd, 16a632dc,19:53 2025-10-11
ETHFIUSDT,Trade,64.3,1.122,1.041,5.5E-4,0.03967953,USDT,0.03967953,Short,Market, 149f77d5, 16a632dc,19:53 2025-10-11
ETHFIUSDT,Trade,57.8,1.1221,1.041,5.5E-4,0.03567156,USDT,0.03567156,Short,Market, 363d7fa2, 16a632dc,19:53 2025-10-11
ETHFIUSDT,Trade,64.2,1.1221,1.041,5.5E-4,0.03962136,USDT,0.03962136,Short,Market, 7e4abc6a, 16a632dc,19:53 2025-10-11
ETHFIUSDT,Trade,6.7,1.1221,1.041,5.5E-4,0.00413494,USDT,0.00413494,Short,Market, 36e1228b, 16a632dc,19:53 2025-10-11
ETHFIUSDT,Trade,68.0,1.1221,1.041,5.5E-4,0.04196654,USDT,0.04196654,Short,Market, 2f3a2663, 16a632dc,19:53 2025-10-11
ETHFIUSDT,Trade,64.3,1.1221,1.041,5.5E-4,0.03968307,USDT,0.03968307,Short,Market, 6c69915a, 16a632dc,19:53 2025-10-11
ETHFIUSDT,Trade,6.7,1.1222,1.041,5.5E-4,0.00413531,USDT,0.00413531,Short,Market, 4c4f5b05, 16a632dc,19:53 2025-10-11
ETHFIUSDT,Trade,61.5,1.1222,1.041,5.5E-4,0.03795842,USDT,0.03795842,Short,Market, 0287e133, 16a632dc,19:53 2025-10-11
ETHFIUSDT,Trade,161.8,1.1222,1.041,5.5E-4,0.09986458,USDT,0.09986458,Short,Market, 3a280af8, 16a632dc,19:53 2025-10-11
ETHFIUSDT,Trade,57.8,1.1222,1.041,5.5E-4,0.03567474,USDT,0.03567474,Short,Market, ff94b11c, 16a632dc,19:53 2025-10-11
ETHFIUSDT,Trade,82.6,1.1222,1.041,5.5E-4,0.05098155,USDT,0.05098155,Short,Market, 01747cb6, 16a632dc,19:53 2025-10-11
ETHFIUSDT,Trade,68.0,1.1222,1.041,5.5E-4,0.04197028,USDT,0.04197028,Short,Market, 39244d8a, 16a632dc,19:53 2025-10-11
ETHFIUSDT,Trade,6.7,1.1222,1.041,5.5E-4,0.00413531,USDT,0.00413531,Short,Market, 5506b49a, 16a632dc,19:53 2025-10-11
ETHFIUSDT,Trade,61.5,1.1223,1.041,5.5E-4,0.0379618,USDT,0.0379618,Short,Market, 0b7d6d4f, 16a632dc,19:53 2025-10-11
ETHFIUSDT,Trade,55.4,1.1223,1.041,5.5E-4,0.03419649,USDT,0.03419649,Short,Market, d0a584e9, 16a632dc,19:53 2025-10-11
ETHFIUSDT,Trade,82.6,1.1223,1.041,5.5E-4,0.05098609,USDT,0.05098609,Short,Market, 9065030f, 16a632dc,19:53 2025-10-11
ETHFIUSDT,Trade,68.0,1.1223,1.041,5.5E-4,0.04197402,USDT,0.04197402,Short,Market, a3b20444, 16a632dc,19:53 2025-10-11
ETHFIUSDT,Trade,6.7,1.1223,1.041,5.5E-4,0.00413568,USDT,0.00413568,Short,Market, deca4472, 16a632dc,19:53 2025-10-11
ETHFIUSDT,Trade,64.3,1.1223,1.041,5.5E-4,0.03969014,USDT,0.03969014,Short,Market, 93f70c37, 16a632dc,19:53 2025-10-11
ETHFIUSDT,Trade,55.4,1.1224,1.041,5.5E-4,0.03419953,USDT,0.03419953,Short,Market, 25673aeb, 16a632dc,19:53 2025-10-11
ETHFIUSDT,Trade,61.5,1.1224,1.041,5.5E-4,0.03796518,USDT,0.03796518,Short,Market, a3c2f982, 16a632dc,19:53 2025-10-11
ETHFIUSDT,Trade,68.0,1.1224,1.041,5.5E-4,0.04197776,USDT,0.04197776,Short,Market, 567754d7, 16a632dc,19:53 2025-10-11
ETHFIUSDT,Trade,6.7,1.1224,1.041,5.5E-4,0.00413605,USDT,0.00413605,Short,Market, ecaadbb3, 16a632dc,19:53 2025-10-11
ETHFIUSDT,Trade,64.3,1.1224,1.041,5.5E-4,0.03969368,USDT,0.03969368,Short,Market, 41f0bad5, 16a632dc,19:53 2025-10-11
ETHFIUSDT,Trade,82.6,1.1225,1.041,5.5E-4,0.05099518,USDT,0.05099518,Short,Market, cd7dbe51, 16a632dc,19:53 2025-10-11
ETHFIUSDT,Trade,60.4,1.1225,1.041,5.5E-4,0.03728945,USDT,0.03728945,Short,Market, d4023185, 16a632dc,19:53 2025-10-11
ETHFIUSDT,Trade,68.0,1.1225,1.041,5.5E-4,0.0419815,USDT,0.0419815,Short,Market, 26d6bd3c, 16a632dc,19:53 2025-10-11
ETHFIUSDT,Trade,6.7,1.1225,1.041,5.5E-4,0.00413642,USDT,0.00413642,Short,Market, eb6bfba6, 16a632dc,19:53 2025-10-11
ETHFIUSDT,Trade,64.3,1.1225,1.041,5.5E-4,0.03969722,USDT,0.03969722,Short,Market, e5ec28d2, 16a632dc,19:53 2025-10-11
ETHFIUSDT,Trade,60.4,1.1226,1.041,5.5E-4,0.03729278,USDT,0.03729278,Short,Market, 52be501e, 16a632dc,19:53 2025-10-11
ETHFIUSDT,Trade,68.0,1.1226,1.041,5.5E-4,0.04198524,USDT,0.04198524,Short,Market, d45b4d82, 16a632dc,19:53 2025-10-11
ETHFIUSDT,Trade,6.7,1.1226,1.041,5.5E-4,0.00413679,USDT,0.00413679,Short,Market, 6db8c689, 16a632dc,19:53 2025-10-11
ETHFIUSDT,Trade,58.5,1.1226,1.041,5.5E-4,0.03611966,USDT,0.03611966,Short,Market, 4b10c4aa, 16a632dc,19:53 2025-10-11
ETHFIUSDT,Trade,64.3,1.1226,1.041,5.5E-4,0.03970075,USDT,0.03970075,Short,Market, a44647ef, 16a632dc,19:53 2025-10-11
ETHFIUSDT,Trade,6.7,1.1227,1.041,5.5E-4,0.00413715,USDT,0.00413715,Short,Market, 7c6722ce, 16a632dc,19:53 2025-10-11
ETHFIUSDT,Trade,71.8,1.1227,1.041,5.5E-4,0.04433543,USDT,0.04433543,Short,Market, 5f83db93, 16a632dc,19:53 2025-10-11
ETHFIUSDT,Trade,64.3,1.1227,1.041,5.5E-4,0.03970429,USDT,0.03970429,Short,Market, f28153cd, 16a632dc,19:53 2025-10-11
ETHFIUSDT,Trade,84.0,1.1228,1.041,5.5E-4,0.05187336,USDT,0.05187336,Short,Market, d21e1c75, 16a632dc,19:53 2025-10-11
ETHFIUSDT,Trade,64.0,1.1228,1.041,5.5E-4,0.03952256,USDT,0.03952256,Short,Market, 84b87600, 16a632dc,19:53 2025-10-11
ETHFIUSDT,Trade,64.3,1.1228,1.041,5.5E-4,0.03970783,USDT,0.03970783,Short,Market, b995a183, 16a632dc,19:53 2025-10-11
ETHFIUSDT,Trade,227.9,1.1239,1.0439,5.5E-4,0.14087525,USDT,0.14087525,Short,Market, 6471acac, 5d49938c,19:52 2025-10-11
ETHFIUSDT,Trade,70.1,1.1239,1.0439,5.5E-4,0.04333197,USDT,0.04333197,Short,Market, 5794de81, 5d49938c,19:52 2025-10-11
ETHFIUSDT,Trade,6.7,1.1239,1.0439,5.5E-4,0.00414158,USDT,0.00414158,Short,Market, d61c210e, 5d49938c,19:52 2025-10-11
ETHFIUSDT,Trade,218.0,1.124,1.0439,5.5E-4,0.1347676,USDT,0.1347676,Short,Market, 1fbd77a1, 5d49938c,19:52 2025-10-11
ETHFIUSDT,Trade,26.4,1.124,1.0439,5.5E-4,0.01632048,USDT,0.01632048,Short,Market, 1786f68d, 5d49938c,19:52 2025-10-11
ETHFIUSDT,Trade,949.6,1.124,1.0439,5.5E-4,0.58704272,USDT,0.58704272,Short,Market, 29500df9, 5d49938c,19:52 2025-10-11
ETHFIUSDT,Trade,26.6,1.124,1.0439,5.5E-4,0.01644412,USDT,0.01644412,Short,Market, 345abac1, 5d49938c,19:52 2025-10-11
ETHFIUSDT,Trade,6.7,1.124,1.0439,5.5E-4,0.00414194,USDT,0.00414194,Short,Market, d54e1581, 5d49938c,19:52 2025-10-11
ETHFIUSDT,Trade,6.7,1.124,1.0439,5.5E-4,0.00414194,USDT,0.00414194,Short,Market, 7f7b9b46, 5d49938c,19:52 2025-10-11
ETHFIUSDT,Trade,70.1,1.124,1.0439,5.5E-4,0.04333582,USDT,0.04333582,Short,Market, b5ae012e, 5d49938c,19:52 2025-10-11
ETHFIUSDT,Trade,316.3,1.1241,1.0439,5.5E-4,0.19555406,USDT,0.19555406,Short,Market, bc7b21ed, 5d49938c,19:52 2025-10-11
ETHFIUSDT,Trade,70.1,1.1241,1.0439,5.5E-4,0.04333968,USDT,0.04333968,Short,Market, 5c8529fa, 5d49938c,19:52 2025-10-11
ETHFIUSDT,Trade,6.7,1.1241,1.0439,5.5E-4,0.00414231,USDT,0.00414231,Short,Market, 671453fe, 5d49938c,19:52 2025-10-11
ETHFIUSDT,Trade,161.8,1.1242,1.0439,5.5E-4,0.10004256,USDT,0.10004256,Short,Market, 66d9efd3, 5d49938c,19:52 2025-10-11
ETHFIUSDT,Trade,0.9,1.1242,1.0439,5.5E-4,5.5648E-4,USDT,0.00055648,Short,Market, 35b7ba70, 5d49938c,19:52 2025-10-11
ETHFIUSDT,Trade,70.1,1.1242,1.0439,5.5E-4,0.04334354,USDT,0.04334354,Short,Market, 9a7e44b2, 5d49938c,19:52 2025-10-11
ETHFIUSDT,Trade,6.7,1.1242,1.0439,5.5E-4,0.00414268,USDT,0.00414268,Short,Market, 5b3c82db, 5d49938c,19:52 2025-10-11
ETHFIUSDT,Trade,47.1,1.1243,1.0439,5.5E-4,0.029125,USDT,0.029125,Short,Market, cd9b0b10, 5d49938c,19:52 2025-10-11
ETHFIUSDT,Trade,86.5,1.1243,1.0439,5.5E-4,0.05348858,USDT,0.05348858,Short,Market, 24b050ce, 5d49938c,19:52 2025-10-11
ETHFIUSDT,Trade,161.8,1.1243,1.0439,5.5E-4,0.10005146,USDT,0.10005146,Short,Market, 70662c38, 5d49938c,19:52 2025-10-11
ETHFIUSDT,Trade,70.0,1.1243,1.0439,5.5E-4,0.04328555,USDT,0.04328555,Short,Market, b3707603, 5d49938c,19:52 2025-10-11
ETHFIUSDT,Trade,6.7,1.1243,1.0439,5.5E-4,0.00414305,USDT,0.00414305,Short,Market, f9a9cdf3, 5d49938c,19:52 2025-10-11
ETHFIUSDT,Trade,70.0,1.1244,1.0439,5.5E-4,0.0432894,USDT,0.0432894,Short,Market, 01694ca9, 5d49938c,19:52 2025-10-11
ETHFIUSDT,Trade,6.7,1.1244,1.0439,5.5E-4,0.00414342,USDT,0.00414342,Short,Market, 062870b4, 5d49938c,19:52 2025-10-11
ETHFIUSDT,Trade,40.0,1.1245,1.0439,5.5E-4,0.024739,USDT,0.024739,Short,Market, 260c2cd0, 5d49938c,19:52 2025-10-11
ETHFIUSDT,Trade,69.9,1.1245,1.0439,5.5E-4,0.04323141,USDT,0.04323141,Short,Market, 56bfab9d, 5d49938c,19:52 2025-10-11
ETHFIUSDT,Trade,6.7,1.1245,1.0439,5.5E-4,0.00414379,USDT,0.00414379,Short,Market, 11b8c904, 5d49938c,19:52 2025-10-11
ETHFIUSDT,Trade,6.7,1.1246,1.0439,5.5E-4,0.00414416,USDT,0.00414416,Short,Market, 45e2e7f9, 5d49938c,19:52 2025-10-11
ETHFIUSDT,Trade,69.9,1.1246,1.0439,5.5E-4,0.04323525,USDT,0.04323525,Short,Market, 5698d791, 5d49938c,19:52 2025-10-11
ETHFIUSDT,Trade,6.7,1.1246,1.0439,5.5E-4,0.00414416,USDT,0.00414416,Short,Market, c3efb8ee, 5d49938c,19:52 2025-10-11
ETHFIUSDT,Trade,42.7,1.1247,1.0439,5.5E-4,0.02641358,USDT,0.02641358,Short,Market, 4306fe79, 5d49938c,19:52 2025-10-11
ETHFIUSDT,Trade,69.9,1.1247,1.0439,5.5E-4,0.0432391,USDT,0.0432391,Short,Market, b32db0ba, 5d49938c,19:52 2025-10-11
ETHFIUSDT,Trade,6.7,1.1247,1.0439,5.5E-4,0.00414452,USDT,0.00414452,Short,Market, cb90eb8f, 5d49938c,19:52 2025-10-11
ETHFIUSDT,Trade,126.4,1.1248,1.0439,5.5E-4,0.0781961,USDT,0.0781961,Short,Market, 3baa79b0, 5d49938c,19:52 2025-10-11
ETHFIUSDT,Trade,69.9,1.1248,1.0439,5.5E-4,0.04324294,USDT,0.04324294,Short,Market, fe9213c7, 5d49938c,19:52 2025-10-11
ETHFIUSDT,Trade,6.7,1.1248,1.0439,5.5E-4,0.00414489,USDT,0.00414489,Short,Market, a9bb4b54, 5d49938c,19:52 2025-10-11
ETHFIUSDT,Trade,6.7,1.1249,1.0439,5.5E-4,0.00414526,USDT,0.00414526,Short,Market, d7546e31, 5d49938c,19:52 2025-10-11
ETHFIUSDT,Trade,69.9,1.1249,1.0439,5.5E-4,0.04324679,USDT,0.04324679,Short,Market, 169c1f79, 5d49938c,19:52 2025-10-11
ETHFIUSDT,Trade,64.3,1.1249,1.0439,5.5E-4,0.03978209,USDT,0.03978209,Short,Market, 266ef988, 5d49938c,19:52 2025-10-11
ETHFIUSDT,Trade,61.6,1.125,1.0439,5.5E-4,0.038115,USDT,0.038115,Short,Market, b1ea25e6, 5d49938c,19:52 2025-10-11
ETHFIUSDT,Trade,69.6,1.125,1.0439,5.5E-4,0.043065,USDT,0.043065,Short,Market, 292f4508, 5d49938c,19:52 2025-10-11
ETHFIUSDT,Trade,6.7,1.125,1.0439,5.5E-4,0.00414563,USDT,0.00414563,Short,Market, 00e5e56b, 5d49938c,19:52 2025-10-11
ETHFIUSDT,Trade,61.6,1.1251,1.0439,5.5E-4,0.03811839,USDT,0.03811839,Short,Market, 031458d6, 5d49938c,19:52 2025-10-11
ETHFIUSDT,Trade,6.7,1.1251,1.0439,5.5E-4,0.004146,USDT,0.004146,Short,Market, 85f3770e, 5d49938c,19:52 2025-10-11
ETHFIUSDT,Trade,15.5,1.1371,1.2368,5.5E-4,0.00969378,USDT,0.00969378,Long,Market, 373854f3, 786dc3f7,19:37 2025-10-11
ETHFIUSDT,Trade,266.1,1.1371,1.2368,5.5E-4,0.16642028,USDT,0.16642028,Long,Market, d99c432b, 786dc3f7,19:37 2025-10-11
ETHFIUSDT,Trade,87.7,1.1371,1.2368,5.5E-4,0.05484802,USDT,0.05484802,Long,Market, 76012df8, 786dc3f7,19:37 2025-10-11
ETHFIUSDT,Trade,82.0,1.1371,1.2368,5.5E-4,0.05128321,USDT,0.05128321,Long,Market, f5211700, 786dc3f7,19:37 2025-10-11
ETHFIUSDT,Trade,69.0,1.1371,1.2368,5.5E-4,0.04315295,USDT,0.04315295,Long,Market, ac5ef879, 786dc3f7,19:37 2025-10-11
ETHFIUSDT,Trade,6.6,1.1371,1.2368,5.5E-4,0.00412768,USDT,0.00412768,Long,Market, 0817ee0f, 786dc3f7,19:37 2025-10-11
ETHFIUSDT,Trade,444.4,1.137,1.2368,5.5E-4,0.27790554,USDT,0.27790554,Long,Market, 14a387bd, 786dc3f7,19:37 2025-10-11
ETHFIUSDT,Trade,307.2,1.137,1.2368,5.5E-4,0.19210752,USDT,0.19210752,Long,Market, 9658fcf7, 786dc3f7,19:37 2025-10-11
ETHFIUSDT,Trade,51.8,1.137,1.2368,5.5E-4,0.03239313,USDT,0.03239313,Long,Market, 2a93741b, 786dc3f7,19:37 2025-10-11
ETHFIUSDT,Trade,49.6,1.137,1.2368,5.5E-4,0.03101736,USDT,0.03101736,Long,Market, 1cbc7991, 786dc3f7,19:37 2025-10-11
ETHFIUSDT,Trade,310.8,1.137,1.2368,5.5E-4,0.19435878,USDT,0.19435878,Long,Market, 1a58d213, 786dc3f7,19:37 2025-10-11
ETHFIUSDT,Trade,54.7,1.137,1.2368,5.5E-4,0.03420665,USDT,0.03420665,Long,Market, ed9cbed3, 786dc3f7,19:37 2025-10-11
ETHFIUSDT,Trade,357.6,1.137,1.2368,5.5E-4,0.22362516,USDT,0.22362516,Long,Market, 0d68e5db, 786dc3f7,19:37 2025-10-11
ETHFIUSDT,Trade,69.0,1.137,1.2368,5.5E-4,0.04314915,USDT,0.04314915,Long,Market, 86d07c2c, 786dc3f7,19:37 2025-10-11
ETHFIUSDT,Trade,6.6,1.137,1.2368,5.5E-4,0.00412731,USDT,0.00412731,Long,Market, 82f72d4b, 786dc3f7,19:37 2025-10-11
ETHFIUSDT,Trade,263.3,1.1369,1.2368,5.5E-4,0.16464018,USDT,0.16464018,Long,Market, b3318506, 786dc3f7,19:37 2025-10-11
ETHFIUSDT,Trade,83.1,1.1369,1.2368,5.5E-4,0.05196202,USDT,0.05196202,Long,Market, 9b701793, 786dc3f7,19:37 2025-10-11
ETHFIUSDT,Trade,41.5,1.1369,1.2368,5.5E-4,0.02594975,USDT,0.02594975,Long,Market, 19183182, 786dc3f7,19:37 2025-10-11
ETHFIUSDT,Trade,26.9,1.1369,1.2368,5.5E-4,0.01682044,USDT,0.01682044,Long,Market, 846f8a44, 786dc3f7,19:37 2025-10-11
ETHFIUSDT,Trade,69.9,1.1369,1.2368,5.5E-4,0.04370813,USDT,0.04370813,Long,Market, 93b23954, 786dc3f7,19:37 2025-10-11
ETHFIUSDT,Trade,6.6,1.1369,1.2368,5.5E-4,0.00412695,USDT,0.00412695,Long,Market, bbadf602, 786dc3f7,19:37 2025-10-11
ETHFIUSDT,Trade,28.8,1.1368,1.2368,5.5E-4,0.01800692,USDT,0.01800692,Long,Market, dbe06862, 786dc3f7,19:37 2025-10-11
ETHFIUSDT,Trade,69.9,1.1368,1.2368,5.5E-4,0.04370428,USDT,0.04370428,Long,Market, 6a7643e5, 786dc3f7,19:37 2025-10-11
ETHFIUSDT,Trade,14.3,1.1368,1.2368,5.5E-4,0.00894094,USDT,0.00894094,Long,Market, 505ac9c4, 786dc3f7,19:37 2025-10-11
ETHFIUSDT,Trade,6.6,1.1368,1.2368,5.5E-4,0.00412659,USDT,0.00412659,Long,Market, 6de76557, 786dc3f7,19:37 2025-10-11
ETHFIUSDT,Trade,33.9,1.1368,1.2368,5.5E-4,0.02119564,USDT,0.02119564,Long,Market, 4ea78c93, 786dc3f7,19:37 2025-10-11
ETHFIUSDT,Trade,0.9,1.1368,1.2368,5.5E-4,5.6272E-4,USDT,0.00056272,Long,Market, 83b655ac, 786dc3f7,19:37 2025-10-11
ETHFIUSDT,Trade,6.7,1.1368,1.2368,5.5E-4,0.00418911,USDT,0.00418911,Long,Market, ad6c1bbe, 786dc3f7,19:37 2025-10-11
ETHFIUSDT,Trade,14.7,1.1367,1.2368,5.5E-4,0.00919022,USDT,0.00919022,Long,Market, 326defcd, 786dc3f7,19:37 2025-10-11
ETHFIUSDT,Trade,8.6,1.1367,1.2368,5.5E-4,0.0053766,USDT,0.0053766,Long,Market, 7e74c96d, 786dc3f7,19:37 2025-10-11
ETHFIUSDT,Trade,6.6,1.1367,1.2368,5.5E-4,0.00412623,USDT,0.00412623,Long,Market, 4dbaadfa, 786dc3f7,19:37 2025-10-11
ETHFIUSDT,Trade,5.2,1.1366,1.2368,5.5E-4,0.00325068,USDT,0.00325068,Long,Market, 113d47ca, 786dc3f7,19:37 2025-10-11
ETHFIUSDT,Trade,6.2,1.1366,1.2368,5.5E-4,0.00387581,USDT,0.00387581,Long,Market, abc4b1cc, 786dc3f7,19:37 2025-10-11
ETHFIUSDT,Trade,87.9,1.1366,1.2368,5.5E-4,0.05494893,USDT,0.05494893,Long,Market, 9af90a80, 786dc3f7,19:37 2025-10-11
ETHFIUSDT,Trade,87.5,1.1366,1.2368,5.5E-4,0.05469888,USDT,0.05469888,Long,Market, 2a95a8c3, 786dc3f7,19:37 2025-10-11
ETHFIUSDT,Trade,87.9,1.1366,1.2368,5.5E-4,0.05494893,USDT,0.05494893,Long,Market, 8dec87bd, 786dc3f7,19:37 2025-10-11
ETHFIUSDT,Trade,93.3,1.1347,1.2467,5.5E-4,0.05822714,USDT,0.05822714,Long,Market, e02f8574, 334d8072,19:35 2025-10-11
ETHFIUSDT,Trade,69.1,1.1347,1.2467,5.5E-4,0.04312428,USDT,0.04312428,Long,Market, ab6b5153, 334d8072,19:35 2025-10-11
ETHFIUSDT,Trade,294.4,1.1346,1.2467,5.5E-4,0.18371444,USDT,0.18371444,Long,Market, 6882e9de, 334d8072,19:35 2025-10-11
ETHFIUSDT,Trade,69.1,1.1346,1.2467,5.5E-4,0.04312048,USDT,0.04312048,Long,Market, a502c38e, 334d8072,19:35 2025-10-11
ETHFIUSDT,Trade,6.7,1.1345,1.2467,5.5E-4,0.00418064,USDT,0.00418064,Long,Market, da95893e, 334d8072,19:35 2025-10-11
ETHFIUSDT,Trade,82.8,1.1345,1.2467,5.5E-4,0.05166513,USDT,0.05166513,Long,Market, c114effd, 334d8072,19:35 2025-10-11
ETHFIUSDT,Trade,69.1,1.1345,1.2467,5.5E-4,0.04311668,USDT,0.04311668,Long,Market, a66e0ee6, 334d8072,19:35 2025-10-11
ETHFIUSDT,Trade,6.7,1.1344,1.2467,5.5E-4,0.00418027,USDT,0.00418027,Long,Market, 44e0d452, 334d8072,19:35 2025-10-11
ETHFIUSDT,Trade,131.4,1.1344,1.2467,5.5E-4,0.08198309,USDT,0.08198309,Long,Market, 9fb351d3, 334d8072,19:35 2025-10-11
ETHFIUSDT,Trade,69.1,1.1344,1.2467,5.5E-4,0.04311288,USDT,0.04311288,Long,Market, 392e90b3, 334d8072,19:35 2025-10-11
ETHFIUSDT,Trade,6.7,1.1344,1.2467,5.5E-4,0.00418027,USDT,0.00418027,Long,Market, 5958208a, 334d8072,19:35 2025-10-11
ETHFIUSDT,Trade,84.5,1.1343,1.2467,5.5E-4,0.0527166,USDT,0.0527166,Long,Market, 763ccf04, 334d8072,19:35 2025-10-11
ETHFIUSDT,Trade,6.7,1.1343,1.2467,5.5E-4,0.0041799,USDT,0.0041799,Long,Market, a98f7447, 334d8072,19:35 2025-10-11
ETHFIUSDT,Trade,82.8,1.1343,1.2467,5.5E-4,0.05165603,USDT,0.05165603,Long,Market, 1cf86565, 334d8072,19:35 2025-10-11
ETHFIUSDT,Trade,69.1,1.1343,1.2467,5.5E-4,0.04310908,USDT,0.04310908,Long,Market, 7012ab4e, 334d8072,19:35 2025-10-11
ETHFIUSDT,Trade,325.0,1.1342,1.2467,5.5E-4,0.20273825,USDT,0.20273825,Long,Market, 0c7dcca7, 334d8072,19:35 2025-10-11
ETHFIUSDT,Trade,6.7,1.1342,1.2467,5.5E-4,0.00417953,USDT,0.00417953,Long,Market, 253ca360, 334d8072,19:35 2025-10-11
ETHFIUSDT,Trade,131.4,1.1342,1.2467,5.5E-4,0.08196864,USDT,0.08196864,Long,Market, 67b57b3d, 334d8072,19:35 2025-10-11
ETHFIUSDT,Trade,69.1,1.1342,1.2467,5.5E-4,0.04310528,USDT,0.04310528,Long,Market, 43354984, 334d8072,19:35 2025-10-11
ETHFIUSDT,Trade,6.7,1.1341,1.2467,5.5E-4,0.00417916,USDT,0.00417916,Long,Market, db740189, 334d8072,19:35 2025-10-11
ETHFIUSDT,Trade,82.8,1.1341,1.2467,5.5E-4,0.05164692,USDT,0.05164692,Long,Market, 992964d3, 334d8072,19:35 2025-10-11
ETHFIUSDT,Trade,0.9,1.1341,1.2467,5.5E-4,5.6138E-4,USDT,0.00056138,Long,Market, 1892799b, 334d8072,19:35 2025-10-11
ETHFIUSDT,Trade,69.1,1.1341,1.2467,5.5E-4,0.04310148,USDT,0.04310148,Long,Market, e6b7ced1, 334d8072,19:35 2025-10-11
ETHFIUSDT,Trade,81.5,1.134,1.2467,5.5E-4,0.05083155,USDT,0.05083155,Long,Market, 42ff66aa, 334d8072,19:35 2025-10-11
ETHFIUSDT,Trade,6.7,1.134,1.2467,5.5E-4,0.00417879,USDT,0.00417879,Long,Market, 9690b10e, 334d8072,19:35 2025-10-11
ETHFIUSDT,Trade,69.1,1.134,1.2467,5.5E-4,0.04309767,USDT,0.04309767,Long,Market, 992da542, 334d8072,19:35 2025-10-11
ETHFIUSDT,Trade,81.4,1.1339,1.2467,5.5E-4,0.05076471,USDT,0.05076471,Long,Market, c96da5d0, 334d8072,19:35 2025-10-11
ETHFIUSDT,Trade,68.0,1.1339,1.2467,5.5E-4,0.04240786,USDT,0.04240786,Long,Market, b8653549, 334d8072,19:35 2025-10-11
ETHFIUSDT,Trade,6.7,1.1339,1.2467,5.5E-4,0.00417843,USDT,0.00417843,Long,Market, 5fd6b449, 334d8072,19:35 2025-10-11
ETHFIUSDT,Trade,131.4,1.1338,1.2467,5.5E-4,0.08193973,USDT,0.08193973,Long,Market, 7662b69d, 334d8072,19:35 2025-10-11
ETHFIUSDT,Trade,39.8,1.1338,1.2467,5.5E-4,0.02481889,USDT,0.02481889,Long,Market, 91d8ac7a, 334d8072,19:35 2025-10-11
ETHFIUSDT,Trade,18.4,1.1338,1.2467,5.5E-4,0.01147406,USDT,0.01147406,Long,Market, 39a4e855, 334d8072,19:35 2025-10-11
ETHFIUSDT,Trade,68.0,1.1338,1.2467,5.5E-4,0.04240412,USDT,0.04240412,Long,Market, 7d37d946, 334d8072,19:35 2025-10-11
ETHFIUSDT,Trade,6.7,1.1338,1.2467,5.5E-4,0.00417806,USDT,0.00417806,Long,Market, c34dd5d0, 334d8072,19:35 2025-10-11
ETHFIUSDT,Trade,6.7,1.1338,1.2467,5.5E-4,0.00417806,USDT,0.00417806,Long,Market, 9f62bddb, 334d8072,19:35 2025-10-11
ETHFIUSDT,Trade,81.4,1.1337,1.2467,5.5E-4,0.05075575,USDT,0.05075575,Long,Market, de12f248, 334d8072,19:35 2025-10-11
ETHFIUSDT,Trade,68.0,1.1337,1.2467,5.5E-4,0.04240038,USDT,0.04240038,Long,Market, bfaca994, 334d8072,19:35 2025-10-11
ETHFIUSDT,Trade,33.8,1.1337,1.2467,5.5E-4,0.02107549,USDT,0.02107549,Long,Market, d73e66fc, 334d8072,19:35 2025-10-11
ETHFIUSDT,Trade,6.2,1.1337,1.2467,5.5E-4,0.00386592,USDT,0.00386592,Long,Market, 3978cc07, 334d8072,19:35 2025-10-11
ETHFIUSDT,Trade,6.7,1.1337,1.2467,5.5E-4,0.00417769,USDT,0.00417769,Long,Market, 137db294, 334d8072,19:35 2025-10-11
ETHFIUSDT,Trade,68.0,1.1336,1.2467,5.5E-4,0.04239664,USDT,0.04239664,Long,Market, 70187da3, 334d8072,19:35 2025-10-11
ETHFIUSDT,Trade,64.3,1.1336,1.2467,5.5E-4,0.04008977,USDT,0.04008977,Long,Market, d092a5ce, 334d8072,19:35 2025-10-11
ETHFIUSDT,Trade,65.8,1.1336,1.2467,5.5E-4,0.04102499,USDT,0.04102499,Long,Market, 9d2227ff, 334d8072,19:35 2025-10-11
ETHFIUSDT,Trade,22.9,1.1336,1.2467,5.5E-4,0.0142777,USDT,0.0142777,Long,Market, 521b8a82, 334d8072,19:35 2025-10-11
ETHFIUSDT,Trade,6.7,1.1336,1.2467,5.5E-4,0.00417732,USDT,0.00417732,Long,Market, dcf73477, 334d8072,19:35 2025-10-11
ETHFIUSDT,Trade,68.0,1.1335,1.2467,5.5E-4,0.0423929,USDT,0.0423929,Long,Market, fa48e560, 334d8072,19:35 2025-10-11
ETHFIUSDT,Trade,60.0,1.1335,1.2467,5.5E-4,0.0374055,USDT,0.0374055,Long,Market, 3e9d8977, 334d8072,19:35 2025-10-11
ETHFIUSDT,Trade,6.7,1.1335,1.2467,5.5E-4,0.00417695,USDT,0.00417695,Long,Market, 4035dfb2, 334d8072,19:35 2025-10-11
ETHFIUSDT,Trade,6.2,1.1335,1.2467,5.5E-4,0.00386524,USDT,0.00386524,Long,Market, 3878de8e, 334d8072,19:35 2025-10-11
ETHFIUSDT,Trade,64.3,1.1335,1.2467,5.5E-4,0.04008623,USDT,0.04008623,Long,Market, 880ef510, 334d8072,19:35 2025-10-11
ETHFIUSDT,Trade,8.4,1.1334,1.2467,5.5E-4,0.00523631,USDT,0.00523631,Long,Market, 6a756f19, 334d8072,19:35 2025-10-11
ETHFIUSDT,Trade,6.7,1.1334,1.2467,5.5E-4,0.00417658,USDT,0.00417658,Long,Market, 5c5f165b, 334d8072,19:35 2025-10-11
ETHFIUSDT,Trade,64.0,1.1333,1.2467,5.5E-4,0.03989216,USDT,0.03989216,Long,Market, 80591783, 334d8072,19:35 2025-10-11
ETHFIUSDT,Trade,120.4,1.1376,1.0575,5.5E-4,0.07533188,USDT,0.07533188,Short,Market, 4be843b3, 781a75b3,19:30 2025-10-11
ETHFIUSDT,Trade,70.7,1.1376,1.0575,5.5E-4,0.04423558,USDT,0.04423558,Short,Market, 7aa13a32, 781a75b3,19:30 2025-10-11
ETHFIUSDT,Trade,0.9,1.1377,1.0575,5.5E-4,5.6317E-4,USDT,0.00056317,Short,Market, ca7d573c, 781a75b3,19:30 2025-10-11
ETHFIUSDT,Trade,84.4,1.1377,1.0575,5.5E-4,0.05281204,USDT,0.05281204,Short,Market, 08151b35, 781a75b3,19:30 2025-10-11
ETHFIUSDT,Trade,70.7,1.1377,1.0575,5.5E-4,0.04423947,USDT,0.04423947,Short,Market, 4facfc12, 781a75b3,19:30 2025-10-11
ETHFIUSDT,Trade,144.7,1.1378,1.0575,5.5E-4,0.09055182,USDT,0.09055182,Short,Market, f0540b34, 781a75b3,19:30 2025-10-11
ETHFIUSDT,Trade,310.8,1.1378,1.0575,5.5E-4,0.19449554,USDT,0.19449554,Short,Market, e5c58f9f, 781a75b3,19:30 2025-10-11
ETHFIUSDT,Trade,6.6,1.1378,1.0575,5.5E-4,0.00413022,USDT,0.00413022,Short,Market, 5f61b1a5, 781a75b3,19:30 2025-10-11
ETHFIUSDT,Trade,70.7,1.1378,1.0575,5.5E-4,0.04424336,USDT,0.04424336,Short,Market, 5c6d176c, 781a75b3,19:30 2025-10-11
ETHFIUSDT,Trade,144.7,1.1379,1.0575,5.5E-4,0.09055978,USDT,0.09055978,Short,Market, c6796d73, 781a75b3,19:30 2025-10-11
ETHFIUSDT,Trade,1.7,1.1379,1.0575,5.5E-4,0.00106394,USDT,0.00106394,Short,Market, a1030295, 781a75b3,19:30 2025-10-11
ETHFIUSDT,Trade,70.7,1.1379,1.0575,5.5E-4,0.04424725,USDT,0.04424725,Short,Market, c38519ad, 781a75b3,19:30 2025-10-11
ETHFIUSDT,Trade,70.6,1.138,1.0575,5.5E-4,0.04418854,USDT,0.04418854,Short,Market, 4dbb98a2, 781a75b3,19:30 2025-10-11
ETHFIUSDT,Trade,86.5,1.1381,1.0575,5.5E-4,0.05414511,USDT,0.05414511,Short,Market, 262c646c, 781a75b3,19:30 2025-10-11
ETHFIUSDT,Trade,84.4,1.1381,1.0575,5.5E-4,0.05283061,USDT,0.05283061,Short,Market, 95e94bef, 781a75b3,19:30 2025-10-11
ETHFIUSDT,Trade,70.6,1.1381,1.0575,5.5E-4,0.04419243,USDT,0.04419243,Short,Market, 5244d5cf, 781a75b3,19:30 2025-10-11
ETHFIUSDT,Trade,105.7,1.1382,1.0575,5.5E-4,0.06616926,USDT,0.06616926,Short,Market, 94bd015b, 781a75b3,19:30 2025-10-11
ETHFIUSDT,Trade,70.6,1.1382,1.0575,5.5E-4,0.04419631,USDT,0.04419631,Short,Market, 5ffad5ae, 781a75b3,19:30 2025-10-11
ETHFIUSDT,Trade,70.6,1.1383,1.0575,5.5E-4,0.04420019,USDT,0.04420019,Short,Market, 2030d0ba, 781a75b3,19:30 2025-10-11
ETHFIUSDT,Trade,84.6,1.1384,1.0575,5.5E-4,0.05296976,USDT,0.05296976,Short,Market, d87e1bf1, 781a75b3,19:30 2025-10-11
ETHFIUSDT,Trade,6.6,1.1384,1.0575,5.5E-4,0.0041324,USDT,0.0041324,Short,Market, 818dc2d7, 781a75b3,19:30 2025-10-11
ETHFIUSDT,Trade,70.6,1.1384,1.0575,5.5E-4,0.04420408,USDT,0.04420408,Short,Market, f6dc27ff, 781a75b3,19:30 2025-10-11
ETHFIUSDT,Trade,6.6,1.1385,1.0575,5.5E-4,0.00413276,USDT,0.00413276,Short,Market, c263f8d3, 781a75b3,19:30 2025-10-11
ETHFIUSDT,Trade,70.8,1.1385,1.0575,5.5E-4,0.04433319,USDT,0.04433319,Short,Market, ffcc193b, 781a75b3,19:30 2025-10-11
ETHFIUSDT,Trade,6.6,1.1386,1.0575,5.5E-4,0.00413312,USDT,0.00413312,Short,Market, 710ec5fb, 781a75b3,19:30 2025-10-11
ETHFIUSDT,Trade,144.7,1.1386,1.0575,5.5E-4,0.09061549,USDT,0.09061549,Short,Market, d03fdf92, 781a75b3,19:30 2025-10-11
ETHFIUSDT,Trade,70.8,1.1386,1.0575,5.5E-4,0.04433709,USDT,0.04433709,Short,Market, 1cb104ca, 781a75b3,19:30 2025-10-11
ETHFIUSDT,Trade,84.6,1.1386,1.0575,5.5E-4,0.05297906,USDT,0.05297906,Short,Market, 186904f9, 781a75b3,19:30 2025-10-11
ETHFIUSDT,Trade,0.9,1.1386,1.0575,5.5E-4,5.6361E-4,USDT,0.00056361,Short,Market, 92115337, 781a75b3,19:30 2025-10-11
ETHFIUSDT,Trade,6.6,1.1387,1.0575,5.5E-4,0.00413349,USDT,0.00413349,Short,Market, 55e8213a, 781a75b3,19:30 2025-10-11
ETHFIUSDT,Trade,144.7,1.1387,1.0575,5.5E-4,0.09062344,USDT,0.09062344,Short,Market, 065b543d, 781a75b3,19:30 2025-10-11
ETHFIUSDT,Trade,70.8,1.1387,1.0575,5.5E-4,0.04434098,USDT,0.04434098,Short,Market, a7c4ab40, 781a75b3,19:30 2025-10-11
ETHFIUSDT,Trade,6.6,1.1388,1.0575,5.5E-4,0.00413385,USDT,0.00413385,Short,Market, 7ddfcae8, 781a75b3,19:30 2025-10-11
ETHFIUSDT,Trade,84.7,1.1388,1.0575,5.5E-4,0.053051,USDT,0.053051,Short,Market, ac018459, 781a75b3,19:30 2025-10-11
ETHFIUSDT,Trade,70.8,1.1388,1.0575,5.5E-4,0.04434488,USDT,0.04434488,Short,Market, a61bd048, 781a75b3,19:30 2025-10-11
ETHFIUSDT,Trade,6.6,1.1389,1.0575,5.5E-4,0.00413421,USDT,0.00413421,Short,Market, 8ae73753, 781a75b3,19:30 2025-10-11
ETHFIUSDT,Trade,70.8,1.1389,1.0575,5.5E-4,0.04434877,USDT,0.04434877,Short,Market, dca0d5b8, 781a75b3,19:30 2025-10-11
ETHFIUSDT,Trade,6.6,1.139,1.0575,5.5E-4,0.00413457,USDT,0.00413457,Short,Market, 706d287c, 781a75b3,19:30 2025-10-11
ETHFIUSDT,Trade,70.9,1.139,1.0575,5.5E-4,0.04441531,USDT,0.04441531,Short,Market, 8132b1ba, 781a75b3,19:30 2025-10-11
ETHFIUSDT,Trade,6.6,1.139,1.0575,5.5E-4,0.00413457,USDT,0.00413457,Short,Market, ed711c6b, 781a75b3,19:30 2025-10-11
ETHFIUSDT,Trade,144.7,1.1391,1.0575,5.5E-4,0.09065528,USDT,0.09065528,Short,Market, 23f711d4, 781a75b3,19:30 2025-10-11
ETHFIUSDT,Trade,6.6,1.1391,1.0575,5.5E-4,0.00413494,USDT,0.00413494,Short,Market, 5f934cad, 781a75b3,19:30 2025-10-11
ETHFIUSDT,Trade,70.9,1.1391,1.0575,5.5E-4,0.04441921,USDT,0.04441921,Short,Market, 51bee535, 781a75b3,19:30 2025-10-11
ETHFIUSDT,Trade,6.6,1.1392,1.0575,5.5E-4,0.0041353,USDT,0.0041353,Short,Market, f2d5556d, 781a75b3,19:30 2025-10-11
ETHFIUSDT,Trade,70.9,1.1392,1.0575,5.5E-4,0.04442311,USDT,0.04442311,Short,Market, 5f5aea9b, 781a75b3,19:30 2025-10-11
ETHFIUSDT,Trade,70.9,1.1393,1.0575,5.5E-4,0.04442701,USDT,0.04442701,Short,Market, 1877ac05, 781a75b3,19:30 2025-10-11
ETHFIUSDT,Trade,6.6,1.1393,1.0575,5.5E-4,0.00413566,USDT,0.00413566,Short,Market, 23882862, 781a75b3,19:30 2025-10-11
ETHFIUSDT,Trade,23.6,1.1397,1.0296,5.5E-4,0.01479331,USDT,0.01479331,Short,Market, 6d92d886, d1b3b162,19:30 2025-10-11
ETHFIUSDT,Trade,6.6,1.1397,1.0296,5.5E-4,0.00413712,USDT,0.00413712,Short,Market, da1e4e11, d1b3b162,19:30 2025-10-11
ETHFIUSDT,Trade,84.7,1.1398,1.0296,5.5E-4,0.05309759,USDT,0.05309759,Short,Market, 4c915c34, d1b3b162,19:30 2025-10-11
ETHFIUSDT,Trade,70.9,1.1398,1.0296,5.5E-4,0.04444651,USDT,0.04444651,Short,Market, a21d234f, d1b3b162,19:30 2025-10-11
ETHFIUSDT,Trade,6.6,1.1398,1.0296,5.5E-4,0.00413748,USDT,0.00413748,Short,Market, f62fb769, d1b3b162,19:30 2025-10-11
ETHFIUSDT,Trade,475.9,1.1399,1.0296,5.5E-4,0.29836313,USDT,0.29836313,Short,Market, d05460dc, d1b3b162,19:30 2025-10-11
ETHFIUSDT,Trade,84.7,1.1399,1.0296,5.5E-4,0.05310225,USDT,0.05310225,Short,Market, e4b732e6, d1b3b162,19:30 2025-10-11
ETHFIUSDT,Trade,70.9,1.1399,1.0296,5.5E-4,0.04445041,USDT,0.04445041,Short,Market, 19013db2, d1b3b162,19:30 2025-10-11
ETHFIUSDT,Trade,6.6,1.1399,1.0296,5.5E-4,0.00413784,USDT,0.00413784,Short,Market, 19b37012, d1b3b162,19:30 2025-10-11
ETHFIUSDT,Trade,48.9,1.14,1.0296,5.5E-4,0.0306603,USDT,0.0306603,Short,Market, bd784e16, d1b3b162,19:30 2025-10-11
ETHFIUSDT,Trade,70.9,1.14,1.0296,5.5E-4,0.0444543,USDT,0.0444543,Short,Market, dc5febd9, d1b3b162,19:30 2025-10-11
ETHFIUSDT,Trade,84.7,1.14,1.0296,5.5E-4,0.0531069,USDT,0.0531069,Short,Market, 2d2d5fa5, d1b3b162,19:30 2025-10-11
ETHFIUSDT,Trade,6.6,1.14,1.0296,5.5E-4,0.0041382,USDT,0.0041382,Short,Market, f8d1c8d5, d1b3b162,19:30 2025-10-11
ETHFIUSDT,Trade,70.9,1.1401,1.0296,5.5E-4,0.0444582,USDT,0.0444582,Short,Market, 6f04412b, d1b3b162,19:30 2025-10-11
ETHFIUSDT,Trade,84.7,1.1401,1.0296,5.5E-4,0.05311156,USDT,0.05311156,Short,Market, b6fd7e86, d1b3b162,19:30 2025-10-11
ETHFIUSDT,Trade,144.7,1.1401,1.0296,5.5E-4,0.09073486,USDT,0.09073486,Short,Market, 84a4f5f5, d1b3b162,19:30 2025-10-11
ETHFIUSDT,Trade,6.6,1.1401,1.0296,5.5E-4,0.00413857,USDT,0.00413857,Short,Market, e9f09aa9, d1b3b162,19:30 2025-10-11
ETHFIUSDT,Trade,6.6,1.1402,1.0296,5.5E-4,0.00413893,USDT,0.00413893,Short,Market, aa3ee3cc, d1b3b162,19:30 2025-10-11
ETHFIUSDT,Trade,70.9,1.1402,1.0296,5.5E-4,0.0444621,USDT,0.0444621,Short,Market, 837a2e4e, d1b3b162,19:30 2025-10-11
ETHFIUSDT,Trade,6.6,1.1402,1.0296,5.5E-4,0.00413893,USDT,0.00413893,Short,Market, ab0e4c71, d1b3b162,19:30 2025-10-11
ETHFIUSDT,Trade,84.7,1.1403,1.0296,5.5E-4,0.05312088,USDT,0.05312088,Short,Market, b11a47a6, d1b3b162,19:30 2025-10-11
ETHFIUSDT,Trade,6.6,1.1403,1.0296,5.5E-4,0.00413929,USDT,0.00413929,Short,Market, 0df40c5f, d1b3b162,19:30 2025-10-11
ETHFIUSDT,Trade,70.9,1.1403,1.0296,5.5E-4,0.044466,USDT,0.044466,Short,Market, 2ba98e24, d1b3b162,19:30 2025-10-11
ETHFIUSDT,Trade,0.9,1.1404,1.0296,5.5E-4,5.645E-4,USDT,0.0005645,Short,Market, ee85cb6c, d1b3b162,19:30 2025-10-11
ETHFIUSDT,Trade,70.9,1.1404,1.0296,5.5E-4,0.0444699,USDT,0.0444699,Short,Market, bfeca883, d1b3b162,19:30 2025-10-11
ETHFIUSDT,Trade,6.6,1.1404,1.0296,5.5E-4,0.00413966,USDT,0.00413966,Short,Market, d665e8d9, d1b3b162,19:30 2025-10-11
ETHFIUSDT,Trade,144.7,1.1405,1.0296,5.5E-4,0.0907667,USDT,0.0907667,Short,Market, 463221f8, d1b3b162,19:30 2025-10-11
ETHFIUSDT,Trade,70.9,1.1405,1.0296,5.5E-4,0.0444738,USDT,0.0444738,Short,Market, f463af69, d1b3b162,19:30 2025-10-11
ETHFIUSDT,Trade,6.6,1.1405,1.0296,5.5E-4,0.00414002,USDT,0.00414002,Short,Market, 8f0710ff, d1b3b162,19:30 2025-10-11
ETHFIUSDT,Trade,62.2,1.1406,1.0296,5.5E-4,0.03901993,USDT,0.03901993,Short,Market, 4b2ddae0, d1b3b162,19:30 2025-10-11
ETHFIUSDT,Trade,70.9,1.1406,1.0296,5.5E-4,0.0444777,USDT,0.0444777,Short,Market, 15e4e6da, d1b3b162,19:30 2025-10-11
ETHFIUSDT,Trade,6.6,1.1406,1.0296,5.5E-4,0.00414038,USDT,0.00414038,Short,Market, 3eba306a, d1b3b162,19:30 2025-10-11
ETHFIUSDT,Trade,30.5,1.1407,1.0296,5.5E-4,0.01913525,USDT,0.01913525,Short,Market, 0ea4a146, d1b3b162,19:30 2025-10-11
ETHFIUSDT,Trade,1038.8,1.1407,1.0296,5.5E-4,0.65172754,USDT,0.65172754,Short,Market, 7e0f6444, d1b3b162,19:30 2025-10-11
ETHFIUSDT,Trade,6.6,1.1407,1.0296,5.5E-4,0.00414075,USDT,0.00414075,Short,Market, fd5353a2, d1b3b162,19:30 2025-10-11
ETHFIUSDT,Trade,6.6,1.1408,1.0296,5.5E-4,0.00414111,USDT,0.00414111,Short,Market, 2dc0b37f, d1b3b162,19:30 2025-10-11
ETHFIUSDT,Trade,1.0,1.1408,1.0296,5.5E-4,6.2744E-4,USDT,0.00062744,Short,Market, d13f2757, d1b3b162,19:30 2025-10-11
ETHFIUSDT,Trade,676.3,1.1442,1.2445,5.5E-4,0.42560236,USDT,0.42560236,Long,Market, fbf1040a, 2f24708c,19:28 2025-10-11
ETHFIUSDT,Trade,70.2,1.1442,1.2445,5.5E-4,0.04417757,USDT,0.04417757,Long,Market, 33005a0e, 2f24708c,19:28 2025-10-11
ETHFIUSDT,Trade,6.6,1.1442,1.2445,5.5E-4,0.00415345,USDT,0.00415345,Long,Market, 63a1289c, 2f24708c,19:28 2025-10-11
ETHFIUSDT,Trade,73.5,1.1441,1.2445,5.5E-4,0.04625025,USDT,0.04625025,Long,Market, 37d77855, 2f24708c,19:28 2025-10-11
ETHFIUSDT,Trade,86.5,1.1441,1.2445,5.5E-4,0.05443056,USDT,0.05443056,Long,Market, 508edce7, 2f24708c,19:28 2025-10-11
ETHFIUSDT,Trade,311.6,1.1441,1.2445,5.5E-4,0.19607586,USDT,0.19607586,Long,Market, 43b10f89, 2f24708c,19:28 2025-10-11
ETHFIUSDT,Trade,144.7,1.1441,1.2445,5.5E-4,0.0910532,USDT,0.0910532,Long,Market, d8f05ab8, 2f24708c,19:28 2025-10-11
ETHFIUSDT,Trade,70.1,1.1441,1.2445,5.5E-4,0.04411078,USDT,0.04411078,Long,Market, cfbf2880, 2f24708c,19:28 2025-10-11
ETHFIUSDT,Trade,83.3,1.1441,1.2445,5.5E-4,0.05241695,USDT,0.05241695,Long,Market, 63d8731b, 2f24708c,19:28 2025-10-11
ETHFIUSDT,Trade,6.6,1.1441,1.2445,5.5E-4,0.00415309,USDT,0.00415309,Long,Market, 34750e30, 2f24708c,19:28 2025-10-11
ETHFIUSDT,Trade,81.6,1.144,1.2445,5.5E-4,0.05134272,USDT,0.05134272,Long,Market, 49ae92ae, 2f24708c,19:28 2025-10-11
ETHFIUSDT,Trade,73.5,1.144,1.2445,5.5E-4,0.0462462,USDT,0.0462462,Long,Market, 7c69fc4f, 2f24708c,19:28 2025-10-11
ETHFIUSDT,Trade,82.8,1.144,1.2445,5.5E-4,0.05209776,USDT,0.05209776,Long,Market, 8e12388d, 2f24708c,19:28 2025-10-11
ETHFIUSDT,Trade,0.9,1.144,1.2445,5.5E-4,5.6628E-4,USDT,0.00056628,Long,Market, d0f045e8, 2f24708c,19:28 2025-10-11
ETHFIUSDT,Trade,6.6,1.144,1.2445,5.5E-4,0.00415272,USDT,0.00415272,Long,Market, 184725d6, 2f24708c,19:28 2025-10-11
ETHFIUSDT,Trade,70.1,1.144,1.2445,5.5E-4,0.04410692,USDT,0.04410692,Long,Market, 2afca7ff, 2f24708c,19:28 2025-10-11
ETHFIUSDT,Trade,6.6,1.144,1.2445,5.5E-4,0.00415272,USDT,0.00415272,Long,Market, d88a97ec, 2f24708c,19:28 2025-10-11
ETHFIUSDT,Trade,81.6,1.1439,1.2445,5.5E-4,0.05133824,USDT,0.05133824,Long,Market, 8a82f2e0, 2f24708c,19:28 2025-10-11
ETHFIUSDT,Trade,73.5,1.1439,1.2445,5.5E-4,0.04624216,USDT,0.04624216,Long,Market, c8933278, 2f24708c,19:28 2025-10-11
ETHFIUSDT,Trade,144.7,1.1439,1.2445,5.5E-4,0.09103729,USDT,0.09103729,Long,Market, 9353c951, 2f24708c,19:28 2025-10-11
ETHFIUSDT,Trade,70.1,1.1439,1.2445,5.5E-4,0.04410307,USDT,0.04410307,Long,Market, f42a3bee, 2f24708c,19:28 2025-10-11
ETHFIUSDT,Trade,6.6,1.1439,1.2445,5.5E-4,0.00415236,USDT,0.00415236,Long,Market, 81c50e71, 2f24708c,19:28 2025-10-11
ETHFIUSDT,Trade,39.0,1.1438,1.2445,5.5E-4,0.02453451,USDT,0.02453451,Long,Market, 8be3db9c, 2f24708c,19:28 2025-10-11
ETHFIUSDT,Trade,81.6,1.1438,1.2445,5.5E-4,0.05133375,USDT,0.05133375,Long,Market, 38350eab, 2f24708c,19:28 2025-10-11
ETHFIUSDT,Trade,73.5,1.1438,1.2445,5.5E-4,0.04623812,USDT,0.04623812,Long,Market, 4c28f449, 2f24708c,19:28 2025-10-11
ETHFIUSDT,Trade,59.8,1.1438,1.2445,5.5E-4,0.03761959,USDT,0.03761959,Long,Market, 3eaebc1c, 2f24708c,19:28 2025-10-11
ETHFIUSDT,Trade,70.1,1.1438,1.2445,5.5E-4,0.04409921,USDT,0.04409921,Long,Market, b56d9783, 2f24708c,19:28 2025-10-11
ETHFIUSDT,Trade,6.6,1.1438,1.2445,5.5E-4,0.004152,USDT,0.004152,Long,Market, 966d034d, 2f24708c,19:28 2025-10-11
ETHFIUSDT,Trade,81.6,1.1437,1.2445,5.5E-4,0.05132926,USDT,0.05132926,Long,Market, d7c71dd8, 2f24708c,19:28 2025-10-11
ETHFIUSDT,Trade,69.7,1.1437,1.2445,5.5E-4,0.04384374,USDT,0.04384374,Long,Market, 883531c9, 2f24708c,19:28 2025-10-11
ETHFIUSDT,Trade,6.6,1.1437,1.2445,5.5E-4,0.00415164,USDT,0.00415164,Long,Market, c7d68d9e, 2f24708c,19:28 2025-10-11
ETHFIUSDT,Trade,69.7,1.1436,1.2445,5.5E-4,0.04383991,USDT,0.04383991,Long,Market, 5a120886, 2f24708c,19:28 2025-10-11
ETHFIUSDT,Trade,6.6,1.1436,1.2445,5.5E-4,0.00415127,USDT,0.00415127,Long,Market, 127a40e2, 2f24708c,19:28 2025-10-11
ETHFIUSDT,Trade,69.7,1.1435,1.2445,5.5E-4,0.04383608,USDT,0.04383608,Long,Market, 9f604ff4, 2f24708c,19:28 2025-10-11
ETHFIUSDT,Trade,6.6,1.1435,1.2445,5.5E-4,0.00415091,USDT,0.00415091,Long,Market, c6950310, 2f24708c,19:28 2025-10-11
ETHFIUSDT,Trade,60.9,1.1434,1.2445,5.5E-4,0.03829819,USDT,0.03829819,Long,Market, e215c527, 2f24708c,19:28 2025-10-11
ETHFIUSDT,Trade,69.6,1.1434,1.2445,5.5E-4,0.04376936,USDT,0.04376936,Long,Market, 3f968701, 2f24708c,19:28 2025-10-11
ETHFIUSDT,Trade,6.6,1.1434,1.2445,5.5E-4,0.00415055,USDT,0.00415055,Long,Market, f573668b, 2f24708c,19:28 2025-10-11
ETHFIUSDT,Trade,6.6,1.1434,1.2445,5.5E-4,0.00415055,USDT,0.00415055,Long,Market, 87a8d837, 2f24708c,19:28 2025-10-11
ETHFIUSDT,Trade,6.6,1.1433,1.2445,5.5E-4,0.00415018,USDT,0.00415018,Long,Market, a8cd3d19, 2f24708c,19:28 2025-10-11
ETHFIUSDT,Trade,40.5,1.1433,1.2445,5.5E-4,0.02546701,USDT,0.02546701,Long,Market, 5d0a9729, 2f24708c,19:28 2025-10-11
ETHFIUSDT,Trade,58.7,1.1432,1.2445,5.5E-4,0.03690822,USDT,0.03690822,Long,Market, 4dfdcb74, 2f24708c,19:28 2025-10-11
ETHFIUSDT,Trade,448.1,1.1436,1.2506,5.5E-4,0.28184594,USDT,0.28184594,Long,Market, 543d056d, df1783c3,19:28 2025-10-11
ETHFIUSDT,Trade,69.9,1.1436,1.2506,5.5E-4,0.04396571,USDT,0.04396571,Long,Market, e0956af0, df1783c3,19:28 2025-10-11
ETHFIUSDT,Trade,6.6,1.1436,1.2506,5.5E-4,0.00415127,USDT,0.00415127,Long,Market, 801820ea, df1783c3,19:28 2025-10-11
ETHFIUSDT,Trade,87.2,1.1435,1.2506,5.5E-4,0.05484226,USDT,0.05484226,Long,Market, 7e8fcf18, df1783c3,19:28 2025-10-11
ETHFIUSDT,Trade,144.7,1.1435,1.2506,5.5E-4,0.09100545,USDT,0.09100545,Long,Market, 950b93c7, df1783c3,19:28 2025-10-11
ETHFIUSDT,Trade,69.9,1.1435,1.2506,5.5E-4,0.04396186,USDT,0.04396186,Long,Market, f478c21f, df1783c3,19:28 2025-10-11
ETHFIUSDT,Trade,83.0,1.1435,1.2506,5.5E-4,0.05220078,USDT,0.05220078,Long,Market, 230bf74c, df1783c3,19:28 2025-10-11
ETHFIUSDT,Trade,6.6,1.1435,1.2506,5.5E-4,0.00415091,USDT,0.00415091,Long,Market, c9ced00e, df1783c3,19:28 2025-10-11
ETHFIUSDT,Trade,40.0,1.1435,1.2506,5.5E-4,0.025157,USDT,0.025157,Long,Market, 7090e5ae, df1783c3,19:28 2025-10-11
ETHFIUSDT,Trade,64.3,1.1435,1.2506,5.5E-4,0.04043988,USDT,0.04043988,Long,Market, 191363d2, df1783c3,19:28 2025-10-11
ETHFIUSDT,Trade,69.9,1.1434,1.2506,5.5E-4,0.04395802,USDT,0.04395802,Long,Market, 0c1081c4, df1783c3,19:28 2025-10-11
ETHFIUSDT,Trade,83.0,1.1434,1.2506,5.5E-4,0.05219621,USDT,0.05219621,Long,Market, ec25055d, df1783c3,19:28 2025-10-11
ETHFIUSDT,Trade,6.6,1.1434,1.2506,5.5E-4,0.00415055,USDT,0.00415055,Long,Market, 621c3224, df1783c3,19:28 2025-10-11
ETHFIUSDT,Trade,6.6,1.1434,1.2506,5.5E-4,0.00415055,USDT,0.00415055,Long,Market, 922eed65, df1783c3,19:28 2025-10-11
ETHFIUSDT,Trade,40.0,1.1434,1.2506,5.5E-4,0.0251548,USDT,0.0251548,Long,Market, 7fdbfbe5, df1783c3,19:28 2025-10-11
ETHFIUSDT,Trade,144.7,1.1433,1.2506,5.5E-4,0.09098954,USDT,0.09098954,Long,Market, edef3d02, df1783c3,19:28 2025-10-11
ETHFIUSDT,Trade,69.8,1.1433,1.2506,5.5E-4,0.04389129,USDT,0.04389129,Long,Market, 9a504a4a, df1783c3,19:28 2025-10-11
ETHFIUSDT,Trade,6.6,1.1433,1.2506,5.5E-4,0.00415018,USDT,0.00415018,Long,Market, 42213c4d, df1783c3,19:28 2025-10-11
ETHFIUSDT,Trade,39.8,1.1432,1.2506,5.5E-4,0.02502465,USDT,0.02502465,Long,Market, faafbe5d, df1783c3,19:28 2025-10-11
ETHFIUSDT,Trade,57.6,1.1432,1.2506,5.5E-4,0.03621658,USDT,0.03621658,Long,Market, 70c6b49b, df1783c3,19:28 2025-10-11
ETHFIUSDT,Trade,83.0,1.1432,1.2506,5.5E-4,0.05218708,USDT,0.05218708,Long,Market, 004b8744, df1783c3,19:28 2025-10-11
ETHFIUSDT,Trade,69.8,1.1432,1.2506,5.5E-4,0.04388745,USDT,0.04388745,Long,Market, ffbf63f8, df1783c3,19:28 2025-10-11
ETHFIUSDT,Trade,6.6,1.1432,1.2506,5.5E-4,0.00414982,USDT,0.00414982,Long,Market, 54820f61, df1783c3,19:28 2025-10-11
ETHFIUSDT,Trade,23.1,1.1432,1.2506,5.5E-4,0.01452436,USDT,0.01452436,Long,Market, d6f0828d, df1783c3,19:28 2025-10-11
ETHFIUSDT,Trade,50.8,1.1431,1.2506,5.5E-4,0.03193822,USDT,0.03193822,Long,Market, 06d85ade, df1783c3,19:28 2025-10-11
ETHFIUSDT,Trade,69.8,1.1431,1.2506,5.5E-4,0.04388361,USDT,0.04388361,Long,Market, 880f1c82, df1783c3,19:28 2025-10-11
ETHFIUSDT,Trade,12.3,1.1431,1.2506,5.5E-4,0.00773308,USDT,0.00773308,Long,Market, e74838f7, df1783c3,19:28 2025-10-11
ETHFIUSDT,Trade,6.6,1.1431,1.2506,5.5E-4,0.00414946,USDT,0.00414946,Long,Market, a321e45d, df1783c3,19:28 2025-10-11
ETHFIUSDT,Trade,64.3,1.1431,1.2506,5.5E-4,0.04042574,USDT,0.04042574,Long,Market, 63ae882a, df1783c3,19:28 2025-10-11
ETHFIUSDT,Trade,69.8,1.143,1.2506,5.5E-4,0.04387977,USDT,0.04387977,Long,Market, d0f50dd4, df1783c3,19:28 2025-10-11
ETHFIUSDT,Trade,83.0,1.143,1.2506,5.5E-4,0.05217795,USDT,0.05217795,Long,Market, 27d9c5a9, df1783c3,19:28 2025-10-11
ETHFIUSDT,Trade,8.3,1.143,1.2506,5.5E-4,0.0052178,USDT,0.0052178,Long,Market, f1cb301c, df1783c3,19:28 2025-10-11
ETHFIUSDT,Trade,6.6,1.143,1.2506,5.5E-4,0.00414909,USDT,0.00414909,Long,Market, f1a910b5, df1783c3,19:28 2025-10-11
ETHFIUSDT,Trade,144.7,1.1429,1.2506,5.5E-4,0.0909577,USDT,0.0909577,Long,Market, cd9236f4, df1783c3,19:28 2025-10-11
ETHFIUSDT,Trade,257.6,1.1429,1.2506,5.5E-4,0.16192608,USDT,0.16192608,Long,Market, 17cef8c2, df1783c3,19:28 2025-10-11
ETHFIUSDT,Trade,69.8,1.1429,1.2506,5.5E-4,0.04387594,USDT,0.04387594,Long,Market, 498a0030, df1783c3,19:28 2025-10-11
ETHFIUSDT,Trade,6.6,1.1429,1.2506,5.5E-4,0.00414873,USDT,0.00414873,Long,Market, bcb096f1, df1783c3,19:28 2025-10-11
ETHFIUSDT,Trade,64.3,1.1429,1.2506,5.5E-4,0.04041866,USDT,0.04041866,Long,Market, 5a67ecd7, df1783c3,19:28 2025-10-11
ETHFIUSDT,Trade,55.4,1.1428,1.2506,5.5E-4,0.03482112,USDT,0.03482112,Long,Market, 0258734e, df1783c3,19:28 2025-10-11
ETHFIUSDT,Trade,69.8,1.1428,1.2506,5.5E-4,0.0438721,USDT,0.0438721,Long,Market, 5c5d0ca8, df1783c3,19:28 2025-10-11
ETHFIUSDT,Trade,6.6,1.1428,1.2506,5.5E-4,0.00414837,USDT,0.00414837,Long,Market, e14d3724, df1783c3,19:28 2025-10-11
ETHFIUSDT,Trade,8.3,1.1428,1.2506,5.5E-4,0.00521689,USDT,0.00521689,Long,Market, fdfc67be, df1783c3,19:28 2025-10-11
ETHFIUSDT,Trade,26.8,1.1427,1.2506,5.5E-4,0.0168434,USDT,0.0168434,Long,Market, 4a61fcec, df1783c3,19:28 2025-10-11
ETHFIUSDT,Trade,69.8,1.1427,1.2506,5.5E-4,0.04386826,USDT,0.04386826,Long,Market, ec8a126b, df1783c3,19:28 2025-10-11
ETHFIUSDT,Trade,23.1,1.1427,1.2506,5.5E-4,0.01451801,USDT,0.01451801,Long,Market, fa3c467e, df1783c3,19:28 2025-10-11
ETHFIUSDT,Trade,61.1,1.1427,1.2506,5.5E-4,0.03840044,USDT,0.03840044,Long,Market, f677f61f, df1783c3,19:28 2025-10-11
ETHFIUSDT,Trade,6.6,1.1427,1.2506,5.5E-4,0.00414801,USDT,0.00414801,Long,Market, 0ce44c04, df1783c3,19:28 2025-10-11
ETHFIUSDT,Trade,64.3,1.1427,1.2506,5.5E-4,0.04041159,USDT,0.04041159,Long,Market, b6fc424e, df1783c3,19:28 2025-10-11
ETHFIUSDT,Trade,6.6,1.1426,1.2506,5.5E-4,0.00414764,USDT,0.00414764,Long,Market, 407c7a51, df1783c3,19:28 2025-10-11
ETHFIUSDT,Trade,26.6,1.1426,1.2506,5.5E-4,0.01671624,USDT,0.01671624,Long,Market, 3ccb974b, df1783c3,19:28 2025-10-11
ETHFIUSDT,Trade,64.0,1.1425,1.2506,5.5E-4,0.040216,USDT,0.040216,Long,Market, 428fe17d, df1783c3,19:28 2025-10-11
ETHFIUSDT,Trade,14.9,1.1364,1.0554,5.5E-4,0.0093128,USDT,0.0093128,Short,Market, b9f63c6c, c40c67af,19:27 2025-10-11
ETHFIUSDT,Trade,6.6,1.1365,1.0554,5.5E-4,0.0041255,USDT,0.0041255,Short,Market, b11205a7, c40c67af,19:27 2025-10-11
ETHFIUSDT,Trade,29.5,1.1365,1.0554,5.5E-4,0.01843972,USDT,0.01843972,Short,Market, e2989159, c40c67af,19:27 2025-10-11
ETHFIUSDT,Trade,26.0,1.1365,1.0554,5.5E-4,0.01625195,USDT,0.01625195,Short,Market, ad36a920, c40c67af,19:27 2025-10-11
ETHFIUSDT,Trade,74.0,1.1365,1.0554,5.5E-4,0.04625555,USDT,0.04625555,Short,Market, 03aab949, c40c67af,19:27 2025-10-11
ETHFIUSDT,Trade,144.7,1.1366,1.0554,5.5E-4,0.09045632,USDT,0.09045632,Short,Market, 854a22c4, c40c67af,19:27 2025-10-11
ETHFIUSDT,Trade,671.5,1.1366,1.0554,5.5E-4,0.4197748,USDT,0.4197748,Short,Market, d25b23a5, c40c67af,19:27 2025-10-11
ETHFIUSDT,Trade,6.6,1.1366,1.0554,5.5E-4,0.00412586,USDT,0.00412586,Short,Market, 95f826e7, c40c67af,19:27 2025-10-11
ETHFIUSDT,Trade,85.7,1.1366,1.0554,5.5E-4,0.05357365,USDT,0.05357365,Short,Market, f02c3d6a, c40c67af,19:27 2025-10-11
ETHFIUSDT,Trade,6.6,1.1366,1.0554,5.5E-4,0.00412586,USDT,0.00412586,Short,Market, 228add65, c40c67af,19:27 2025-10-11
ETHFIUSDT,Trade,74.0,1.1366,1.0554,5.5E-4,0.04625962,USDT,0.04625962,Short,Market, cf24b183, c40c67af,19:27 2025-10-11
ETHFIUSDT,Trade,6.6,1.1367,1.0554,5.5E-4,0.00412623,USDT,0.00412623,Short,Market, 1c944696, c40c67af,19:27 2025-10-11
ETHFIUSDT,Trade,74.0,1.1367,1.0554,5.5E-4,0.04626369,USDT,0.04626369,Short,Market, cf76cdc3, c40c67af,19:27 2025-10-11
ETHFIUSDT,Trade,47.0,1.1368,1.0554,5.5E-4,0.02938628,USDT,0.02938628,Short,Market, 8f04e16f, c40c67af,19:27 2025-10-11
ETHFIUSDT,Trade,6.6,1.1368,1.0554,5.5E-4,0.00412659,USDT,0.00412659,Short,Market, 3f99491b, c40c67af,19:27 2025-10-11
ETHFIUSDT,Trade,144.7,1.1368,1.0554,5.5E-4,0.09047223,USDT,0.09047223,Short,Market, 48640f9f, c40c67af,19:27 2025-10-11
ETHFIUSDT,Trade,85.7,1.1368,1.0554,5.5E-4,0.05358307,USDT,0.05358307,Short,Market, 7a4208e9, c40c67af,19:27 2025-10-11
ETHFIUSDT,Trade,0.9,1.1368,1.0554,5.5E-4,5.6272E-4,USDT,0.00056272,Short,Market, d80304d2, c40c67af,19:27 2025-10-11
ETHFIUSDT,Trade,74.0,1.1368,1.0554,5.5E-4,0.04626776,USDT,0.04626776,Short,Market, 14d26973, c40c67af,19:27 2025-10-11
ETHFIUSDT,Trade,22.0,1.1369,1.0554,5.5E-4,0.01375649,USDT,0.01375649,Short,Market, 494515b5, c40c67af,19:27 2025-10-11
ETHFIUSDT,Trade,83.9,1.1369,1.0554,5.5E-4,0.05246226,USDT,0.05246226,Short,Market, d64e0cd9, c40c67af,19:27 2025-10-11
ETHFIUSDT,Trade,6.6,1.1369,1.0554,5.5E-4,0.00412695,USDT,0.00412695,Short,Market, c1f5c24b, c40c67af,19:27 2025-10-11
ETHFIUSDT,Trade,74.0,1.1369,1.0554,5.5E-4,0.04627183,USDT,0.04627183,Short,Market, ff48b0a6, c40c67af,19:27 2025-10-11
ETHFIUSDT,Trade,83.8,1.137,1.0554,5.5E-4,0.05240433,USDT,0.05240433,Short,Market, 62e5a2a8, c40c67af,19:27 2025-10-11
ETHFIUSDT,Trade,6.6,1.137,1.0554,5.5E-4,0.00412731,USDT,0.00412731,Short,Market, 95e9adc3, c40c67af,19:27 2025-10-11
ETHFIUSDT,Trade,34.4,1.137,1.0554,5.5E-4,0.02151204,USDT,0.02151204,Short,Market, 5234024a, c40c67af,19:27 2025-10-11
ETHFIUSDT,Trade,74.0,1.137,1.0554,5.5E-4,0.0462759,USDT,0.0462759,Short,Market, a99fccd3, c40c67af,19:27 2025-10-11
ETHFIUSDT,Trade,83.8,1.1371,1.0554,5.5E-4,0.05240894,USDT,0.05240894,Short,Market, 44d6fe3c, c40c67af,19:27 2025-10-11
ETHFIUSDT,Trade,70.1,1.1371,1.0554,5.5E-4,0.0438409,USDT,0.0438409,Short,Market, 5ae2f25d, c40c67af,19:27 2025-10-11
ETHFIUSDT,Trade,6.6,1.1371,1.0554,5.5E-4,0.00412768,USDT,0.00412768,Short,Market, 7ab2c8a0, c40c67af,19:27 2025-10-11
ETHFIUSDT,Trade,43.8,1.1372,1.0554,5.5E-4,0.02739515,USDT,0.02739515,Short,Market, 21fd6b12, c40c67af,19:27 2025-10-11
ETHFIUSDT,Trade,43.0,1.1372,1.0554,5.5E-4,0.02689478,USDT,0.02689478,Short,Market, 5e2aaf8c, c40c67af,19:27 2025-10-11
ETHFIUSDT,Trade,70.1,1.1372,1.0554,5.5E-4,0.04384475,USDT,0.04384475,Short,Market, f40d5a83, c40c67af,19:27 2025-10-11
ETHFIUSDT,Trade,144.7,1.1372,1.0554,5.5E-4,0.09050407,USDT,0.09050407,Short,Market, 9317e9d8, c40c67af,19:27 2025-10-11
ETHFIUSDT,Trade,6.6,1.1372,1.0554,5.5E-4,0.00412804,USDT,0.00412804,Short,Market, a379af64, c40c67af,19:27 2025-10-11
ETHFIUSDT,Trade,6.6,1.1372,1.0554,5.5E-4,0.00412804,USDT,0.00412804,Short,Market, c1dc5b2c, c40c67af,19:27 2025-10-11
ETHFIUSDT,Trade,50.8,1.1373,1.0554,5.5E-4,0.03177617,USDT,0.03177617,Short,Market, 4f1f7071, c40c67af,19:27 2025-10-11
ETHFIUSDT,Trade,70.0,1.1373,1.0554,5.5E-4,0.04378605,USDT,0.04378605,Short,Market, 1e33307d, c40c67af,19:27 2025-10-11
ETHFIUSDT,Trade,83.8,1.1373,1.0554,5.5E-4,0.05241816,USDT,0.05241816,Short,Market, 8d36575c, c40c67af,19:27 2025-10-11
ETHFIUSDT,Trade,6.6,1.1373,1.0554,5.5E-4,0.0041284,USDT,0.0041284,Short,Market, aa918db0, c40c67af,19:27 2025-10-11
ETHFIUSDT,Trade,83.8,1.1374,1.0554,5.5E-4,0.05242277,USDT,0.05242277,Short,Market, 18e25290, c40c67af,19:27 2025-10-11
ETHFIUSDT,Trade,70.0,1.1374,1.0554,5.5E-4,0.0437899,USDT,0.0437899,Short,Market, fc460a99, c40c67af,19:27 2025-10-11
ETHFIUSDT,Trade,6.6,1.1374,1.0554,5.5E-4,0.00412877,USDT,0.00412877,Short,Market, 01d51fd1, c40c67af,19:27 2025-10-11
ETHFIUSDT,Trade,31.6,1.1375,1.0554,5.5E-4,0.01976975,USDT,0.01976975,Short,Market, d07aa93c, c40c67af,19:27 2025-10-11
ETHFIUSDT,Trade,70.0,1.1375,1.0554,5.5E-4,0.04379375,USDT,0.04379375,Short,Market, 94cf40ae, c40c67af,19:27 2025-10-11
ETHFIUSDT,Trade,6.6,1.1375,1.0554,5.5E-4,0.00412913,USDT,0.00412913,Short,Market, f6cf30a6, c40c67af,19:27 2025-10-11
ETHFIUSDT,Trade,61.4,1.1376,1.0554,5.5E-4,0.03841676,USDT,0.03841676,Short,Market, 997409db, c40c67af,19:27 2025-10-11
ETHFIUSDT,Trade,6.6,1.1376,1.0554,5.5E-4,0.00412949,USDT,0.00412949,Short,Market, 4c5ec6df, c40c67af,19:27 2025-10-11
ETHFIUSDT,Trade,6.6,1.1377,1.0554,5.5E-4,0.00412986,USDT,0.00412986,Short,Market, 9f893411, c40c67af,19:27 2025-10-11
ETHFIUSDT,Trade,87.0,1.1378,1.0554,5.5E-4,0.05444373,USDT,0.05444373,Short,Market, e8246c78, c40c67af,19:27 2025-10-11
ETHFIUSDT,Trade,42.7,1.1378,1.0554,5.5E-4,0.02672124,USDT,0.02672124,Short,Market, c4f675bf, c40c67af,19:27 2025-10-11
ETHFIUSDT,Trade,6.6,1.1378,1.0554,5.5E-4,0.00413022,USDT,0.00413022,Short,Market, 05ebbf7f, c40c67af,19:27 2025-10-11
ETHFIUSDT,Trade,54.3,1.1372,1.2436,5.5E-4,0.03396248,USDT,0.03396248,Long,Market, e0cc4368, ed1506db,19:25 2025-10-11
ETHFIUSDT,Trade,134.3,1.1372,1.2436,5.5E-4,0.08399928,USDT,0.08399928,Long,Market, fb45281f, ed1506db,19:25 2025-10-11
ETHFIUSDT,Trade,71.9,1.1372,1.2436,5.5E-4,0.04497058,USDT,0.04497058,Long,Market, 31f86dc2, ed1506db,19:25 2025-10-11
ETHFIUSDT,Trade,85.0,1.1372,1.2436,5.5E-4,0.0531641,USDT,0.0531641,Long,Market, 74ae40e5, ed1506db,19:25 2025-10-11
ETHFIUSDT,Trade,85.7,1.1371,1.2436,5.5E-4,0.05359721,USDT,0.05359721,Long,Market, 59cac7d6, ed1506db,19:25 2025-10-11
ETHFIUSDT,Trade,144.7,1.1371,1.2436,5.5E-4,0.09049611,USDT,0.09049611,Long,Market, ab96ee76, ed1506db,19:25 2025-10-11
ETHFIUSDT,Trade,71.9,1.1371,1.2436,5.5E-4,0.04496662,USDT,0.04496662,Long,Market, 8e971d3d, ed1506db,19:25 2025-10-11
ETHFIUSDT,Trade,84.9,1.1371,1.2436,5.5E-4,0.05309689,USDT,0.05309689,Long,Market, 1dce7b68, ed1506db,19:25 2025-10-11
ETHFIUSDT,Trade,53.0,1.137,1.2436,5.5E-4,0.03314355,USDT,0.03314355,Long,Market, be9e3c90, ed1506db,19:25 2025-10-11
ETHFIUSDT,Trade,133.4,1.137,1.2436,5.5E-4,0.08342169,USDT,0.08342169,Long,Market, 6327e4d9, ed1506db,19:25 2025-10-11
ETHFIUSDT,Trade,71.9,1.137,1.2436,5.5E-4,0.04496267,USDT,0.04496267,Long,Market, cda06c1e, ed1506db,19:25 2025-10-11
ETHFIUSDT,Trade,6.7,1.1369,1.2436,5.5E-4,0.00418948,USDT,0.00418948,Long,Market, c176eaae, ed1506db,19:25 2025-10-11
ETHFIUSDT,Trade,69.8,1.1369,1.2436,5.5E-4,0.0436456,USDT,0.0436456,Long,Market, a3a1284a, ed1506db,19:25 2025-10-11
ETHFIUSDT,Trade,71.9,1.1369,1.2436,5.5E-4,0.04495872,USDT,0.04495872,Long,Market, 0f489128, ed1506db,19:25 2025-10-11
ETHFIUSDT,Trade,84.8,1.1369,1.2436,5.5E-4,0.05302502,USDT,0.05302502,Long,Market, c4b8a94e, ed1506db,19:25 2025-10-11
ETHFIUSDT,Trade,6.7,1.1368,1.2436,5.5E-4,0.00418911,USDT,0.00418911,Long,Market, 5f5b70d0, ed1506db,19:25 2025-10-11
ETHFIUSDT,Trade,87.9,1.1368,1.2436,5.5E-4,0.0549586,USDT,0.0549586,Long,Market, 703f5263, ed1506db,19:25 2025-10-11
ETHFIUSDT,Trade,87.6,1.1368,1.2436,5.5E-4,0.05477103,USDT,0.05477103,Long,Market, 90d6e9a0, ed1506db,19:25 2025-10-11
ETHFIUSDT,Trade,71.9,1.1368,1.2436,5.5E-4,0.04495476,USDT,0.04495476,Long,Market, 68faed64, ed1506db,19:25 2025-10-11
ETHFIUSDT,Trade,6.7,1.1368,1.2436,5.5E-4,0.00418911,USDT,0.00418911,Long,Market, 6fcccf2f, ed1506db,19:25 2025-10-11
ETHFIUSDT,Trade,0.9,1.1368,1.2436,5.5E-4,5.6272E-4,USDT,0.00056272,Long,Market, 38d36240, ed1506db,19:25 2025-10-11
ETHFIUSDT,Trade,153.6,1.1367,1.2436,5.5E-4,0.09602842,USDT,0.09602842,Long,Market, 11cac2ca, ed1506db,19:25 2025-10-11
ETHFIUSDT,Trade,6.7,1.1367,1.2436,5.5E-4,0.00418874,USDT,0.00418874,Long,Market, 9d9a29c5, ed1506db,19:25 2025-10-11
ETHFIUSDT,Trade,71.9,1.1367,1.2436,5.5E-4,0.04495081,USDT,0.04495081,Long,Market, 9b42bf0c, ed1506db,19:25 2025-10-11
ETHFIUSDT,Trade,4.4,1.1367,1.2436,5.5E-4,0.00275082,USDT,0.00275082,Long,Market, 61c14cb3, ed1506db,19:25 2025-10-11
ETHFIUSDT,Trade,85.0,1.1367,1.2436,5.5E-4,0.05314073,USDT,0.05314073,Long,Market, 6d61038a, ed1506db,19:25 2025-10-11
ETHFIUSDT,Trade,40.3,1.1366,1.2436,5.5E-4,0.02519274,USDT,0.02519274,Long,Market, 846fe66c, ed1506db,19:25 2025-10-11
ETHFIUSDT,Trade,89.0,1.1366,1.2436,5.5E-4,0.05563657,USDT,0.05563657,Long,Market, e2634a92, ed1506db,19:25 2025-10-11
ETHFIUSDT,Trade,6.7,1.1366,1.2436,5.5E-4,0.00418838,USDT,0.00418838,Long,Market, 2e83aaa5, ed1506db,19:25 2025-10-11
ETHFIUSDT,Trade,71.9,1.1366,1.2436,5.5E-4,0.04494685,USDT,0.04494685,Long,Market, 5e5c7608, ed1506db,19:25 2025-10-11
ETHFIUSDT,Trade,6.7,1.1365,1.2436,5.5E-4,0.00418801,USDT,0.00418801,Long,Market, 3999a19f, ed1506db,19:25 2025-10-11
ETHFIUSDT,Trade,307.2,1.1365,1.2436,5.5E-4,0.19202304,USDT,0.19202304,Long,Market, 44256683, ed1506db,19:25 2025-10-11
ETHFIUSDT,Trade,85.7,1.1365,1.2436,5.5E-4,0.05356893,USDT,0.05356893,Long,Market, 58d36fe8, ed1506db,19:25 2025-10-11
ETHFIUSDT,Trade,71.9,1.1365,1.2436,5.5E-4,0.0449429,USDT,0.0449429,Long,Market, a6d7c3b5, ed1506db,19:25 2025-10-11
ETHFIUSDT,Trade,186.3,1.1364,1.2436,5.5E-4,0.11644123,USDT,0.11644123,Long,Market, badf351c, ed1506db,19:25 2025-10-11
ETHFIUSDT,Trade,84.5,1.1364,1.2436,5.5E-4,0.05281419,USDT,0.05281419,Long,Market, 7246eafd, ed1506db,19:25 2025-10-11
ETHFIUSDT,Trade,6.7,1.1364,1.2436,5.5E-4,0.00418764,USDT,0.00418764,Long,Market, c2541e71, ed1506db,19:25 2025-10-11
ETHFIUSDT,Trade,71.9,1.1364,1.2436,5.5E-4,0.04493894,USDT,0.04493894,Long,Market, 42c181ee, ed1506db,19:25 2025-10-11
ETHFIUSDT,Trade,86.3,1.1363,1.2436,5.5E-4,0.05393448,USDT,0.05393448,Long,Market, 083c5e94, ed1506db,19:25 2025-10-11
ETHFIUSDT,Trade,74.3,1.1363,1.2436,5.5E-4,0.0464349,USDT,0.0464349,Long,Market, 4f573f5c, ed1506db,19:25 2025-10-11
ETHFIUSDT,Trade,6.7,1.1363,1.2436,5.5E-4,0.00418727,USDT,0.00418727,Long,Market, bfd2c889, ed1506db,19:25 2025-10-11
ETHFIUSDT,Trade,74.3,1.1362,1.2436,5.5E-4,0.04643082,USDT,0.04643082,Long,Market, c8389b6c, ed1506db,19:25 2025-10-11
ETHFIUSDT,Trade,6.7,1.1362,1.2436,5.5E-4,0.0041869,USDT,0.0041869,Long,Market, e4b68add, ed1506db,19:25 2025-10-11
ETHFIUSDT,Trade,6.7,1.1362,1.2436,5.5E-4,0.0041869,USDT,0.0041869,Long,Market, 9a6e3dc4, ed1506db,19:25 2025-10-11
ETHFIUSDT,Trade,6.7,1.1361,1.2436,5.5E-4,0.00418653,USDT,0.00418653,Long,Market, 76b64770, ed1506db,19:25 2025-10-11
ETHFIUSDT,Trade,43.6,1.136,1.2436,5.5E-4,0.02724128,USDT,0.02724128,Long,Market, 26e5f953, ed1506db,19:25 2025-10-11
ETHFIUSDT,Trade,6.7,1.136,1.2436,5.5E-4,0.00418616,USDT,0.00418616,Long,Market, d2f5625c, ed1506db,19:25 2025-10-11
ETHFIUSDT,Trade,0.9,1.1359,1.2436,5.5E-4,5.6228E-4,USDT,0.00056228,Long,Market, 66af35b1, ed1506db,19:25 2025-10-11
ETHFIUSDT,Trade,1611.5,1.1304,1.0495,5.5E-4,1.00190178,USDT,1.00190178,Short,Market, 97c265cb, 988b5d9a,19:24 2025-10-11
ETHFIUSDT,Trade,86.9,1.1304,1.0495,5.5E-4,0.05402747,USDT,0.05402747,Short,Market, 3176d42f, 988b5d9a,19:24 2025-10-11
ETHFIUSDT,Trade,72.2,1.1304,1.0495,5.5E-4,0.04488819,USDT,0.04488819,Short,Market, a8640eb1, 988b5d9a,19:24 2025-10-11
ETHFIUSDT,Trade,6.7,1.1304,1.0495,5.5E-4,0.00416553,USDT,0.00416553,Short,Market, 375d38ec, 988b5d9a,19:24 2025-10-11
ETHFIUSDT,Trade,40.0,1.1305,1.0495,5.5E-4,0.024871,USDT,0.024871,Short,Market, 8bc787f5, 988b5d9a,19:24 2025-10-11
ETHFIUSDT,Trade,72.0,1.1305,1.0495,5.5E-4,0.0447678,USDT,0.0447678,Short,Market, a2b787ef, 988b5d9a,19:24 2025-10-11
ETHFIUSDT,Trade,0.9,1.1305,1.0495,5.5E-4,5.596E-4,USDT,0.0005596,Short,Market, 62997177, 988b5d9a,19:24 2025-10-11
ETHFIUSDT,Trade,6.7,1.1305,1.0495,5.5E-4,0.0041659,USDT,0.0041659,Short,Market, f7bdcc43, 988b5d9a,19:24 2025-10-11
ETHFIUSDT,Trade,50.4,1.1306,1.0495,5.5E-4,0.03134024,USDT,0.03134024,Short,Market, 737b97a3, 988b5d9a,19:24 2025-10-11
ETHFIUSDT,Trade,72.0,1.1306,1.0495,5.5E-4,0.04477176,USDT,0.04477176,Short,Market, 5c7b5ff5, 988b5d9a,19:24 2025-10-11
ETHFIUSDT,Trade,86.8,1.1306,1.0495,5.5E-4,0.05397485,USDT,0.05397485,Short,Market, 7e0465dd, 988b5d9a,19:24 2025-10-11
ETHFIUSDT,Trade,6.7,1.1306,1.0495,5.5E-4,0.00416627,USDT,0.00416627,Short,Market, 75dfd8d7, 988b5d9a,19:24 2025-10-11
ETHFIUSDT,Trade,6.7,1.1306,1.0495,5.5E-4,0.00416627,USDT,0.00416627,Short,Market, 7a9158cb, 988b5d9a,19:24 2025-10-11
ETHFIUSDT,Trade,63.7,1.1307,1.0495,5.5E-4,0.03961408,USDT,0.03961408,Short,Market, 6d87b2bf, 988b5d9a,19:24 2025-10-11
ETHFIUSDT,Trade,144.7,1.1307,1.0495,5.5E-4,0.08998676,USDT,0.08998676,Short,Market, 01458f4f, 988b5d9a,19:24 2025-10-11
ETHFIUSDT,Trade,40.0,1.1307,1.0495,5.5E-4,0.0248754,USDT,0.0248754,Short,Market, 00a5f589, 988b5d9a,19:24 2025-10-11
ETHFIUSDT,Trade,72.0,1.1307,1.0495,5.5E-4,0.04477572,USDT,0.04477572,Short,Market, ea4e535d, 988b5d9a,19:24 2025-10-11
ETHFIUSDT,Trade,6.7,1.1307,1.0495,5.5E-4,0.00416663,USDT,0.00416663,Short,Market, a4fe5b23, 988b5d9a,19:24 2025-10-11
ETHFIUSDT,Trade,63.7,1.1308,1.0495,5.5E-4,0.03961758,USDT,0.03961758,Short,Market, f0a55af8, 988b5d9a,19:24 2025-10-11
ETHFIUSDT,Trade,72.0,1.1308,1.0495,5.5E-4,0.04477968,USDT,0.04477968,Short,Market, 9beb7aa4, 988b5d9a,19:24 2025-10-11
ETHFIUSDT,Trade,86.8,1.1308,1.0495,5.5E-4,0.0539844,USDT,0.0539844,Short,Market, 1a52bf04, 988b5d9a,19:24 2025-10-11
ETHFIUSDT,Trade,144.7,1.1308,1.0495,5.5E-4,0.08999472,USDT,0.08999472,Short,Market, 9047d309, 988b5d9a,19:24 2025-10-11
ETHFIUSDT,Trade,6.7,1.1308,1.0495,5.5E-4,0.004167,USDT,0.004167,Short,Market, 710f05ef, 988b5d9a,19:24 2025-10-11
ETHFIUSDT,Trade,6.7,1.1309,1.0495,5.5E-4,0.00416737,USDT,0.00416737,Short,Market, acb44aa6, 988b5d9a,19:24 2025-10-11
ETHFIUSDT,Trade,64.3,1.1309,1.0495,5.5E-4,0.03999428,USDT,0.03999428,Short,Market, c3fbe8fe, 988b5d9a,19:24 2025-10-11
ETHFIUSDT,Trade,6.7,1.131,1.0495,5.5E-4,0.00416774,USDT,0.00416774,Short,Market, 99f3279c, 988b5d9a,19:24 2025-10-11
ETHFIUSDT,Trade,64.3,1.131,1.0495,5.5E-4,0.03999782,USDT,0.03999782,Short,Market, 16953e40, 988b5d9a,19:24 2025-10-11
ETHFIUSDT,Trade,6.7,1.1311,1.0495,5.5E-4,0.00416811,USDT,0.00416811,Short,Market, 9c2ea907, 988b5d9a,19:24 2025-10-11
ETHFIUSDT,Trade,88.2,1.1312,1.0495,5.5E-4,0.05487452,USDT,0.05487452,Short,Market, 8ff55eef, 988b5d9a,19:24 2025-10-11
ETHFIUSDT,Trade,87.8,1.1312,1.0495,5.5E-4,0.05462565,USDT,0.05462565,Short,Market, fc93d62f, 988b5d9a,19:24 2025-10-11
ETHFIUSDT,Trade,4.0,1.1312,1.0495,5.5E-4,0.00248864,USDT,0.00248864,Short,Market, 7eab99c5, 988b5d9a,19:24 2025-10-11
ETHFIUSDT,Trade,226.4,1.1314,1.2433,5.5E-4,0.14088193,USDT,0.14088193,Long,Market, 2d78a66d, 04231438,19:23 2025-10-11
ETHFIUSDT,Trade,0.9,1.1314,1.2433,5.5E-4,5.6005E-4,USDT,0.00056005,Long,Market, 40dbf59f, 04231438,19:23 2025-10-11
ETHFIUSDT,Trade,6.7,1.1314,1.2433,5.5E-4,0.00416921,USDT,0.00416921,Long,Market, cb971a56, 04231438,19:23 2025-10-11
ETHFIUSDT,Trade,86.1,1.1314,1.2433,5.5E-4,0.05357745,USDT,0.05357745,Long,Market, c8327af6, 04231438,19:23 2025-10-11
ETHFIUSDT,Trade,71.4,1.1314,1.2433,5.5E-4,0.04443008,USDT,0.04443008,Long,Market, c64f31a5, 04231438,19:23 2025-10-11
ETHFIUSDT,Trade,6.7,1.1314,1.2433,5.5E-4,0.00416921,USDT,0.00416921,Long,Market, 5f8b36dc, 04231438,19:23 2025-10-11
ETHFIUSDT,Trade,235.8,1.1313,1.2433,5.5E-4,0.1467183,USDT,0.1467183,Long,Market, d25f6d56, 04231438,19:23 2025-10-11
ETHFIUSDT,Trade,159.1,1.1313,1.2433,5.5E-4,0.09899441,USDT,0.09899441,Long,Market, 894dd9a7, 04231438,19:23 2025-10-11
ETHFIUSDT,Trade,6.7,1.1313,1.2433,5.5E-4,0.00416885,USDT,0.00416885,Long,Market, ec87b1a8, 04231438,19:23 2025-10-11
ETHFIUSDT,Trade,71.4,1.1313,1.2433,5.5E-4,0.04442616,USDT,0.04442616,Long,Market, 587d7944, 04231438,19:23 2025-10-11
ETHFIUSDT,Trade,86.1,1.1312,1.2433,5.5E-4,0.05356798,USDT,0.05356798,Long,Market, 26f21ada, 04231438,19:23 2025-10-11
ETHFIUSDT,Trade,71.3,1.1312,1.2433,5.5E-4,0.04436001,USDT,0.04436001,Long,Market, 85793e97, 04231438,19:23 2025-10-11
ETHFIUSDT,Trade,6.7,1.1312,1.2433,5.5E-4,0.00416848,USDT,0.00416848,Long,Market, 25815c23, 04231438,19:23 2025-10-11
ETHFIUSDT,Trade,36.1,1.1311,1.2433,5.5E-4,0.022458,USDT,0.022458,Long,Market, 1605633c, 04231438,19:23 2025-10-11
ETHFIUSDT,Trade,85.7,1.1311,1.2433,5.5E-4,0.0533144,USDT,0.0533144,Long,Market, e1d817dc, 04231438,19:23 2025-10-11
ETHFIUSDT,Trade,86.1,1.1311,1.2433,5.5E-4,0.05356325,USDT,0.05356325,Long,Market, a4ec9ae6, 04231438,19:23 2025-10-11
ETHFIUSDT,Trade,71.3,1.1311,1.2433,5.5E-4,0.04435609,USDT,0.04435609,Long,Market, b2b15003, 04231438,19:23 2025-10-11
ETHFIUSDT,Trade,6.7,1.1311,1.2433,5.5E-4,0.00416811,USDT,0.00416811,Long,Market, c6388acd, 04231438,19:23 2025-10-11
ETHFIUSDT,Trade,86.4,1.131,1.2433,5.5E-4,0.05374512,USDT,0.05374512,Long,Market, d3ac62d0, 04231438,19:23 2025-10-11
ETHFIUSDT,Trade,71.3,1.131,1.2433,5.5E-4,0.04435217,USDT,0.04435217,Long,Market, 2f74a4c5, 04231438,19:23 2025-10-11
ETHFIUSDT,Trade,6.7,1.131,1.2433,5.5E-4,0.00416774,USDT,0.00416774,Long,Market, e0d9814d, 04231438,19:23 2025-10-11
ETHFIUSDT,Trade,63.4,1.1309,1.2433,5.5E-4,0.03943449,USDT,0.03943449,Long,Market, 83deee67, 04231438,19:23 2025-10-11
ETHFIUSDT,Trade,63.5,1.1309,1.2433,5.5E-4,0.03949669,USDT,0.03949669,Long,Market, 3a0707e7, 04231438,19:23 2025-10-11
ETHFIUSDT,Trade,71.3,1.1309,1.2433,5.5E-4,0.04434825,USDT,0.04434825,Long,Market, b8aee026, 04231438,19:23 2025-10-11
ETHFIUSDT,Trade,6.7,1.1309,1.2433,5.5E-4,0.00416737,USDT,0.00416737,Long,Market, dcf65ff6, 04231438,19:23 2025-10-11
ETHFIUSDT,Trade,26.4,1.1308,1.2433,5.5E-4,0.01641922,USDT,0.01641922,Long,Market, b4681111, 04231438,19:23 2025-10-11
ETHFIUSDT,Trade,6.7,1.1308,1.2433,5.5E-4,0.004167,USDT,0.004167,Long,Market, 359d704b, 04231438,19:23 2025-10-11
ETHFIUSDT,Trade,6.7,1.1308,1.2433,5.5E-4,0.004167,USDT,0.004167,Long,Market, daf6f407, 04231438,19:23 2025-10-11
ETHFIUSDT,Trade,6.7,1.1307,1.2433,5.5E-4,0.00416663,USDT,0.00416663,Long,Market, b24c743d, 04231438,19:23 2025-10-11
ETHFIUSDT,Trade,6.7,1.1306,1.2433,5.5E-4,0.00416627,USDT,0.00416627,Long,Market, 8a48b165, 04231438,19:23 2025-10-11
ETHFIUSDT,Trade,0.9,1.1305,1.2433,5.5E-4,5.596E-4,USDT,0.0005596,Long,Market, 10e63083, 04231438,19:23 2025-10-11
ETHFIUSDT,Trade,82.4,1.1408,1.0591,5.5E-4,0.05170106,USDT,0.05170106,Short,Market, 54ea216c, f7ab044a,19:18 2025-10-11
ETHFIUSDT,Trade,6.6,1.1408,1.0591,5.5E-4,0.00414111,USDT,0.00414111,Short,Market, 2b5421be, f7ab044a,19:18 2025-10-11
ETHFIUSDT,Trade,61.8,1.1408,1.0591,5.5E-4,0.0387758,USDT,0.0387758,Short,Market, 4195fef6, f7ab044a,19:18 2025-10-11
ETHFIUSDT,Trade,6.6,1.1408,1.0591,5.5E-4,0.00414111,USDT,0.00414111,Short,Market, a7ebed40, f7ab044a,19:18 2025-10-11
ETHFIUSDT,Trade,175.1,1.1409,1.0591,5.5E-4,0.10987438,USDT,0.10987438,Short,Market, aed630ba, f7ab044a,19:18 2025-10-11
ETHFIUSDT,Trade,6.6,1.1409,1.0591,5.5E-4,0.00414147,USDT,0.00414147,Short,Market, 50087577, f7ab044a,19:18 2025-10-11
ETHFIUSDT,Trade,6.6,1.141,1.0591,5.5E-4,0.00414183,USDT,0.00414183,Short,Market, 43960e2c, f7ab044a,19:18 2025-10-11
ETHFIUSDT,Trade,64.3,1.141,1.0591,5.5E-4,0.04035147,USDT,0.04035147,Short,Market, c47004c4, f7ab044a,19:18 2025-10-11
ETHFIUSDT,Trade,48.7,1.1411,1.0591,5.5E-4,0.03056437,USDT,0.03056437,Short,Market, 84c47359, f7ab044a,19:18 2025-10-11
ETHFIUSDT,Trade,277.5,1.1411,1.0591,5.5E-4,0.17416039,USDT,0.17416039,Short,Market, 015ff3bc, f7ab044a,19:18 2025-10-11
ETHFIUSDT,Trade,6.6,1.1411,1.0591,5.5E-4,0.0041422,USDT,0.0041422,Short,Market, 034b70f5, f7ab044a,19:18 2025-10-11
ETHFIUSDT,Trade,8.8,1.1411,1.0591,5.5E-4,0.00552293,USDT,0.00552293,Short,Market, b1a13943, f7ab044a,19:18 2025-10-11
ETHFIUSDT,Trade,94.4,1.1412,1.0591,5.5E-4,0.05925111,USDT,0.05925111,Short,Market, f834fe8e, f7ab044a,19:18 2025-10-11
ETHFIUSDT,Trade,6.6,1.1412,1.0591,5.5E-4,0.00414256,USDT,0.00414256,Short,Market, ec429d10, f7ab044a,19:18 2025-10-11
ETHFIUSDT,Trade,64.3,1.1412,1.0591,5.5E-4,0.04035854,USDT,0.04035854,Short,Market, 17acd606, f7ab044a,19:18 2025-10-11
ETHFIUSDT,Trade,63.0,1.1413,1.0591,5.5E-4,0.03954605,USDT,0.03954605,Short,Market, 8d5b26fc, f7ab044a,19:18 2025-10-11
ETHFIUSDT,Trade,6.6,1.1413,1.0591,5.5E-4,0.00414292,USDT,0.00414292,Short,Market, 2cbca394, f7ab044a,19:18 2025-10-11
ETHFIUSDT,Trade,64.3,1.1413,1.0591,5.5E-4,0.04036208,USDT,0.04036208,Short,Market, e6673d49, f7ab044a,19:18 2025-10-11
ETHFIUSDT,Trade,6.6,1.1414,1.0591,5.5E-4,0.00414329,USDT,0.00414329,Short,Market, 8eee2996, f7ab044a,19:18 2025-10-11
ETHFIUSDT,Trade,65.3,1.1414,1.0591,5.5E-4,0.04099339,USDT,0.04099339,Short,Market, fb42556d, f7ab044a,19:18 2025-10-11
ETHFIUSDT,Trade,94.4,1.1414,1.0591,5.5E-4,0.05926149,USDT,0.05926149,Short,Market, 3ddd1160, f7ab044a,19:18 2025-10-11
ETHFIUSDT,Trade,6.6,1.1414,1.0591,5.5E-4,0.00414329,USDT,0.00414329,Short,Market, 981e8cdd, f7ab044a,19:18 2025-10-11
ETHFIUSDT,Trade,64.3,1.1414,1.0591,5.5E-4,0.04036562,USDT,0.04036562,Short,Market, 3c8fa321, f7ab044a,19:18 2025-10-11
ETHFIUSDT,Trade,66.9,1.1415,1.0591,5.5E-4,0.0420015,USDT,0.0420015,Short,Market, 36a2fe85, f7ab044a,19:18 2025-10-11
ETHFIUSDT,Trade,69.8,1.1415,1.0591,5.5E-4,0.04382219,USDT,0.04382219,Short,Market, f45b5f6f, f7ab044a,19:18 2025-10-11
ETHFIUSDT,Trade,6.6,1.1415,1.0591,5.5E-4,0.00414365,USDT,0.00414365,Short,Market, 7fa1f4e0, f7ab044a,19:18 2025-10-11
ETHFIUSDT,Trade,94.3,1.1416,1.0591,5.5E-4,0.05920909,USDT,0.05920909,Short,Market, a8bfbc5c, f7ab044a,19:18 2025-10-11
ETHFIUSDT,Trade,6.6,1.1416,1.0591,5.5E-4,0.00414401,USDT,0.00414401,Short,Market, 177d0b83, f7ab044a,19:18 2025-10-11
ETHFIUSDT,Trade,6.6,1.1417,1.0591,5.5E-4,0.00414438,USDT,0.00414438,Short,Market, 29b030c4, f7ab044a,19:18 2025-10-11
ETHFIUSDT,Trade,64.3,1.1417,1.0591,5.5E-4,0.04037623,USDT,0.04037623,Short,Market, e2ac83ea, f7ab044a,19:18 2025-10-11
ETHFIUSDT,Trade,6.6,1.1418,1.0591,5.5E-4,0.00414474,USDT,0.00414474,Short,Market, 98504e4a, f7ab044a,19:18 2025-10-11
ETHFIUSDT,Trade,6.6,1.1419,1.0591,5.5E-4,0.0041451,USDT,0.0041451,Short,Market, d1898606, f7ab044a,19:18 2025-10-11
ETHFIUSDT,Trade,64.3,1.1419,1.0591,5.5E-4,0.0403833,USDT,0.0403833,Short,Market, e36d117a, f7ab044a,19:18 2025-10-11
ETHFIUSDT,Trade,64.0,1.142,1.0591,5.5E-4,0.0401984,USDT,0.0401984,Short,Market, 1b078b80, f7ab044a,19:18 2025-10-11
BNBUSDT,Trade,1.35,1160.2,1102.6,5.5E-4,0.8614485,USDT,0.8614485,Short,Market, b142d82e, 775e7e31,19:18 2025-10-11
BNBUSDT,Trade,0.01,1160.2,1102.6,5.5E-4,0.0063811,USDT,0.0063811,Short,Market, 69da71be, 775e7e31,19:18 2025-10-11
BNBUSDT,Trade,0.08,1160.2,1102.6,5.5E-4,0.0510488,USDT,0.0510488,Short,Market, 009295c0, 775e7e31,19:18 2025-10-11
BNBUSDT,Trade,0.02,1160.2,1102.6,5.5E-4,0.0127622,USDT,0.0127622,Short,Market, b0175be7, 775e7e31,19:18 2025-10-11
BNBUSDT,Trade,0.08,1160.3,1102.6,5.5E-4,0.0510532,USDT,0.0510532,Short,Market, eec2d819, 775e7e31,19:18 2025-10-11
BNBUSDT,Trade,0.44,1160.3,1102.6,5.5E-4,0.2807926,USDT,0.2807926,Short,Market, f5cf86dc, 775e7e31,19:18 2025-10-11
XRPUSDT,Trade,1118.8,2.425,2.3042,5.5E-4,1.4921995,USDT,1.4921995,Short,Market, 8d7ec971, e3e11f28,19:18 2025-10-11
ETHFIUSDT,Trade,264.5,1.1442,1.0413,5.5E-4,0.1664525,USDT,0.1664525,Short,Market, 61e4ec07, cb48d788,19:18 2025-10-11
ETHFIUSDT,Trade,93.2,1.1442,1.0413,5.5E-4,0.0586517,USDT,0.0586517,Short,Market, 2ccbf42e, cb48d788,19:18 2025-10-11
ETHFIUSDT,Trade,949.6,1.1443,1.0413,5.5E-4,0.59764501,USDT,0.59764501,Short,Market, 4ab5f24f, cb48d788,19:18 2025-10-11
ETHFIUSDT,Trade,93.2,1.1443,1.0413,5.5E-4,0.05865682,USDT,0.05865682,Short,Market, 4dcd6fe2, cb48d788,19:18 2025-10-11
ETHFIUSDT,Trade,6.6,1.1444,1.0413,5.5E-4,0.00415418,USDT,0.00415418,Short,Market, 3f9f74b5, cb48d788,19:18 2025-10-11
ETHFIUSDT,Trade,6.6,1.1444,1.0413,5.5E-4,0.00415418,USDT,0.00415418,Short,Market, 53c4108d, cb48d788,19:18 2025-10-11
ETHFIUSDT,Trade,93.1,1.1444,1.0413,5.5E-4,0.05859901,USDT,0.05859901,Short,Market, d5dc4b14, cb48d788,19:18 2025-10-11
ETHFIUSDT,Trade,152.7,1.1445,1.0413,5.5E-4,0.09612084,USDT,0.09612084,Short,Market, 03cee380, cb48d788,19:18 2025-10-11
ETHFIUSDT,Trade,175.1,1.1445,1.0413,5.5E-4,0.11022108,USDT,0.11022108,Short,Market, 0448f4f5, cb48d788,19:18 2025-10-11
ETHFIUSDT,Trade,6.6,1.1445,1.0413,5.5E-4,0.00415454,USDT,0.00415454,Short,Market, 29628f89, cb48d788,19:18 2025-10-11
ETHFIUSDT,Trade,6.0,1.1445,1.0413,5.5E-4,0.00377685,USDT,0.00377685,Short,Market, 0eb6f8e5, cb48d788,19:18 2025-10-11
ETHFIUSDT,Trade,6.6,1.1446,1.0413,5.5E-4,0.0041549,USDT,0.0041549,Short,Market, caab11dc, cb48d788,19:18 2025-10-11
ETHFIUSDT,Trade,1964.7,1.1447,1.0413,5.5E-4,1.23694565,USDT,1.23694565,Short,Market, 3c8ae30b, cb48d788,19:18 2025-10-11
ETHFIUSDT,Trade,35.4,1.1447,1.0413,5.5E-4,0.02228731,USDT,0.02228731,Short,Market, d609fb9a, cb48d788,19:18 2025-10-11
ETHFIUSDT,Trade,6.6,1.1447,1.0413,5.5E-4,0.00415527,USDT,0.00415527,Short,Market, 22a366bb, cb48d788,19:18 2025-10-11
ETHFIUSDT,Trade,76.1,1.1448,1.0413,5.5E-4,0.04791561,USDT,0.04791561,Short,Market, 0c33ef27, cb48d788,19:18 2025-10-11
ETHFIUSDT,Trade,175.1,1.1448,1.0413,5.5E-4,0.11024997,USDT,0.11024997,Short,Market, d8417984, cb48d788,19:18 2025-10-11
ETHFIUSDT,Trade,6.6,1.1448,1.0413,5.5E-4,0.00415563,USDT,0.00415563,Short,Market, 4cadc504, cb48d788,19:18 2025-10-11
ETHFIUSDT,Trade,68.6,1.1449,1.0413,5.5E-4,0.04319708,USDT,0.04319708,Short,Market, 91057bc0, cb48d788,19:18 2025-10-11
ETHFIUSDT,Trade,22.9,1.1449,1.0413,5.5E-4,0.01442002,USDT,0.01442002,Short,Market, 42ab7012, cb48d788,19:18 2025-10-11
ETHFIUSDT,Trade,0.9,1.1449,1.0413,5.5E-4,5.6673E-4,USDT,0.00056673,Short,Market, ce82de79, cb48d788,19:18 2025-10-11
ETHFIUSDT,Trade,93.0,1.1449,1.0413,5.5E-4,0.05856164,USDT,0.05856164,Short,Market, beba6aec, cb48d788,19:18 2025-10-11
ETHFIUSDT,Trade,6.6,1.1449,1.0413,5.5E-4,0.00415599,USDT,0.00415599,Short,Market, dfb2f3cd, cb48d788,19:18 2025-10-11
ETHFIUSDT,Trade,6.6,1.145,1.0413,5.5E-4,0.00415635,USDT,0.00415635,Short,Market, 91bb3b88, cb48d788,19:18 2025-10-11
ETHFIUSDT,Trade,93.0,1.145,1.0413,5.5E-4,0.05856675,USDT,0.05856675,Short,Market, b78f1e2f, cb48d788,19:18 2025-10-11
ETHFIUSDT,Trade,6.6,1.145,1.0413,5.5E-4,0.00415635,USDT,0.00415635,Short,Market, 39b93c69, cb48d788,19:18 2025-10-11
ETHFIUSDT,Trade,68.7,1.1451,1.0413,5.5E-4,0.04326761,USDT,0.04326761,Short,Market, dc64ecc2, cb48d788,19:18 2025-10-11
ETHFIUSDT,Trade,92.8,1.1451,1.0413,5.5E-4,0.05844591,USDT,0.05844591,Short,Market, 0522c22e, cb48d788,19:18 2025-10-11
ETHFIUSDT,Trade,6.6,1.1451,1.0413,5.5E-4,0.00415672,USDT,0.00415672,Short,Market, b14623a3, cb48d788,19:18 2025-10-11
ETHFIUSDT,Trade,6.6,1.1452,1.0413,5.5E-4,0.00415708,USDT,0.00415708,Short,Market, 2a3b69cc, cb48d788,19:18 2025-10-11
ETHFIUSDT,Trade,64.3,1.1453,1.0413,5.5E-4,0.04050354,USDT,0.04050354,Short,Market, e4794491, cb48d788,19:18 2025-10-11
ETHFIUSDT,Trade,6.6,1.1453,1.0413,5.5E-4,0.00415744,USDT,0.00415744,Short,Market, f957415c, cb48d788,19:18 2025-10-11
ETHFIUSDT,Trade,64.3,1.1454,1.0413,5.5E-4,0.04050708,USDT,0.04050708,Short,Market, e80a8446, cb48d788,19:18 2025-10-11
ETHFIUSDT,Trade,6.6,1.1454,1.0413,5.5E-4,0.00415781,USDT,0.00415781,Short,Market, c0ef9a0e, cb48d788,19:18 2025-10-11
ETHFIUSDT,Trade,34.9,1.1455,1.0413,5.5E-4,0.02198788,USDT,0.02198788,Short,Market, fd113162, cb48d788,19:18 2025-10-11
ETHFIUSDT,Trade,6.6,1.1455,1.0413,5.5E-4,0.00415817,USDT,0.00415817,Short,Market, 818eb3c4, cb48d788,19:18 2025-10-11
ETHFIUSDT,Trade,307.3,1.1515,1.2528,5.5E-4,0.19462078,USDT,0.19462078,Long,Market, 8caabe60, 3a0b246c,19:15 2025-10-11
ETHFIUSDT,Trade,80.7,1.1515,1.2528,5.5E-4,0.05110933,USDT,0.05110933,Long,Market, 4f334c4b, 3a0b246c,19:15 2025-10-11
ETHFIUSDT,Trade,6.6,1.1515,1.2528,5.5E-4,0.00417995,USDT,0.00417995,Long,Market, 2b439a51, 3a0b246c,19:15 2025-10-11
ETHFIUSDT,Trade,307.2,1.1514,1.2528,5.5E-4,0.19454055,USDT,0.19454055,Long,Market, abdc5940, 3a0b246c,19:15 2025-10-11
ETHFIUSDT,Trade,82.3,1.1514,1.2528,5.5E-4,0.05211813,USDT,0.05211813,Long,Market, 03f9da13, 3a0b246c,19:15 2025-10-11
ETHFIUSDT,Trade,39.9,1.1514,1.2528,5.5E-4,0.02526748,USDT,0.02526748,Long,Market, 3bfa98c0, 3a0b246c,19:15 2025-10-11
ETHFIUSDT,Trade,770.4,1.1514,1.2528,5.5E-4,0.48787121,USDT,0.48787121,Long,Market, 690b7df5, 3a0b246c,19:15 2025-10-11
ETHFIUSDT,Trade,6.6,1.1514,1.2528,5.5E-4,0.00417959,USDT,0.00417959,Long,Market, 68410f5a, 3a0b246c,19:15 2025-10-11
ETHFIUSDT,Trade,80.7,1.1514,1.2528,5.5E-4,0.05110489,USDT,0.05110489,Long,Market, 7c284ab6, 3a0b246c,19:15 2025-10-11
ETHFIUSDT,Trade,150.6,1.1513,1.2528,5.5E-4,0.09536218,USDT,0.09536218,Long,Market, 146e5475, 3a0b246c,19:15 2025-10-11
ETHFIUSDT,Trade,80.4,1.1513,1.2528,5.5E-4,0.05091049,USDT,0.05091049,Long,Market, 83d8e850, 3a0b246c,19:15 2025-10-11
ETHFIUSDT,Trade,6.6,1.1513,1.2528,5.5E-4,0.00417922,USDT,0.00417922,Long,Market, 095287bd, 3a0b246c,19:15 2025-10-11
ETHFIUSDT,Trade,173.7,1.1513,1.2528,5.5E-4,0.10998945,USDT,0.10998945,Long,Market, 307d6ab4, 3a0b246c,19:15 2025-10-11
ETHFIUSDT,Trade,150.6,1.1512,1.2528,5.5E-4,0.0953539,USDT,0.0953539,Long,Market, b1bb3360, 3a0b246c,19:15 2025-10-11
ETHFIUSDT,Trade,457.7,1.1512,1.2528,5.5E-4,0.28979734,USDT,0.28979734,Long,Market, 43870066, 3a0b246c,19:15 2025-10-11
ETHFIUSDT,Trade,80.6,1.1512,1.2528,5.5E-4,0.0510327,USDT,0.0510327,Long,Market, b0d419b9, 3a0b246c,19:15 2025-10-11
ETHFIUSDT,Trade,6.6,1.1512,1.2528,5.5E-4,0.00417886,USDT,0.00417886,Long,Market, c94fc791, 3a0b246c,19:15 2025-10-11
ETHFIUSDT,Trade,0.9,1.1512,1.2528,5.5E-4,5.6985E-4,USDT,0.00056985,Long,Market, d977eec6, 3a0b246c,19:15 2025-10-11
ETHFIUSDT,Trade,6.6,1.1512,1.2528,5.5E-4,0.00417886,USDT,0.00417886,Long,Market, 4818a16a, 3a0b246c,19:15 2025-10-11
ETHFIUSDT,Trade,209.8,1.1511,1.2528,5.5E-4,0.13282543,USDT,0.13282543,Long,Market, f427b5c6, 3a0b246c,19:15 2025-10-11
ETHFIUSDT,Trade,80.6,1.1511,1.2528,5.5E-4,0.05102827,USDT,0.05102827,Long,Market, 17833e48, 3a0b246c,19:15 2025-10-11
ETHFIUSDT,Trade,6.6,1.1511,1.2528,5.5E-4,0.0041785,USDT,0.0041785,Long,Market, c6d6f13f, 3a0b246c,19:15 2025-10-11
ETHFIUSDT,Trade,80.6,1.151,1.2528,5.5E-4,0.05102383,USDT,0.05102383,Long,Market, dad46b96, 3a0b246c,19:15 2025-10-11
ETHFIUSDT,Trade,70.1,1.151,1.2528,5.5E-4,0.04437681,USDT,0.04437681,Long,Market, feb114ff, 3a0b246c,19:15 2025-10-11
ETHFIUSDT,Trade,70.0,1.151,1.2528,5.5E-4,0.0443135,USDT,0.0443135,Long,Market, c7db3fea, 3a0b246c,19:15 2025-10-11
ETHFIUSDT,Trade,6.6,1.151,1.2528,5.5E-4,0.00417813,USDT,0.00417813,Long,Market, 4efb8f30, 3a0b246c,19:15 2025-10-11
ETHFIUSDT,Trade,6.6,1.1509,1.2528,5.5E-4,0.00417777,USDT,0.00417777,Long,Market, d2a85d31, 3a0b246c,19:15 2025-10-11
ETHFIUSDT,Trade,64.3,1.1509,1.2528,5.5E-4,0.04070158,USDT,0.04070158,Long,Market, f463b4a9, 3a0b246c,19:15 2025-10-11
ETHFIUSDT,Trade,6.6,1.1508,1.2528,5.5E-4,0.00417741,USDT,0.00417741,Long,Market, 9876234c, 3a0b246c,19:15 2025-10-11
ETHFIUSDT,Trade,1.0,1.1507,1.2528,5.5E-4,6.3289E-4,USDT,0.00063289,Long,Market, a2f291e7, 3a0b246c,19:15 2025-10-11
ETHFIUSDT,Trade,20.2,1.1507,1.2528,5.5E-4,0.01278428,USDT,0.01278428,Long,Market, 39a299d0, 3a0b246c,19:15 2025-10-11
BNBUSDT,Trade,0.53,1174,1232.6,5.5E-4,0.342221,USDT,0.342221,Long,Market, 75562300, db53b607,18:43 2025-10-11
BNBUSDT,Trade,1.41,1174,1232.6,5.5E-4,0.910437,USDT,0.910437,Long,Market, bba25e05, db53b607,18:43 2025-10-11
BNBUSDT,Trade,0.01,1174,1232.6,5.5E-4,0.006457,USDT,0.006457,Long,Market, 42571395, db53b607,18:43 2025-10-11
BNBUSDT,Trade,0.01,1174,1232.6,5.5E-4,0.006457,USDT,0.006457,Long,Market, 916b2d1c, db53b607,18:43 2025-10-11
BNBUSDT,Trade,0.02,1174,1232.6,5.5E-4,0.012914,USDT,0.012914,Long,Market, 87edd56f, db53b607,18:43 2025-10-11
BNBUSDT,Trade,0.09,1175.8,1117.1,5.5E-4,0.0582021,USDT,0.0582021,Short,Market, 8dbb2447, a5eeb0c5,18:01 2025-10-11
BNBUSDT,Trade,0.06,1175.8,1117.1,5.5E-4,0.0388014,USDT,0.0388014,Short,Market, 22783ebe, a5eeb0c5,18:01 2025-10-11
BNBUSDT,Trade,0.05,1175.8,1117.1,5.5E-4,0.0323345,USDT,0.0323345,Short,Market, 91345ed8, a5eeb0c5,18:01 2025-10-11
BNBUSDT,Trade,1.04,1175.8,1117.1,5.5E-4,0.6725576,USDT,0.6725576,Short,Market, 06dfedbf, a5eeb0c5,18:01 2025-10-11
BNBUSDT,Trade,2.79,1175.8,1117.1,5.5E-4,1.8042651,USDT,1.8042651,Short,Market, 2478784c, a5eeb0c5,18:01 2025-10-11
BNBUSDT,Trade,0.22,1175.8,1117.1,5.5E-4,0.1422718,USDT,0.1422718,Short,Market, fff9a2ce, a5eeb0c5,18:01 2025-10-11
BNBUSDT,Trade,1.28,1168,1226.1,5.5E-4,0.822272,USDT,0.822272,Long,Market, 9382344d, d4266d8d,17:26 2025-10-11
BNBUSDT,Trade,0.01,1168,1226.1,5.5E-4,0.006424,USDT,0.006424,Long,Market, 2be0dcdb, d4266d8d,17:26 2025-10-11
BNBUSDT,Trade,0.02,1168,1226.1,5.5E-4,0.012848,USDT,0.012848,Long,Market, badd8ff6, d4266d8d,17:26 2025-10-11
BNBUSDT,Trade,0.17,1168,1226.1,5.5E-4,0.109208,USDT,0.109208,Long,Market, 7d9b2ec5, d4266d8d,17:26 2025-10-11
BNBUSDT,Trade,0.27,1168,1226.1,5.5E-4,0.173448,USDT,0.173448,Long,Market, 64e77b90, d4266d8d,17:26 2025-10-11
BNBUSDT,Trade,0.28,1168,1226.1,5.5E-4,0.179872,USDT,0.179872,Long,Market, 17353893, d4266d8d,17:26 2025-10-11
BNBUSDT,Trade,0.01,1168,1226.1,5.5E-4,0.006424,USDT,0.006424,Long,Market, fc5c8e4c, d4266d8d,17:26 2025-10-11
BNBUSDT,Trade,0.01,1168,1226.1,5.5E-4,0.006424,USDT,0.006424,Long,Market, e9b10896, d4266d8d,17:26 2025-10-11
BNBUSDT,Trade,0.03,1168,1226.1,5.5E-4,0.019272,USDT,0.019272,Long,Market, 95307449, d4266d8d,17:26 2025-10-11
BNBUSDT,Trade,0.01,1168,1226.1,5.5E-4,0.006424,USDT,0.006424,Long,Market, 446811c4, d4266d8d,17:26 2025-10-11
BNBUSDT,Trade,0.01,1168,1226.1,5.5E-4,0.006424,USDT,0.006424,Long,Market, 4ace2dd6, d4266d8d,17:26 2025-10-11
BNBUSDT,Trade,0.01,1168,1226.1,5.5E-4,0.006424,USDT,0.006424,Long,Market, 83ff548f, d4266d8d,17:26 2025-10-11
BNBUSDT,Trade,0.08,1168,1226.1,5.5E-4,0.051392,USDT,0.051392,Long,Market, 81f13c9c, d4266d8d,17:26 2025-10-11
BNBUSDT,Trade,0.38,1167.9,1226.1,5.5E-4,0.2440911,USDT,0.2440911,Long,Market, 99730ebd, d4266d8d,17:26 2025-10-11
BNBUSDT,Trade,0.23,1167.9,1226.1,5.5E-4,0.14773935,USDT,0.14773935,Long,Market, d743a6f0, d4266d8d,17:26 2025-10-11
BNBUSDT,Trade,1.45,1167.9,1226.1,5.5E-4,0.93140025,USDT,0.93140025,Long,Market, 1792c233, d4266d8d,17:26 2025-10-11
BNBUSDT,Trade,4.54,1167.4,1225.4,5.5E-4,2.9149978,USDT,2.9149978,Long,Market, bb374646, 47ffe32f,17:25 2025-10-11
BNBUSDT,Trade,0.06,1167.3,1225.4,5.5E-4,0.0385209,USDT,0.0385209,Long,Market, 2e98aebb, 47ffe32f,17:25 2025-10-11
XRPUSDT,Trade,1017.5,2.4869,2.6108,5.5E-4,1.39173142,USDT,1.39173142,Long,Market, bcd75bd5, 1bf05d61,17:08 2025-10-11
XRPUSDT,Trade,62.3,2.4869,2.6108,5.5E-4,0.08521363,USDT,0.08521363,Long,Market, 01adf857, 1bf05d61,17:08 2025-10-11
XRPUSDT,Trade,39.0,2.4869,2.6108,5.5E-4,0.05334401,USDT,0.05334401,Long,Market, c20cf9c7, 1bf05d61,17:08 2025-10-11
ETHFIUSDT,Trade,58.4,1.1651,1.054,5.5E-4,0.03742302,USDT,0.03742302,Short,Market, a6626302, cc9adba3,16:59 2025-10-11
ETHFIUSDT,Trade,118.4,1.1651,1.054,5.5E-4,0.07587132,USDT,0.07587132,Short,Market, ca99d56c, cc9adba3,16:59 2025-10-11
ETHFIUSDT,Trade,102.0,1.1651,1.054,5.5E-4,0.06536211,USDT,0.06536211,Short,Market, bda9ac4e, cc9adba3,16:59 2025-10-11
ETHFIUSDT,Trade,6.5,1.1651,1.054,5.5E-4,0.00416524,USDT,0.00416524,Short,Market, 3152b6fd, cc9adba3,16:59 2025-10-11
ETHFIUSDT,Trade,118.4,1.1652,1.054,5.5E-4,0.07587783,USDT,0.07587783,Short,Market, 8b25e29f, cc9adba3,16:59 2025-10-11
ETHFIUSDT,Trade,6.5,1.1652,1.054,5.5E-4,0.00416559,USDT,0.00416559,Short,Market, 2a03a0fe, cc9adba3,16:59 2025-10-11
ETHFIUSDT,Trade,102.0,1.1652,1.054,5.5E-4,0.06536772,USDT,0.06536772,Short,Market, 3ff71fb5, cc9adba3,16:59 2025-10-11
ETHFIUSDT,Trade,6.5,1.1653,1.054,5.5E-4,0.00416595,USDT,0.00416595,Short,Market, 746f6cc4, cc9adba3,16:59 2025-10-11
ETHFIUSDT,Trade,102.1,1.1653,1.054,5.5E-4,0.06543743,USDT,0.06543743,Short,Market, 839185db, cc9adba3,16:59 2025-10-11
ETHFIUSDT,Trade,87.7,1.1653,1.054,5.5E-4,0.05620825,USDT,0.05620825,Short,Market, 7ce7f505, cc9adba3,16:59 2025-10-11
ETHFIUSDT,Trade,64.3,1.1653,1.054,5.5E-4,0.04121084,USDT,0.04121084,Short,Market, 7709b5f7, cc9adba3,16:59 2025-10-11
ETHFIUSDT,Trade,36.5,1.1654,1.054,5.5E-4,0.02339541,USDT,0.02339541,Short,Market, 2cae9c56, cc9adba3,16:59 2025-10-11
ETHFIUSDT,Trade,6.5,1.1654,1.054,5.5E-4,0.00416631,USDT,0.00416631,Short,Market, 6473789a, cc9adba3,16:59 2025-10-11
ETHFIUSDT,Trade,48.5,1.1654,1.054,5.5E-4,0.03108705,USDT,0.03108705,Short,Market, f1d376e9, cc9adba3,16:59 2025-10-11
ETHFIUSDT,Trade,102.1,1.1654,1.054,5.5E-4,0.06544304,USDT,0.06544304,Short,Market, dd6c85bc, cc9adba3,16:59 2025-10-11
ETHFIUSDT,Trade,64.3,1.1654,1.054,5.5E-4,0.04121438,USDT,0.04121438,Short,Market, 8b6e893d, cc9adba3,16:59 2025-10-11
ETHFIUSDT,Trade,87.7,1.1655,1.054,5.5E-4,0.0562179,USDT,0.0562179,Short,Market, 950bcc45, cc9adba3,16:59 2025-10-11
ETHFIUSDT,Trade,102.2,1.1655,1.054,5.5E-4,0.06551276,USDT,0.06551276,Short,Market, 56ce4b6c, cc9adba3,16:59 2025-10-11
ETHFIUSDT,Trade,6.5,1.1655,1.054,5.5E-4,0.00416667,USDT,0.00416667,Short,Market, 441b6673, cc9adba3,16:59 2025-10-11
ETHFIUSDT,Trade,64.3,1.1655,1.054,5.5E-4,0.04121791,USDT,0.04121791,Short,Market, 36e176c2, cc9adba3,16:59 2025-10-11
ETHFIUSDT,Trade,64.0,1.1656,1.054,5.5E-4,0.04102912,USDT,0.04102912,Short,Market, eba3a13d, cc9adba3,16:59 2025-10-11
BNBUSDT,Trade,2.04,1151.7,1094.2,5.5E-4,1.2922074,USDT,1.2922074,Short,Market, 28100041, 06d9d21b,16:58 2025-10-11
BNBUSDT,Trade,1.84,1151.7,1094.2,5.5E-4,1.1655204,USDT,1.1655204,Short,Market, 5353a7e1, 06d9d21b,16:58 2025-10-11
BNBUSDT,Trade,0.06,1151.7,1094.2,5.5E-4,0.0380061,USDT,0.0380061,Short,Market, 2bbaebe7, 06d9d21b,16:58 2025-10-11
BNBUSDT,Trade,0.66,1151.7,1094.2,5.5E-4,0.4180671,USDT,0.4180671,Short,Market, 8496ccf1, 06d9d21b,16:58 2025-10-11
BNBUSDT,Trade,1.1,1152.8,1095.3,5.5E-4,0.697444,USDT,0.697444,Short,Market, d2b9bc83, 5d284e5c,16:58 2025-10-11
BNBUSDT,Trade,2.32,1152.8,1095.3,5.5E-4,1.4709728,USDT,1.4709728,Short,Market, 74e0cea1, 5d284e5c,16:58 2025-10-11
BNBUSDT,Trade,0.46,1152.8,1095.3,5.5E-4,0.2916584,USDT,0.2916584,Short,Market, 19122ebb, 5d284e5c,16:58 2025-10-11
BNBUSDT,Trade,0.06,1152.8,1095.3,5.5E-4,0.0380424,USDT,0.0380424,Short,Market, 5d189f26, 5d284e5c,16:58 2025-10-11
BNBUSDT,Trade,0.66,1152.8,1095.3,5.5E-4,0.4184664,USDT,0.4184664,Short,Market, 81d43a01, 5d284e5c,16:58 2025-10-11
BNBUSDT,Trade,0.16,1152.5,1209.8,5.5E-4,0.10142,USDT,0.10142,Long,Market, 516cb145, ae15319e,16:55 2025-10-11
BNBUSDT,Trade,3.99,1152.4,1209.8,5.5E-4,2.5289418,USDT,2.5289418,Long,Market, 1fcb65e8, ae15319e,16:55 2025-10-11
BNBUSDT,Trade,0.44,1152.4,1209.8,5.5E-4,0.2788808,USDT,0.2788808,Long,Market, 3dd96c3d, ae15319e,16:55 2025-10-11
BNBUSDT,Trade,0.01,1152.4,1209.8,5.5E-4,0.0063382,USDT,0.0063382,Long,Market, 0098ff20, ae15319e,16:55 2025-10-11
ETHFIUSDT,Trade,524.1,1.1713,1.2737,5.5E-4,0.33763309,USDT,0.33763309,Long,Market, d0c5e206, d795b065,16:51 2025-10-11
ETHFIUSDT,Trade,6.5,1.1713,1.2737,5.5E-4,0.0041874,USDT,0.0041874,Long,Market, 5d032302, d795b065,16:51 2025-10-11
ETHFIUSDT,Trade,82.1,1.1713,1.2737,5.5E-4,0.05289006,USDT,0.05289006,Long,Market, faa1871f, d795b065,16:51 2025-10-11
ETHFIUSDT,Trade,307.2,1.1712,1.2737,5.5E-4,0.19788596,USDT,0.19788596,Long,Market, d2011f0c, d795b065,16:51 2025-10-11
ETHFIUSDT,Trade,485.1,1.1712,1.2737,5.5E-4,0.31248202,USDT,0.31248202,Long,Market, 598b3b3e, d795b065,16:51 2025-10-11
ETHFIUSDT,Trade,95.8,1.1712,1.2737,5.5E-4,0.06171053,USDT,0.06171053,Long,Market, 3842c9ef, d795b065,16:51 2025-10-11
ETHFIUSDT,Trade,6.5,1.1712,1.2737,5.5E-4,0.00418704,USDT,0.00418704,Long,Market, 625bcb0b, d795b065,16:51 2025-10-11
ETHFIUSDT,Trade,82.1,1.1712,1.2737,5.5E-4,0.05288554,USDT,0.05288554,Long,Market, dd90af1e, d795b065,16:51 2025-10-11
ETHFIUSDT,Trade,31.1,1.1711,1.2737,5.5E-4,0.02003167,USDT,0.02003167,Long,Market, 2718f475, d795b065,16:51 2025-10-11
ETHFIUSDT,Trade,95.8,1.1711,1.2737,5.5E-4,0.06170526,USDT,0.06170526,Long,Market, dcd85292, d795b065,16:51 2025-10-11
ETHFIUSDT,Trade,83.1,1.1711,1.2737,5.5E-4,0.05352513,USDT,0.05352513,Long,Market, c379a499, d795b065,16:51 2025-10-11
ETHFIUSDT,Trade,6.5,1.1711,1.2737,5.5E-4,0.00418669,USDT,0.00418669,Long,Market, e10b3fc9, d795b065,16:51 2025-10-11
ETHFIUSDT,Trade,116.3,1.171,1.2737,5.5E-4,0.07490302,USDT,0.07490302,Long,Market, ca661e5a, d795b065,16:51 2025-10-11
ETHFIUSDT,Trade,95.8,1.171,1.2737,5.5E-4,0.06169999,USDT,0.06169999,Long,Market, 408d1d4e, d795b065,16:51 2025-10-11
ETHFIUSDT,Trade,83.0,1.171,1.2737,5.5E-4,0.05345615,USDT,0.05345615,Long,Market, c68003da, d795b065,16:51 2025-10-11
ETHFIUSDT,Trade,6.5,1.171,1.2737,5.5E-4,0.00418633,USDT,0.00418633,Long,Market, 04643de9, d795b065,16:51 2025-10-11
ETHFIUSDT,Trade,6.5,1.171,1.2737,5.5E-4,0.00418633,USDT,0.00418633,Long,Market, 7422e1f4, d795b065,16:51 2025-10-11
ETHFIUSDT,Trade,95.6,1.1709,1.2737,5.5E-4,0.06156593,USDT,0.06156593,Long,Market, 344d9ae7, d795b065,16:51 2025-10-11
ETHFIUSDT,Trade,83.0,1.1709,1.2737,5.5E-4,0.05345159,USDT,0.05345159,Long,Market, df391f5d, d795b065,16:51 2025-10-11
ETHFIUSDT,Trade,6.5,1.1709,1.2737,5.5E-4,0.00418597,USDT,0.00418597,Long,Market, 25b65607, d795b065,16:51 2025-10-11
ETHFIUSDT,Trade,0.9,1.1709,1.2737,5.5E-4,5.796E-4,USDT,0.0005796,Long,Market, 46793897, d795b065,16:51 2025-10-11
ETHFIUSDT,Trade,69.4,1.1708,1.2737,5.5E-4,0.04468944,USDT,0.04468944,Long,Market, e18bd768, d795b065,16:51 2025-10-11
ETHFIUSDT,Trade,83.0,1.1708,1.2737,5.5E-4,0.05344702,USDT,0.05344702,Long,Market, ed906c45, d795b065,16:51 2025-10-11
ETHFIUSDT,Trade,6.5,1.1708,1.2737,5.5E-4,0.00418561,USDT,0.00418561,Long,Market, 69cc58a9, d795b065,16:51 2025-10-11
ETHFIUSDT,Trade,17.9,1.1707,1.2737,5.5E-4,0.01152555,USDT,0.01152555,Long,Market, 4818464b, d795b065,16:51 2025-10-11
ETHFIUSDT,Trade,69.4,1.1707,1.2737,5.5E-4,0.04468562,USDT,0.04468562,Long,Market, 0da7b51f, d795b065,16:51 2025-10-11
ETHFIUSDT,Trade,82.8,1.1707,1.2737,5.5E-4,0.05331368,USDT,0.05331368,Long,Market, b7562f0b, d795b065,16:51 2025-10-11
ETHFIUSDT,Trade,6.5,1.1707,1.2737,5.5E-4,0.00418526,USDT,0.00418526,Long,Market, cafd7f10, d795b065,16:51 2025-10-11
ETHFIUSDT,Trade,6.0,1.1706,1.2737,5.5E-4,0.00386298,USDT,0.00386298,Long,Market, 91aa59c7, d795b065,16:51 2025-10-11
ETHFIUSDT,Trade,69.4,1.1706,1.2737,5.5E-4,0.04468181,USDT,0.04468181,Long,Market, 667a9d3c, d795b065,16:51 2025-10-11
BTCUSDT,Funding,0.059,111740.1,0,1.0E-4,0.65926659,USDT,0.65926659,Long,--, 9d2f361d, 3880b26a,16:00 2025-10-11
BTCUSDT,Funding,0.059,110352.5,0,1.0E-4,0.65107975,USDT,0.65107975,Long,--, c7ca0bd8, 46ba02f3,08:00 2025-10-11
ETHFIUSDT,Trade,228.7,1.1705,1.055,5.5E-4,0.14723135,USDT,0.14723135,Short,Market, 6a014931, 6626e94a,00:31 2025-10-11
ETHFIUSDT,Trade,44.1,1.1705,1.055,5.5E-4,0.02839048,USDT,0.02839048,Short,Market, 94ef8d44, 6626e94a,00:31 2025-10-11
ETHFIUSDT,Trade,50.5,1.1705,1.055,5.5E-4,0.03251064,USDT,0.03251064,Short,Market, 8f53a3b1, 6626e94a,00:31 2025-10-11
ETHFIUSDT,Trade,23.9,1.1706,1.055,5.5E-4,0.01538754,USDT,0.01538754,Short,Market, dc575129, 6626e94a,00:31 2025-10-11
ETHFIUSDT,Trade,50.5,1.1706,1.055,5.5E-4,0.03251342,USDT,0.03251342,Short,Market, 2d595d83, 6626e94a,00:31 2025-10-11
ETHFIUSDT,Trade,45.1,1.1707,1.055,5.5E-4,0.02903922,USDT,0.02903922,Short,Market, 0b0b854c, 6626e94a,00:31 2025-10-11
ETHFIUSDT,Trade,52.6,1.1708,1.055,5.5E-4,0.03387125,USDT,0.03387125,Short,Market, 24669760, 6626e94a,00:31 2025-10-11
ETHFIUSDT,Trade,39.6,1.1708,1.055,5.5E-4,0.02550003,USDT,0.02550003,Short,Market, df2be0d3, 6626e94a,00:31 2025-10-11
ETHFIUSDT,Trade,44.2,1.1709,1.055,5.5E-4,0.02846458,USDT,0.02846458,Short,Market, 3e2be472, 6626e94a,00:31 2025-10-11
ETHFIUSDT,Trade,50.5,1.1709,1.055,5.5E-4,0.03252175,USDT,0.03252175,Short,Market, 7c28eb16, 6626e94a,00:31 2025-10-11
ETHFIUSDT,Trade,18.4,1.171,1.055,5.5E-4,0.01185052,USDT,0.01185052,Short,Market, f33ea67d, 6626e94a,00:31 2025-10-11
ETHFIUSDT,Trade,50.5,1.171,1.055,5.5E-4,0.03252453,USDT,0.03252453,Short,Market, 6733ad57, 6626e94a,00:31 2025-10-11
ETHFIUSDT,Trade,50.5,1.1713,1.055,5.5E-4,0.03253286,USDT,0.03253286,Short,Market, 4c001a37, 6626e94a,00:31 2025-10-11
ETHFIUSDT,Trade,6.1,1.1581,1.2607,5.5E-4,0.00388543,USDT,0.00388543,Long,Market, a29629b9, 01594ebd,00:25 2025-10-11
ETHFIUSDT,Trade,71.0,1.158,1.2607,5.5E-4,0.0452199,USDT,0.0452199,Long,Market, 730c3418, 01594ebd,00:25 2025-10-11
ETHFIUSDT,Trade,94.7,1.158,1.2607,5.5E-4,0.06031443,USDT,0.06031443,Long,Market, 6a783eaf, 01594ebd,00:25 2025-10-11
ETHFIUSDT,Trade,189.8,1.1579,1.2607,5.5E-4,0.12087319,USDT,0.12087319,Long,Market, f315adb3, 01594ebd,00:25 2025-10-11
ETHFIUSDT,Trade,216.0,1.1579,1.2607,5.5E-4,0.13755852,USDT,0.13755852,Long,Market, 8d70fe9c, 01594ebd,00:25 2025-10-11
ETHFIUSDT,Trade,50.5,1.1579,1.2607,5.5E-4,0.03216068,USDT,0.03216068,Long,Market, eb0a0d80, 01594ebd,00:25 2025-10-11
ETHFIUSDT,Trade,25.0,1.1578,1.2607,5.5E-4,0.01591975,USDT,0.01591975,Long,Market, 498dee2b, 01594ebd,00:25 2025-10-11
ETHFIUSDT,Trade,45.5,1.1578,1.2607,5.5E-4,0.02897395,USDT,0.02897395,Long,Market, 0aef2b02, 01594ebd,00:25 2025-10-11
ETHFIUSDT,Trade,50.5,1.1576,1.2607,5.5E-4,0.03215234,USDT,0.03215234,Long,Market, 0fde3a3a, 01594ebd,00:25 2025-10-11
ETHFIUSDT,Trade,154.4,1.1485,1.0369,5.5E-4,0.09753062,USDT,0.09753062,Short,Market, 938ff19d, 1fb81935,00:24 2025-10-11
ETHFIUSDT,Trade,34.8,1.1485,1.0369,5.5E-4,0.02198229,USDT,0.02198229,Short,Market, 9fc386f1, 1fb81935,00:24 2025-10-11
ETHFIUSDT,Trade,260.8,1.149,1.0369,5.5E-4,0.16481256,USDT,0.16481256,Short,Market, 6206718c, 1fb81935,00:24 2025-10-11
ETHFIUSDT,Trade,347.2,1.1493,1.0369,5.5E-4,0.21947033,USDT,0.21947033,Short,Market, ddb66700, 1fb81935,00:24 2025-10-11
ETHFIUSDT,Trade,1.7,1.1493,1.0369,5.5E-4,0.0010746,USDT,0.0010746,Short,Market, be4a5357, 1fb81935,00:24 2025-10-11
ETHFIUSDT,Trade,153.7,1.1494,1.0369,5.5E-4,0.09716453,USDT,0.09716453,Short,Market, 2edc7cb5, 1fb81935,00:24 2025-10-11
ETHFIUSDT,Trade,0.2,1.1494,1.0369,5.5E-4,1.2644E-4,USDT,0.00012644,Short,Market, 0cb22dc5, 1fb81935,00:24 2025-10-11
ETHFIUSDT,Trade,173.9,1.15,1.0369,5.5E-4,0.10999175,USDT,0.10999175,Short,Market, 0839c865, 1fb81935,00:24 2025-10-11
ETHFIUSDT,Trade,50.5,1.1501,1.0369,5.5E-4,0.03194403,USDT,0.03194403,Short,Market, a9f857ef, 1fb81935,00:24 2025-10-11
ETHFIUSDT,Trade,40.0,1.1501,1.0369,5.5E-4,0.0253022,USDT,0.0253022,Short,Market, 94e115be, 1fb81935,00:24 2025-10-11
ETHFIUSDT,Trade,50.5,1.1503,1.0369,5.5E-4,0.03194959,USDT,0.03194959,Short,Market, 4b444807, 1fb81935,00:24 2025-10-11
ETHFIUSDT,Trade,408.1,1.1505,1.0369,5.5E-4,0.25823548,USDT,0.25823548,Short,Market, 38a6c6fd, 1fb81935,00:24 2025-10-11
ETHFIUSDT,Trade,19.8,1.1505,1.0369,5.5E-4,0.01252895,USDT,0.01252895,Short,Market, 15267c2f, 1fb81935,00:24 2025-10-11
ETHFIUSDT,Trade,128.8,1.1476,1.2482,5.5E-4,0.08129599,USDT,0.08129599,Long,Market, 3e85808c, b1021229,00:22 2025-10-11
ETHFIUSDT,Trade,40.0,1.1476,1.2482,5.5E-4,0.0252472,USDT,0.0252472,Long,Market, 2d27cec8, b1021229,00:22 2025-10-11
ETHFIUSDT,Trade,435.8,1.1476,1.2482,5.5E-4,0.27506825,USDT,0.27506825,Long,Market, 83a8bebd, b1021229,00:22 2025-10-11
ETHFIUSDT,Trade,436.0,1.1475,1.2482,5.5E-4,0.2751705,USDT,0.2751705,Long,Market, 66b83bad, b1021229,00:22 2025-10-11
ETHFIUSDT,Trade,40.0,1.1475,1.2482,5.5E-4,0.025245,USDT,0.025245,Long,Market, 1a9b87d0, b1021229,00:22 2025-10-11
ETHFIUSDT,Trade,40.0,1.1474,1.2482,5.5E-4,0.0252428,USDT,0.0252428,Long,Market, 81d2f082, b1021229,00:22 2025-10-11
ETHFIUSDT,Trade,436.0,1.1473,1.2482,5.5E-4,0.27512254,USDT,0.27512254,Long,Market, 5c0db257, b1021229,00:22 2025-10-11
ETHFIUSDT,Trade,39.2,1.1473,1.2482,5.5E-4,0.02473579,USDT,0.02473579,Long,Market, bdc51b92, b1021229,00:22 2025-10-11
ETHFIUSDT,Trade,40.0,1.1473,1.2482,5.5E-4,0.0252406,USDT,0.0252406,Long,Market, ddb1710f, b1021229,00:22 2025-10-11
ETHFIUSDT,Trade,58.1,1.1472,1.2482,5.5E-4,0.03665878,USDT,0.03665878,Long,Market, d7584590, b1021229,00:22 2025-10-11
ETHFIUSDT,Trade,1.7,1.147,1.2482,5.5E-4,0.00107245,USDT,0.00107245,Long,Market, 7187d466, b1021229,00:22 2025-10-11
SOLUSDT,Trade,0.1,188.79,179.31,5.5E-4,0.01038345,USDT,0.01038345,Short,Market, 3aacd62a, 70e08b0e,00:12 2025-10-11
SOLUSDT,Trade,1.1,188.79,179.31,5.5E-4,0.11421795,USDT,0.11421795,Short,Market, 726c7af4, 70e08b0e,00:12 2025-10-11
SOLUSDT,Trade,1.6,188.79,179.31,5.5E-4,0.1661352,USDT,0.1661352,Short,Market, fccdb7a1, 70e08b0e,00:12 2025-10-11
SOLUSDT,Trade,3.6,188.79,179.31,5.5E-4,0.3738042,USDT,0.3738042,Short,Market, cf7b7f9c, 70e08b0e,00:12 2025-10-11
ETHFIUSDT,Trade,9.3,1.1936,1.1099,5.5E-4,0.00610527,USDT,0.00610527,Short,Market, 04c5b970, bca25f08,00:12 2025-10-11
ETHFIUSDT,Trade,176.0,1.1936,1.1099,5.5E-4,0.11554048,USDT,0.11554048,Short,Market, 828cf924, bca25f08,00:12 2025-10-11
ETHFIUSDT,Trade,40.0,1.1936,1.1099,5.5E-4,0.0262592,USDT,0.0262592,Short,Market, de0478eb, bca25f08,00:12 2025-10-11
ETHFIUSDT,Trade,25.2,1.1936,1.1099,5.5E-4,0.0165433,USDT,0.0165433,Short,Market, 9ab53f1f, bca25f08,00:12 2025-10-11
ETHFIUSDT,Trade,18.5,1.1936,1.1099,5.5E-4,0.01214488,USDT,0.01214488,Short,Market, cefc8623, bca25f08,00:12 2025-10-11
ETHFIUSDT,Trade,50.5,1.1936,1.1099,5.5E-4,0.03315224,USDT,0.03315224,Short,Market, 950e1221, bca25f08,00:12 2025-10-11
ETHFIUSDT,Trade,38.1,1.1937,1.1099,5.5E-4,0.02501399,USDT,0.02501399,Short,Market, e965967e, bca25f08,00:12 2025-10-11
ETHFIUSDT,Trade,40.0,1.1937,1.1099,5.5E-4,0.0262614,USDT,0.0262614,Short,Market, 9aab76d1, bca25f08,00:12 2025-10-11
ETHFIUSDT,Trade,50.5,1.1937,1.1099,5.5E-4,0.03315502,USDT,0.03315502,Short,Market, 7095476c, bca25f08,00:12 2025-10-11
ETHFIUSDT,Trade,55.3,1.1938,1.1099,5.5E-4,0.03630943,USDT,0.03630943,Short,Market, 15e02c3e, bca25f08,00:12 2025-10-11
ETHFIUSDT,Trade,225.5,1.1938,1.1099,5.5E-4,0.14806105,USDT,0.14806105,Short,Market, 1d7efde0, bca25f08,00:12 2025-10-11
ETHFIUSDT,Trade,50.5,1.1938,1.1099,5.5E-4,0.0331578,USDT,0.0331578,Short,Market, 7a781af6, bca25f08,00:12 2025-10-11
ETHFIUSDT,Trade,15.9,1.1938,1.1099,5.5E-4,0.01043979,USDT,0.01043979,Short,Market, 7f7c6d02, bca25f08,00:12 2025-10-11
ETHFIUSDT,Trade,35.9,1.1938,1.1099,5.5E-4,0.02357159,USDT,0.02357159,Short,Market, 97d23035, bca25f08,00:12 2025-10-11
ETHFIUSDT,Trade,31.9,1.1938,1.1099,5.5E-4,0.02094523,USDT,0.02094523,Short,Market, 5042c82c, bca25f08,00:12 2025-10-11
ETHFIUSDT,Trade,40.0,1.1938,1.1099,5.5E-4,0.0262636,USDT,0.0262636,Short,Market, 3484d8a2, bca25f08,00:12 2025-10-11
ETHFIUSDT,Trade,42.7,1.1939,1.1099,5.5E-4,0.02803875,USDT,0.02803875,Short,Market, ce00cd5a, bca25f08,00:12 2025-10-11
ETHFIUSDT,Trade,40.0,1.1941,1.1099,5.5E-4,0.0262702,USDT,0.0262702,Short,Market, a634623e, bca25f08,00:12 2025-10-11
ETHFIUSDT,Trade,50.5,1.1941,1.1099,5.5E-4,0.03316613,USDT,0.03316613,Short,Market, 9bae4c27, bca25f08,00:12 2025-10-11
ETHFIUSDT,Funding,1036.3,1.1807,0,-0.00130648,-1.5985559,USDT,-1.5985559,Long,--, 115f618b, 3e657708,00:00 2025-10-11
SOLUSDT,Funding,6.4,188.011,0,-0.005,-6.016352,USDT,-6.016352,Long,--, 914799d9, 584edf98,00:00 2025-10-11
BTCUSDT,Funding,0.059,112734.39,0,-1.4131E-4,-0.93989931,USDT,-0.93989931,Long,--, 146d4591, d5548125,00:00 2025-10-11
ETHFIUSDT,Trade,128.6,1.1924,1.1099,5.5E-4,0.08433846,USDT,0.08433846,Short,Market, 82c8ec8e, 88e1da28,23:51 2025-10-10
ETHFIUSDT,Trade,58.2,1.1925,1.1099,5.5E-4,0.03817193,USDT,0.03817193,Short,Market, 65e41173, 88e1da28,23:51 2025-10-10
ETHFIUSDT,Trade,179.6,1.1932,1.1099,5.5E-4,0.1178643,USDT,0.1178643,Short,Market, 71930401, 88e1da28,23:51 2025-10-10
ETHFIUSDT,Trade,64.0,1.1933,1.1099,5.5E-4,0.04200416,USDT,0.04200416,Short,Market, eac35d93, 88e1da28,23:51 2025-10-10
ETHFIUSDT,Trade,40.0,1.1933,1.1099,5.5E-4,0.0262526,USDT,0.0262526,Short,Market, 10565839, 88e1da28,23:51 2025-10-10
ETHFIUSDT,Trade,40.0,1.1938,1.1099,5.5E-4,0.0262636,USDT,0.0262636,Short,Market, 62449fab, 88e1da28,23:51 2025-10-10
ETHFIUSDT,Trade,63.1,1.194,1.1099,5.5E-4,0.04143777,USDT,0.04143777,Short,Market, 771e9760, 88e1da28,23:51 2025-10-10
ETHFIUSDT,Trade,63.1,1.1944,1.1099,5.5E-4,0.04145166,USDT,0.04145166,Short,Market, da545cf8, 88e1da28,23:51 2025-10-10
ETHFIUSDT,Trade,171.4,1.1945,1.1099,5.5E-4,0.11260552,USDT,0.11260552,Short,Market, 1234ed60, 88e1da28,23:51 2025-10-10
ETHFIUSDT,Trade,67.5,1.1946,1.1099,5.5E-4,0.04434953,USDT,0.04434953,Short,Market, 2302fef6, 88e1da28,23:51 2025-10-10
ETHFIUSDT,Trade,63.1,1.1948,1.1099,5.5E-4,0.04146554,USDT,0.04146554,Short,Market, d9d4a6fe, 88e1da28,23:51 2025-10-10
ETHFIUSDT,Trade,97.6,1.1949,1.1099,5.5E-4,0.06414224,USDT,0.06414224,Short,Market, 8c6c6098, 88e1da28,23:51 2025-10-10
BNBUSDT,Trade,0.07,1125.8,1071.8,5.5E-4,0.0433433,USDT,0.0433433,Short,Market, cc864510, 03eec823,23:47 2025-10-10
BNBUSDT,Trade,0.01,1125.8,1071.8,5.5E-4,0.0061919,USDT,0.0061919,Short,Market, b47af8e3, 03eec823,23:47 2025-10-10
BNBUSDT,Trade,0.01,1125.8,1071.8,5.5E-4,0.0061919,USDT,0.0061919,Short,Market, fca5b18e, 03eec823,23:47 2025-10-10
BNBUSDT,Trade,0.21,1125.8,1071.8,5.5E-4,0.1300299,USDT,0.1300299,Short,Market, 9e6c5480, 03eec823,23:47 2025-10-10
BNBUSDT,Trade,0.02,1125.8,1071.8,5.5E-4,0.0123838,USDT,0.0123838,Short,Market, 77175b59, 03eec823,23:47 2025-10-10
BNBUSDT,Trade,0.02,1125.8,1071.8,5.5E-4,0.0123838,USDT,0.0123838,Short,Market, d7d1874c, 03eec823,23:47 2025-10-10
BNBUSDT,Trade,0.01,1125.8,1071.8,5.5E-4,0.0061919,USDT,0.0061919,Short,Market, 6ad4beb0, 03eec823,23:47 2025-10-10
BNBUSDT,Trade,0.01,1125.8,1071.8,5.5E-4,0.0061919,USDT,0.0061919,Short,Market, 7817c8a0, 03eec823,23:47 2025-10-10
BNBUSDT,Trade,1.46,1125.9,1071.8,5.5E-4,0.9040977,USDT,0.9040977,Short,Market, 72ae40df, 03eec823,23:47 2025-10-10
BNBUSDT,Trade,1.08,1125.9,1071.8,5.5E-4,0.6687846,USDT,0.6687846,Short,Market, 10e788a8, 03eec823,23:47 2025-10-10
BNBUSDT,Trade,0.3,1125.9,1071.8,5.5E-4,0.1857735,USDT,0.1857735,Short,Market, c5c1312f, 03eec823,23:47 2025-10-10
BNBUSDT,Trade,0.44,1125.9,1071.8,5.5E-4,0.2724678,USDT,0.2724678,Short,Market, 7788845f, 03eec823,23:47 2025-10-10
BNBUSDT,Trade,0.02,1125.9,1071.8,5.5E-4,0.0123849,USDT,0.0123849,Short,Market, 1df54e4b, 03eec823,23:47 2025-10-10
BNBUSDT,Trade,0.52,1126,1071.8,5.5E-4,0.322036,USDT,0.322036,Short,Market, a28cb339, 03eec823,23:47 2025-10-10
BNBUSDT,Trade,0.3,1126,1071.8,5.5E-4,0.18579,USDT,0.18579,Short,Market, 9d328d4c, 03eec823,23:47 2025-10-10
BNBUSDT,Trade,0.44,1126,1071.8,5.5E-4,0.272492,USDT,0.272492,Short,Market, ff51e633, 03eec823,23:47 2025-10-10
BNBUSDT,Trade,0.22,1126,1071.8,5.5E-4,0.136246,USDT,0.136246,Short,Market, 72ee3abc, 03eec823,23:47 2025-10-10
BNBUSDT,Trade,0.02,1126,1071.8,5.5E-4,0.012386,USDT,0.012386,Short,Market, e99dd3c3, 03eec823,23:47 2025-10-10
BNBUSDT,Trade,0.01,1126,1071.8,5.5E-4,0.006193,USDT,0.006193,Short,Market, 761d1508, 03eec823,23:47 2025-10-10
BNBUSDT,Trade,0.01,1126,1071.8,5.5E-4,0.006193,USDT,0.006193,Short,Market, aa240b73, 03eec823,23:47 2025-10-10
BNBUSDT,Trade,0.44,1126.1,1071.8,5.5E-4,0.2725162,USDT,0.2725162,Short,Market, 37916306, 03eec823,23:47 2025-10-10
BNBUSDT,Trade,0.02,1126.1,1071.8,5.5E-4,0.0123871,USDT,0.0123871,Short,Market, 4f5b029f, 03eec823,23:47 2025-10-10
ETHFIUSDT,Trade,764.7,1.2341,1.3396,5.5E-4,0.51904395,USDT,0.51904395,Long,Market, c57f4024, 491c6529,23:35 2025-10-10
ETHFIUSDT,Trade,6.0,1.2335,1.3396,5.5E-4,0.00407055,USDT,0.00407055,Long,Market, 1c9d9b56, 491c6529,23:35 2025-10-10
ETHFIUSDT,Trade,4.1,1.2335,1.3396,5.5E-4,0.00278155,USDT,0.00278155,Long,Market, 1c4fee11, 491c6529,23:35 2025-10-10
ETHFIUSDT,Trade,20.3,1.2334,1.3396,5.5E-4,0.01377092,USDT,0.01377092,Long,Market, 41fc2f1d, 491c6529,23:35 2025-10-10
ETHFIUSDT,Trade,485.8,1.2333,1.3396,5.5E-4,0.32952543,USDT,0.32952543,Long,Market, 398a70b5, 491c6529,23:35 2025-10-10
ETHFIUSDT,Trade,63.7,1.2333,1.3396,5.5E-4,0.04320867,USDT,0.04320867,Long,Market, 27040d28, 491c6529,23:35 2025-10-10
ETHFIUSDT,Trade,30.5,1.2333,1.3396,5.5E-4,0.02068861,USDT,0.02068861,Long,Market, afe10b09, 491c6529,23:35 2025-10-10
ETHFIUSDT,Trade,8.2,1.2333,1.3396,5.5E-4,0.00556219,USDT,0.00556219,Long,Market, d9c6b13c, 491c6529,23:35 2025-10-10
ETHFIUSDT,Trade,80.5,1.2332,1.3396,5.5E-4,0.05459993,USDT,0.05459993,Long,Market, 47d7a419, 491c6529,23:35 2025-10-10
ETHFIUSDT,Trade,38.1,1.2329,1.3396,5.5E-4,0.02583542,USDT,0.02583542,Long,Market, 6997315a, 491c6529,23:35 2025-10-10
ETHFIUSDT,Trade,6.0,1.2329,1.3396,5.5E-4,0.00406857,USDT,0.00406857,Long,Market, 1f7f8448, 491c6529,23:35 2025-10-10
ETHFIUSDT,Trade,76.7,1.2324,1.3396,5.5E-4,0.0519888,USDT,0.0519888,Long,Market, 39a6b67d, 491c6529,23:35 2025-10-10
ETHFIUSDT,Trade,24.4,1.2323,1.3396,5.5E-4,0.01653747,USDT,0.01653747,Long,Market, 5e970579, 491c6529,23:35 2025-10-10
ETHFIUSDT,Trade,105.6,1.2318,1.3396,5.5E-4,0.07154295,USDT,0.07154295,Long,Market, c31fe858, 491c6529,23:35 2025-10-10
ETHFIUSDT,Trade,162.3,1.2316,1.3396,5.5E-4,0.10993878,USDT,0.10993878,Long,Market, 3464eb23, 491c6529,23:35 2025-10-10
ETHFIUSDT,Trade,40.0,1.2315,1.3396,5.5E-4,0.027093,USDT,0.027093,Long,Market, 30ae2cdc, 491c6529,23:35 2025-10-10
ETHFIUSDT,Trade,20.7,1.2315,1.3396,5.5E-4,0.01402063,USDT,0.01402063,Long,Market, b20e1ae9, 491c6529,23:35 2025-10-10
ETHFIUSDT,Trade,14.4,1.2315,1.3396,5.5E-4,0.00975348,USDT,0.00975348,Long,Market, d81a1590, 491c6529,23:35 2025-10-10
ETHFIUSDT,Trade,40.0,1.2314,1.3396,5.5E-4,0.0270908,USDT,0.0270908,Long,Market, 6b17385a, 491c6529,23:35 2025-10-10
ETHFIUSDT,Trade,8.0,1.2314,1.3396,5.5E-4,0.00541816,USDT,0.00541816,Long,Market, 449e801f, 491c6529,23:35 2025-10-10
ETHFIUSDT,Trade,13.4,1.2313,1.3396,5.5E-4,0.00907469,USDT,0.00907469,Long,Market, 5b9ea0c9, 491c6529,23:35 2025-10-10
ETHFIUSDT,Trade,41.7,1.2311,1.3396,5.5E-4,0.02823528,USDT,0.02823528,Long,Market, 7fc88ffc, 491c6529,23:35 2025-10-10
ETHFIUSDT,Trade,3.1,1.2311,1.3396,5.5E-4,0.00209903,USDT,0.00209903,Long,Market, 5a8ad565, 491c6529,23:35 2025-10-10
ETHFIUSDT,Trade,4.4,1.231,1.3396,5.5E-4,0.00297902,USDT,0.00297902,Long,Market, abef96af, 491c6529,23:35 2025-10-10
ETHFIUSDT,Trade,5.2,1.2309,1.3396,5.5E-4,0.00352038,USDT,0.00352038,Long,Market, 2e8b80e4, 491c6529,23:35 2025-10-10
ETHFIUSDT,Trade,4.7,1.2307,1.3396,5.5E-4,0.00318136,USDT,0.00318136,Long,Market, 998ad5de, 491c6529,23:35 2025-10-10
ETHFIUSDT,Trade,946.4,1.2072,1.0923,5.5E-4,0.62837175,USDT,0.62837175,Short,Market, b1860c90, e66d776a,23:31 2025-10-10
ETHFIUSDT,Trade,28.9,1.2072,1.0923,5.5E-4,0.01918845,USDT,0.01918845,Short,Market, d86bbd62, e66d776a,23:31 2025-10-10
ETHFIUSDT,Trade,17.7,1.2073,1.0923,5.5E-4,0.01175307,USDT,0.01175307,Short,Market, 4926e445, e66d776a,23:31 2025-10-10
ETHFIUSDT,Trade,47.6,1.2073,1.0923,5.5E-4,0.03160712,USDT,0.03160712,Short,Market, 1256c730, e66d776a,23:31 2025-10-10
ETHFIUSDT,Trade,23.1,1.2074,1.0923,5.5E-4,0.01534002,USDT,0.01534002,Short,Market, f706b8d0, e66d776a,23:31 2025-10-10
ETHFIUSDT,Trade,4.2,1.2074,1.0923,5.5E-4,0.0027891,USDT,0.0027891,Short,Market, ae9f2f03, e66d776a,23:31 2025-10-10
ETHFIUSDT,Trade,49.5,1.2075,1.0923,5.5E-4,0.03287419,USDT,0.03287419,Short,Market, b4aef8d7, e66d776a,23:31 2025-10-10
ETHFIUSDT,Trade,17.6,1.2076,1.0923,5.5E-4,0.01168957,USDT,0.01168957,Short,Market, 6d7175f1, e66d776a,23:31 2025-10-10
ETHFIUSDT,Trade,23.1,1.2077,1.0923,5.5E-4,0.01534383,USDT,0.01534383,Short,Market, d9cc1f42, e66d776a,23:31 2025-10-10
ETHFIUSDT,Trade,49.5,1.2077,1.0923,5.5E-4,0.03287964,USDT,0.03287964,Short,Market, 99e8d286, e66d776a,23:31 2025-10-10
ETHFIUSDT,Trade,1.7,1.2078,1.0923,5.5E-4,0.0011293,USDT,0.0011293,Short,Market, fbc673ca, e66d776a,23:31 2025-10-10
ETHFIUSDT,Trade,17.6,1.2079,1.0923,5.5E-4,0.01169248,USDT,0.01169248,Short,Market, 588433d1, e66d776a,23:31 2025-10-10
ETHFIUSDT,Trade,49.5,1.2079,1.0923,5.5E-4,0.03288508,USDT,0.03288508,Short,Market, 07572d33, e66d776a,23:31 2025-10-10
ETHFIUSDT,Trade,28.9,1.2081,1.0923,5.5E-4,0.01920275,USDT,0.01920275,Short,Market, b6dbb126, e66d776a,23:31 2025-10-10
ETHFIUSDT,Trade,17.6,1.2083,1.0923,5.5E-4,0.01169635,USDT,0.01169635,Short,Market, 4fa2db0f, e66d776a,23:31 2025-10-10
ETHFIUSDT,Trade,49.5,1.2083,1.0923,5.5E-4,0.03289597,USDT,0.03289597,Short,Market, 04144176, e66d776a,23:31 2025-10-10
ETHFIUSDT,Trade,495.3,1.2084,1.0923,5.5E-4,0.32918629,USDT,0.32918629,Short,Market, 8bbf1326, e66d776a,23:31 2025-10-10
ETHFIUSDT,Trade,10.7,1.2084,1.0923,5.5E-4,0.00711144,USDT,0.00711144,Short,Market, 0f7c8d0b, e66d776a,23:31 2025-10-10
ETHFIUSDT,Trade,17.6,1.2085,1.0923,5.5E-4,0.01169828,USDT,0.01169828,Short,Market, 0bf6b9b1, e66d776a,23:31 2025-10-10
ETHFIUSDT,Trade,54.2,1.2085,1.0923,5.5E-4,0.03602539,USDT,0.03602539,Short,Market, 088d21c0, e66d776a,23:31 2025-10-10
ETHFIUSDT,Trade,34.7,1.2086,1.0923,5.5E-4,0.02306614,USDT,0.02306614,Short,Market, c2873976, e66d776a,23:31 2025-10-10
ETHFIUSDT,Trade,192.6,1.2087,1.0923,5.5E-4,0.1280376,USDT,0.1280376,Short,Market, 282bbf00, e66d776a,23:31 2025-10-10
ETHFIUSDT,Trade,17.6,1.2087,1.0923,5.5E-4,0.01170022,USDT,0.01170022,Short,Market, df8dfd05, e66d776a,23:31 2025-10-10
ETHFIUSDT,Trade,35.1,1.2088,1.0923,5.5E-4,0.02333589,USDT,0.02333589,Short,Market, 953406e1, e66d776a,23:31 2025-10-10
ETHFIUSDT,Trade,17.4,1.2088,1.0923,5.5E-4,0.01156822,USDT,0.01156822,Short,Market, 7983d321, e66d776a,23:31 2025-10-10
ETHFIUSDT,Trade,53.4,1.2088,1.0923,5.5E-4,0.03550246,USDT,0.03550246,Short,Market, 707b0079, e66d776a,23:31 2025-10-10
ETHFIUSDT,Trade,17.4,1.2089,1.0923,5.5E-4,0.01156918,USDT,0.01156918,Short,Market, 826404bd, e66d776a,23:31 2025-10-10
ETHFIUSDT,Trade,53.4,1.209,1.0923,5.5E-4,0.03550833,USDT,0.03550833,Short,Market, 51000db8, e66d776a,23:31 2025-10-10
ETHFIUSDT,Trade,53.4,1.2093,1.0923,5.5E-4,0.03551715,USDT,0.03551715,Short,Market, cffe5748, e66d776a,23:31 2025-10-10
ETHFIUSDT,Trade,28.9,1.2094,1.0923,5.5E-4,0.01922342,USDT,0.01922342,Short,Market, 2d51fa1a, e66d776a,23:31 2025-10-10
ETHFIUSDT,Trade,53.4,1.2095,1.0923,5.5E-4,0.03552302,USDT,0.03552302,Short,Market, b8258f70, e66d776a,23:31 2025-10-10
ETHFIUSDT,Trade,64.7,1.2096,1.0923,5.5E-4,0.04304362,USDT,0.04304362,Short,Market, 4d0d82c9, e66d776a,23:31 2025-10-10
ETHFIUSDT,Trade,40.5,1.2096,1.0923,5.5E-4,0.02694384,USDT,0.02694384,Short,Market, e9d528e3, e66d776a,23:31 2025-10-10
ETHFIUSDT,Trade,53.4,1.2099,1.0923,5.5E-4,0.03553477,USDT,0.03553477,Short,Market, e04cd28c, e66d776a,23:31 2025-10-10
ETHFIUSDT,Trade,53.4,1.2101,1.0923,5.5E-4,0.03554064,USDT,0.03554064,Short,Market, ea89d1cb, e66d776a,23:31 2025-10-10
ETHFIUSDT,Trade,23.1,1.2102,1.0923,5.5E-4,0.0153756,USDT,0.0153756,Short,Market, a580bd5b, e66d776a,23:31 2025-10-10
ETHFIUSDT,Trade,6.0,1.2102,1.0923,5.5E-4,0.00399366,USDT,0.00399366,Short,Market, bee08930, e66d776a,23:31 2025-10-10
ETHFIUSDT,Trade,1.7,1.2102,1.0923,5.5E-4,0.00113154,USDT,0.00113154,Short,Market, 41b613eb, e66d776a,23:31 2025-10-10
ETHFIUSDT,Trade,53.4,1.2104,1.0923,5.5E-4,0.03554945,USDT,0.03554945,Short,Market, db639135, e66d776a,23:31 2025-10-10
ETHFIUSDT,Trade,6.0,1.2106,1.0923,5.5E-4,0.00399498,USDT,0.00399498,Short,Market, 1fbd54de, e66d776a,23:31 2025-10-10
ETHFIUSDT,Trade,32.4,1.2107,1.0923,5.5E-4,0.02157468,USDT,0.02157468,Short,Market, 5b787153, e66d776a,23:31 2025-10-10
ETHFIUSDT,Trade,23.1,1.2107,1.0923,5.5E-4,0.01538195,USDT,0.01538195,Short,Market, 8621193f, e66d776a,23:31 2025-10-10
ETHFIUSDT,Trade,35.4,1.2108,1.0923,5.5E-4,0.02357428,USDT,0.02357428,Short,Market, e3fea51d, e66d776a,23:31 2025-10-10
ETHFIUSDT,Trade,23.1,1.211,1.0923,5.5E-4,0.01538576,USDT,0.01538576,Short,Market, ebceab63, e66d776a,23:31 2025-10-10
ETHFIUSDT,Trade,35.4,1.211,1.0923,5.5E-4,0.02357817,USDT,0.02357817,Short,Market, ea7b8d58, e66d776a,23:31 2025-10-10
ETHFIUSDT,Trade,23.1,1.2112,1.0923,5.5E-4,0.0153883,USDT,0.0153883,Short,Market, 848c2db4, e66d776a,23:31 2025-10-10
ETHFIUSDT,Trade,17.2,1.2112,1.0923,5.5E-4,0.01145796,USDT,0.01145796,Short,Market, 63fc9e8b, e66d776a,23:31 2025-10-10
ETHFIUSDT,Trade,15.0,1.2114,1.0923,5.5E-4,0.00999405,USDT,0.00999405,Short,Market, 55d44127, e66d776a,23:31 2025-10-10
ETHFIUSDT,Trade,14.6,1.2116,1.0923,5.5E-4,0.00972915,USDT,0.00972915,Short,Market, 4a000ef1, e66d776a,23:31 2025-10-10
ETHFIUSDT,Trade,33.9,1.2118,1.0923,5.5E-4,0.02259402,USDT,0.02259402,Short,Market, e02e737d, e66d776a,23:31 2025-10-10
ETHFIUSDT,Trade,34.9,1.212,1.0923,5.5E-4,0.02326434,USDT,0.02326434,Short,Market, ed05a6ca, e66d776a,23:31 2025-10-10
ETHFIUSDT,Trade,34.9,1.2122,1.0923,5.5E-4,0.02326818,USDT,0.02326818,Short,Market, ddb3007b, e66d776a,23:31 2025-10-10
ETHFIUSDT,Trade,40.0,1.2123,1.0923,5.5E-4,0.0266706,USDT,0.0266706,Short,Market, ed43111f, e66d776a,23:31 2025-10-10
ETHFIUSDT,Trade,32.8,1.2124,1.0923,5.5E-4,0.0218717,USDT,0.0218717,Short,Market, f0972020, e66d776a,23:31 2025-10-10
ETHFIUSDT,Trade,123.0,1.2124,1.0923,5.5E-4,0.08201886,USDT,0.08201886,Short,Market, 14cc2f5e, e66d776a,23:31 2025-10-10
ETHFIUSDT,Trade,40.0,1.2124,1.0923,5.5E-4,0.0266728,USDT,0.0266728,Short,Market, cbea941b, e66d776a,23:31 2025-10-10
ETHFIUSDT,Trade,40.0,1.2125,1.0923,5.5E-4,0.026675,USDT,0.026675,Short,Market, 458dce2f, e66d776a,23:31 2025-10-10
ETHFIUSDT,Trade,34.9,1.2126,1.0923,5.5E-4,0.02327586,USDT,0.02327586,Short,Market, 0aa9c3ad, e66d776a,23:31 2025-10-10
ETHFIUSDT,Trade,40.0,1.2127,1.0923,5.5E-4,0.0266794,USDT,0.0266794,Short,Market, d2c54dbc, e66d776a,23:31 2025-10-10
ETHFIUSDT,Trade,40.0,1.2129,1.0923,5.5E-4,0.0266838,USDT,0.0266838,Short,Market, 1cd428ee, e66d776a,23:31 2025-10-10
ETHFIUSDT,Trade,12.9,1.1856,1.2872,5.5E-4,0.00841184,USDT,0.00841184,Long,Market, c4d01c15, 74875ef7,23:13 2025-10-10
ETHFIUSDT,Trade,422.4,1.1856,1.2872,5.5E-4,0.2754386,USDT,0.2754386,Long,Market, bc169829, 74875ef7,23:13 2025-10-10
ETHFIUSDT,Trade,51.8,1.1856,1.2872,5.5E-4,0.03377775,USDT,0.03377775,Long,Market, 5b5c4a95, 74875ef7,23:13 2025-10-10
ETHFIUSDT,Trade,0.9,1.1856,1.2872,5.5E-4,5.8688E-4,USDT,0.00058688,Long,Market, 14125141, 74875ef7,23:13 2025-10-10
ETHFIUSDT,Trade,26.1,1.1855,1.2872,5.5E-4,0.01701786,USDT,0.01701786,Long,Market, d7c4dc1e, 74875ef7,23:13 2025-10-10
ETHFIUSDT,Trade,12.9,1.1855,1.2872,5.5E-4,0.00841113,USDT,0.00841113,Long,Market, a12692ae, 74875ef7,23:13 2025-10-10
ETHFIUSDT,Trade,26.1,1.1854,1.2872,5.5E-4,0.01701642,USDT,0.01701642,Long,Market, 970c1bfa, 74875ef7,23:13 2025-10-10
ETHFIUSDT,Trade,12.9,1.1854,1.2872,5.5E-4,0.00841042,USDT,0.00841042,Long,Market, d7d1bf8a, 74875ef7,23:13 2025-10-10
ETHFIUSDT,Trade,51.8,1.1854,1.2872,5.5E-4,0.03377205,USDT,0.03377205,Long,Market, 081b9fc2, 74875ef7,23:13 2025-10-10
ETHFIUSDT,Trade,26.1,1.1853,1.2872,5.5E-4,0.01701499,USDT,0.01701499,Long,Market, 4b6a4bd4, 74875ef7,23:13 2025-10-10
ETHFIUSDT,Trade,12.9,1.1853,1.2872,5.5E-4,0.00840971,USDT,0.00840971,Long,Market, 6b02d3cb, 74875ef7,23:13 2025-10-10
ETHFIUSDT,Trade,26.1,1.1852,1.2872,5.5E-4,0.01701355,USDT,0.01701355,Long,Market, 273962db, 74875ef7,23:13 2025-10-10
ETHFIUSDT,Trade,12.9,1.1852,1.2872,5.5E-4,0.008409,USDT,0.008409,Long,Market, 57f42a03, 74875ef7,23:13 2025-10-10
ETHFIUSDT,Trade,51.8,1.1852,1.2872,5.5E-4,0.03376635,USDT,0.03376635,Long,Market, 46e6bc5e, 74875ef7,23:13 2025-10-10
ETHFIUSDT,Trade,26.1,1.1851,1.2872,5.5E-4,0.01701212,USDT,0.01701212,Long,Market, 8885fc5b, 74875ef7,23:13 2025-10-10
ETHFIUSDT,Trade,12.9,1.1851,1.2872,5.5E-4,0.00840829,USDT,0.00840829,Long,Market, ea1700b9, 74875ef7,23:13 2025-10-10
ETHFIUSDT,Trade,26.1,1.185,1.2872,5.5E-4,0.01701068,USDT,0.01701068,Long,Market, 4d26c2ed, 74875ef7,23:13 2025-10-10
ETHFIUSDT,Trade,12.9,1.185,1.2872,5.5E-4,0.00840758,USDT,0.00840758,Long,Market, 126f48dd, 74875ef7,23:13 2025-10-10
ETHFIUSDT,Trade,26.1,1.1849,1.2872,5.5E-4,0.01700924,USDT,0.01700924,Long,Market, 3971fda8, 74875ef7,23:13 2025-10-10
ETHFIUSDT,Trade,12.9,1.1849,1.2872,5.5E-4,0.00840687,USDT,0.00840687,Long,Market, 95e2188d, 74875ef7,23:13 2025-10-10
ETHFIUSDT,Trade,26.1,1.1848,1.2872,5.5E-4,0.01700781,USDT,0.01700781,Long,Market, 767d8920, 74875ef7,23:13 2025-10-10
ETHFIUSDT,Trade,12.9,1.1848,1.2872,5.5E-4,0.00840616,USDT,0.00840616,Long,Market, 23dc35cc, 74875ef7,23:13 2025-10-10
ETHFIUSDT,Trade,4.3,1.1847,1.2872,5.5E-4,0.00280182,USDT,0.00280182,Long,Market, 1ede16c3, 74875ef7,23:13 2025-10-10
ETHFIUSDT,Trade,422.6,1.1847,1.2872,5.5E-4,0.27535983,USDT,0.27535983,Long,Market, f45b7f75, 74875ef7,23:13 2025-10-10
ETHFIUSDT,Trade,26.1,1.1847,1.2872,5.5E-4,0.01700637,USDT,0.01700637,Long,Market, 26a32c36, 74875ef7,23:13 2025-10-10
ETHFIUSDT,Trade,12.9,1.1847,1.2872,5.5E-4,0.00840545,USDT,0.00840545,Long,Market, 2606a478, 74875ef7,23:13 2025-10-10
ETHFIUSDT,Trade,0.9,1.1847,1.2872,5.5E-4,5.8643E-4,USDT,0.00058643,Long,Market, 68ba0ab0, 74875ef7,23:13 2025-10-10
ETHFIUSDT,Trade,6.0,1.1846,1.2872,5.5E-4,0.00390918,USDT,0.00390918,Long,Market, 70aebb72, 74875ef7,23:13 2025-10-10
ETHFIUSDT,Trade,231.1,1.1846,1.2872,5.5E-4,0.15056859,USDT,0.15056859,Long,Market, bcf88711, 74875ef7,23:13 2025-10-10
ETHFIUSDT,Trade,26.1,1.1846,1.2872,5.5E-4,0.01700494,USDT,0.01700494,Long,Market, 19d57f67, 74875ef7,23:13 2025-10-10
ETHFIUSDT,Trade,12.9,1.1846,1.2872,5.5E-4,0.00840474,USDT,0.00840474,Long,Market, 3056519f, 74875ef7,23:13 2025-10-10
ETHFIUSDT,Trade,231.0,1.1845,1.2872,5.5E-4,0.15049073,USDT,0.15049073,Long,Market, 9cc1ddaf, 74875ef7,23:13 2025-10-10
ETHFIUSDT,Trade,26.1,1.1845,1.2872,5.5E-4,0.0170035,USDT,0.0170035,Long,Market, eefc2154, 74875ef7,23:13 2025-10-10
ETHFIUSDT,Trade,12.9,1.1845,1.2872,5.5E-4,0.00840403,USDT,0.00840403,Long,Market, 0cecac7b, 74875ef7,23:13 2025-10-10
ETHFIUSDT,Trade,26.1,1.1844,1.2872,5.5E-4,0.01700207,USDT,0.01700207,Long,Market, ec49e633, 74875ef7,23:13 2025-10-10
ETHFIUSDT,Trade,12.9,1.1844,1.2872,5.5E-4,0.00840332,USDT,0.00840332,Long,Market, b29faa2a, 74875ef7,23:13 2025-10-10
ETHFIUSDT,Trade,5.9,1.1844,1.2872,5.5E-4,0.00384338,USDT,0.00384338,Long,Market, 6870ee12, 74875ef7,23:13 2025-10-10
ETHFIUSDT,Trade,43.9,1.1843,1.2872,5.5E-4,0.02859493,USDT,0.02859493,Long,Market, 801ca2fe, 74875ef7,23:13 2025-10-10
ETHFIUSDT,Trade,26.1,1.1843,1.2872,5.5E-4,0.01700063,USDT,0.01700063,Long,Market, 04af8ccb, 74875ef7,23:13 2025-10-10
ETHFIUSDT,Trade,12.9,1.1843,1.2872,5.5E-4,0.00840261,USDT,0.00840261,Long,Market, 9b35bca5, 74875ef7,23:13 2025-10-10
ETHFIUSDT,Trade,43.9,1.1842,1.2872,5.5E-4,0.02859251,USDT,0.02859251,Long,Market, 5d9e1538, 74875ef7,23:13 2025-10-10
ETHFIUSDT,Trade,26.1,1.1842,1.2872,5.5E-4,0.0169992,USDT,0.0169992,Long,Market, 8fb5c5cc, 74875ef7,23:13 2025-10-10
ETHFIUSDT,Trade,12.9,1.1842,1.2872,5.5E-4,0.0084019,USDT,0.0084019,Long,Market, c8f4e4ec, 74875ef7,23:13 2025-10-10
ETHFIUSDT,Trade,26.1,1.1841,1.2872,5.5E-4,0.01699776,USDT,0.01699776,Long,Market, 457135b1, 74875ef7,23:13 2025-10-10
ETHFIUSDT,Trade,12.9,1.1841,1.2872,5.5E-4,0.00840119,USDT,0.00840119,Long,Market, 34c0bb4e, 74875ef7,23:13 2025-10-10
ETHFIUSDT,Trade,26.1,1.184,1.2872,5.5E-4,0.01699632,USDT,0.01699632,Long,Market, e3a94b90, 74875ef7,23:13 2025-10-10
ETHFIUSDT,Trade,12.9,1.184,1.2872,5.5E-4,0.00840048,USDT,0.00840048,Long,Market, 59a419af, 74875ef7,23:13 2025-10-10
ETHFIUSDT,Trade,1.7,1.184,1.2872,5.5E-4,0.00110704,USDT,0.00110704,Long,Market, 8373856a, 74875ef7,23:13 2025-10-10
ETHFIUSDT,Trade,26.1,1.1839,1.2872,5.5E-4,0.01699489,USDT,0.01699489,Long,Market, 9420eeb7, 74875ef7,23:13 2025-10-10
ETHFIUSDT,Trade,12.9,1.1839,1.2872,5.5E-4,0.00839978,USDT,0.00839978,Long,Market, 9a364908, 74875ef7,23:13 2025-10-10
ETHFIUSDT,Trade,6.0,1.1838,1.2872,5.5E-4,0.00390654,USDT,0.00390654,Long,Market, 368d051d, 74875ef7,23:13 2025-10-10
ETHFIUSDT,Trade,26.1,1.1838,1.2872,5.5E-4,0.01699345,USDT,0.01699345,Long,Market, 5abf44e8, 74875ef7,23:13 2025-10-10
ETHFIUSDT,Trade,12.9,1.1838,1.2872,5.5E-4,0.00839907,USDT,0.00839907,Long,Market, fce3f3b9, 74875ef7,23:13 2025-10-10
ETHFIUSDT,Trade,0.1,1.1838,1.2872,5.5E-4,6.511E-5,USDT,0.00006511,Long,Market, 94aab1e0, 74875ef7,23:13 2025-10-10
ETHFIUSDT,Trade,0.9,1.1838,1.2872,5.5E-4,5.8599E-4,USDT,0.00058599,Long,Market, 7f46548a, 74875ef7,23:13 2025-10-10
ETHFIUSDT,Trade,26.1,1.1837,1.2872,5.5E-4,0.01699202,USDT,0.01699202,Long,Market, bd71d70f, 74875ef7,23:13 2025-10-10
ETHFIUSDT,Trade,12.9,1.1837,1.2872,5.5E-4,0.00839836,USDT,0.00839836,Long,Market, 1b1cdb08, 74875ef7,23:13 2025-10-10
ETHFIUSDT,Trade,26.1,1.1836,1.2872,5.5E-4,0.01699058,USDT,0.01699058,Long,Market, 874996c9, 74875ef7,23:13 2025-10-10
ETHFIUSDT,Trade,12.9,1.1836,1.2872,5.5E-4,0.00839765,USDT,0.00839765,Long,Market, 6b16ecf0, 74875ef7,23:13 2025-10-10
ETHFIUSDT,Trade,34.3,1.1836,1.2872,5.5E-4,0.02232862,USDT,0.02232862,Long,Market, bdac7d05, 74875ef7,23:13 2025-10-10
ETHFIUSDT,Trade,26.1,1.1835,1.2872,5.5E-4,0.01698915,USDT,0.01698915,Long,Market, c47dce9f, 74875ef7,23:13 2025-10-10
ETHFIUSDT,Trade,12.9,1.1835,1.2872,5.5E-4,0.00839694,USDT,0.00839694,Long,Market, 28a258c8, 74875ef7,23:13 2025-10-10
ETHFIUSDT,Trade,43.9,1.1835,1.2872,5.5E-4,0.02857561,USDT,0.02857561,Long,Market, 83373827, 74875ef7,23:13 2025-10-10
ETHFIUSDT,Trade,17.5,1.1834,1.2872,5.5E-4,0.01139023,USDT,0.01139023,Long,Market, 4429a644, 74875ef7,23:13 2025-10-10
ETHFIUSDT,Trade,26.1,1.1834,1.2872,5.5E-4,0.01698771,USDT,0.01698771,Long,Market, 8af99180, 74875ef7,23:13 2025-10-10
ETHFIUSDT,Trade,12.9,1.1834,1.2872,5.5E-4,0.00839623,USDT,0.00839623,Long,Market, 499d07d2, 74875ef7,23:13 2025-10-10
ETHFIUSDT,Trade,26.1,1.1833,1.2872,5.5E-4,0.01698628,USDT,0.01698628,Long,Market, 3c473893, 74875ef7,23:13 2025-10-10
ETHFIUSDT,Trade,12.9,1.1833,1.2872,5.5E-4,0.00839552,USDT,0.00839552,Long,Market, 94a5e08e, 74875ef7,23:13 2025-10-10
ETHFIUSDT,Trade,170.5,1.1833,1.2872,5.5E-4,0.11096396,USDT,0.11096396,Long,Market, a722898e, 74875ef7,23:13 2025-10-10
ETHFIUSDT,Trade,26.1,1.1832,1.2872,5.5E-4,0.01698484,USDT,0.01698484,Long,Market, 5899b125, 74875ef7,23:13 2025-10-10
ETHFIUSDT,Trade,12.9,1.1832,1.2872,5.5E-4,0.00839481,USDT,0.00839481,Long,Market, b2e31816, 74875ef7,23:13 2025-10-10
ETHFIUSDT,Trade,43.9,1.1832,1.2872,5.5E-4,0.02856837,USDT,0.02856837,Long,Market, deb1a7da, 74875ef7,23:13 2025-10-10
ETHFIUSDT,Trade,26.1,1.1831,1.2872,5.5E-4,0.01698341,USDT,0.01698341,Long,Market, 5bdbd11f, 74875ef7,23:13 2025-10-10
ETHFIUSDT,Trade,12.9,1.1831,1.2872,5.5E-4,0.0083941,USDT,0.0083941,Long,Market, 927c82fe, 74875ef7,23:13 2025-10-10
ETHFIUSDT,Trade,26.1,1.183,1.2872,5.5E-4,0.01698197,USDT,0.01698197,Long,Market, f00a8c7b, 74875ef7,23:13 2025-10-10
ETHFIUSDT,Trade,12.9,1.183,1.2872,5.5E-4,0.00839339,USDT,0.00839339,Long,Market, 29ddc98f, 74875ef7,23:13 2025-10-10
ETHFIUSDT,Trade,20.2,1.1829,1.2872,5.5E-4,0.01314202,USDT,0.01314202,Long,Market, 7295616d, 74875ef7,23:13 2025-10-10
ETHFIUSDT,Trade,17.5,1.1829,1.2872,5.5E-4,0.01138542,USDT,0.01138542,Long,Market, 528ebbc9, 74875ef7,23:13 2025-10-10
ETHFIUSDT,Trade,26.1,1.1829,1.2872,5.5E-4,0.01698053,USDT,0.01698053,Long,Market, a90f94ab, 74875ef7,23:13 2025-10-10
ETHFIUSDT,Trade,12.9,1.1829,1.2872,5.5E-4,0.00839268,USDT,0.00839268,Long,Market, 514442a8, 74875ef7,23:13 2025-10-10
ETHFIUSDT,Trade,0.9,1.1829,1.2872,5.5E-4,5.8554E-4,USDT,0.00058554,Long,Market, ebdd5cfc, 74875ef7,23:13 2025-10-10
ETHFIUSDT,Trade,40.0,1.1828,1.2872,5.5E-4,0.0260216,USDT,0.0260216,Long,Market, f1d4588d, 74875ef7,23:13 2025-10-10
ETHFIUSDT,Trade,26.1,1.1828,1.2872,5.5E-4,0.0169791,USDT,0.0169791,Long,Market, b8d0a0fa, 74875ef7,23:13 2025-10-10
ETHFIUSDT,Trade,12.9,1.1828,1.2872,5.5E-4,0.00839197,USDT,0.00839197,Long,Market, a960aacb, 74875ef7,23:13 2025-10-10
ETHFIUSDT,Trade,26.1,1.1827,1.2872,5.5E-4,0.01697766,USDT,0.01697766,Long,Market, 84e11d25, 74875ef7,23:13 2025-10-10
ETHFIUSDT,Trade,12.9,1.1827,1.2872,5.5E-4,0.00839126,USDT,0.00839126,Long,Market, 0455c61d, 74875ef7,23:13 2025-10-10
ETHFIUSDT,Trade,26.1,1.1826,1.2872,5.5E-4,0.01697623,USDT,0.01697623,Long,Market, 695477af, 74875ef7,23:13 2025-10-10
ETHFIUSDT,Trade,12.9,1.1826,1.2872,5.5E-4,0.00839055,USDT,0.00839055,Long,Market, fa88d407, 74875ef7,23:13 2025-10-10
ETHFIUSDT,Trade,43.9,1.1826,1.2872,5.5E-4,0.02855388,USDT,0.02855388,Long,Market, 1f265b43, 74875ef7,23:13 2025-10-10
ETHFIUSDT,Trade,26.1,1.1825,1.2872,5.5E-4,0.01697479,USDT,0.01697479,Long,Market, 3927acf9, 74875ef7,23:13 2025-10-10
ETHFIUSDT,Trade,12.9,1.1825,1.2872,5.5E-4,0.00838984,USDT,0.00838984,Long,Market, 4b94f9ba, 74875ef7,23:13 2025-10-10
ETHFIUSDT,Trade,20.2,1.1825,1.2872,5.5E-4,0.01313758,USDT,0.01313758,Long,Market, d12121a4, 74875ef7,23:13 2025-10-10
ETHFIUSDT,Trade,17.5,1.1825,1.2872,5.5E-4,0.01138157,USDT,0.01138157,Long,Market, 7c216736, 74875ef7,23:13 2025-10-10
ETHFIUSDT,Trade,22.1,1.1824,1.2872,5.5E-4,0.01437208,USDT,0.01437208,Long,Market, 06733891, 74875ef7,23:13 2025-10-10
ETHFIUSDT,Trade,21.8,1.1824,1.2872,5.5E-4,0.01417698,USDT,0.01417698,Long,Market, 385692b7, 74875ef7,23:13 2025-10-10
ETHFIUSDT,Trade,49.7,1.1824,1.2872,5.5E-4,0.03232091,USDT,0.03232091,Long,Market, 0efa0700, 74875ef7,23:13 2025-10-10
ETHFIUSDT,Trade,12.9,1.1824,1.2872,5.5E-4,0.00838913,USDT,0.00838913,Long,Market, fafbf654, 74875ef7,23:13 2025-10-10
ETHFIUSDT,Trade,26.1,1.1824,1.2872,5.5E-4,0.01697336,USDT,0.01697336,Long,Market, d9fadb42, 74875ef7,23:13 2025-10-10
ETHFIUSDT,Trade,26.1,1.1823,1.2872,5.5E-4,0.01697192,USDT,0.01697192,Long,Market, fdfc7ccf, 74875ef7,23:13 2025-10-10
ETHFIUSDT,Trade,0.9,1.182,1.2872,5.5E-4,5.8509E-4,USDT,0.00058509,Long,Market, ecbe29f2, 74875ef7,23:13 2025-10-10
ETHFIUSDT,Trade,68.5,1.1856,1.2872,5.5E-4,0.04466748,USDT,0.04466748,Long,Market, f8e282f7, 74875ef7,23:13 2025-10-10
ETHFIUSDT,Trade,26.1,1.1856,1.2872,5.5E-4,0.01701929,USDT,0.01701929,Long,Market, 4b349ca6, 74875ef7,23:13 2025-10-10
ETHFIUSDT,Trade,18.7,1.1719,1.0568,5.5E-4,0.012053,USDT,0.012053,Short,Market, 0accf736, 9f7f8b62,23:12 2025-10-10
ETHFIUSDT,Trade,12.5,1.1719,1.0568,5.5E-4,0.00805682,USDT,0.00805682,Short,Market, 2b4b01eb, 9f7f8b62,23:12 2025-10-10
ETHFIUSDT,Trade,25.5,1.1719,1.0568,5.5E-4,0.0164359,USDT,0.0164359,Short,Market, b7ea9c8d, 9f7f8b62,23:12 2025-10-10
ETHFIUSDT,Trade,37.4,1.172,1.0568,5.5E-4,0.02410804,USDT,0.02410804,Short,Market, d8b41516, 9f7f8b62,23:12 2025-10-10
ETHFIUSDT,Trade,12.5,1.172,1.0568,5.5E-4,0.0080575,USDT,0.0080575,Short,Market, 8e1de13c, 9f7f8b62,23:12 2025-10-10
ETHFIUSDT,Trade,25.5,1.172,1.0568,5.5E-4,0.0164373,USDT,0.0164373,Short,Market, d8c591b4, 9f7f8b62,23:12 2025-10-10
ETHFIUSDT,Trade,319.7,1.1721,1.0568,5.5E-4,0.20609621,USDT,0.20609621,Short,Market, 43cada27, 9f7f8b62,23:12 2025-10-10
ETHFIUSDT,Trade,12.5,1.1721,1.0568,5.5E-4,0.00805819,USDT,0.00805819,Short,Market, 30d07006, 9f7f8b62,23:12 2025-10-10
ETHFIUSDT,Trade,25.5,1.1721,1.0568,5.5E-4,0.01643871,USDT,0.01643871,Short,Market, 4b5f5fe0, 9f7f8b62,23:12 2025-10-10
ETHFIUSDT,Trade,0.9,1.1721,1.0568,5.5E-4,5.8019E-4,USDT,0.00058019,Short,Market, 50bd10c3, 9f7f8b62,23:12 2025-10-10
ETHFIUSDT,Trade,18.0,1.1722,1.0568,5.5E-4,0.01160478,USDT,0.01160478,Short,Market, 9d3f56e3, 9f7f8b62,23:12 2025-10-10
ETHFIUSDT,Trade,24.8,1.1722,1.0568,5.5E-4,0.01598881,USDT,0.01598881,Short,Market, 67bc93c8, 9f7f8b62,23:12 2025-10-10
ETHFIUSDT,Trade,21.3,1.1722,1.0568,5.5E-4,0.01373233,USDT,0.01373233,Short,Market, 01fa5e86, 9f7f8b62,23:12 2025-10-10
ETHFIUSDT,Trade,27.0,1.1722,1.0568,5.5E-4,0.01740717,USDT,0.01740717,Short,Market, e9e7171f, 9f7f8b62,23:12 2025-10-10
ETHFIUSDT,Trade,37.4,1.1722,1.0568,5.5E-4,0.02411216,USDT,0.02411216,Short,Market, aeb6c023, 9f7f8b62,23:12 2025-10-10
ETHFIUSDT,Trade,12.5,1.1722,1.0568,5.5E-4,0.00805888,USDT,0.00805888,Short,Market, 228189f2, 9f7f8b62,23:12 2025-10-10
ETHFIUSDT,Trade,25.5,1.1722,1.0568,5.5E-4,0.01644011,USDT,0.01644011,Short,Market, 3ae2c3e8, 9f7f8b62,23:12 2025-10-10
ETHFIUSDT,Trade,12.5,1.1723,1.0568,5.5E-4,0.00805957,USDT,0.00805957,Short,Market, f438af12, 9f7f8b62,23:12 2025-10-10
ETHFIUSDT,Trade,25.5,1.1723,1.0568,5.5E-4,0.01644151,USDT,0.01644151,Short,Market, ab013045, 9f7f8b62,23:12 2025-10-10
ETHFIUSDT,Trade,1.7,1.1723,1.0568,5.5E-4,0.00109611,USDT,0.00109611,Short,Market, 1f1c99d3, 9f7f8b62,23:12 2025-10-10
ETHFIUSDT,Trade,12.5,1.1724,1.0568,5.5E-4,0.00806025,USDT,0.00806025,Short,Market, b10def0f, 9f7f8b62,23:12 2025-10-10
ETHFIUSDT,Trade,25.5,1.1724,1.0568,5.5E-4,0.01644291,USDT,0.01644291,Short,Market, 1c9f64b3, 9f7f8b62,23:12 2025-10-10
ETHFIUSDT,Trade,38.3,1.1725,1.0568,5.5E-4,0.02469872,USDT,0.02469872,Short,Market, bc83b2b2, 9f7f8b62,23:12 2025-10-10
ETHFIUSDT,Trade,25.5,1.1725,1.0568,5.5E-4,0.01644432,USDT,0.01644432,Short,Market, 4029f795, 9f7f8b62,23:12 2025-10-10
ETHFIUSDT,Trade,12.5,1.1725,1.0568,5.5E-4,0.00806094,USDT,0.00806094,Short,Market, 3d42c84e, 9f7f8b62,23:12 2025-10-10
ETHFIUSDT,Trade,12.6,1.1726,1.0568,5.5E-4,0.00812612,USDT,0.00812612,Short,Market, 5e377030, 9f7f8b62,23:12 2025-10-10
ETHFIUSDT,Trade,25.5,1.1726,1.0568,5.5E-4,0.01644572,USDT,0.01644572,Short,Market, a14454fa, 9f7f8b62,23:12 2025-10-10
ETHFIUSDT,Trade,12.6,1.1727,1.0568,5.5E-4,0.00812682,USDT,0.00812682,Short,Market, e4b1bce4, 9f7f8b62,23:12 2025-10-10
ETHFIUSDT,Trade,25.6,1.1727,1.0568,5.5E-4,0.01651162,USDT,0.01651162,Short,Market, 08d14f9c, 9f7f8b62,23:12 2025-10-10
ETHFIUSDT,Trade,25.6,1.1728,1.0568,5.5E-4,0.01651303,USDT,0.01651303,Short,Market, 701570db, 9f7f8b62,23:12 2025-10-10
ETHFIUSDT,Trade,42.4,1.173,1.0568,5.5E-4,0.02735436,USDT,0.02735436,Short,Market, 556f8240, 9f7f8b62,23:12 2025-10-10
ETHFIUSDT,Trade,0.9,1.173,1.0568,5.5E-4,5.8064E-4,USDT,0.00058064,Short,Market, 946c835d, 9f7f8b62,23:12 2025-10-10
ETHFIUSDT,Trade,46.8,1.1731,1.0568,5.5E-4,0.0301956,USDT,0.0301956,Short,Market, ede496a5, 9f7f8b62,23:12 2025-10-10
BTCUSDT,Trade,0.033,113478.7,114616,5.5E-4,2.05963841,USDT,2.05963841,Long,Market, be733c84, af5b8367,22:53 2025-10-10
ETHFIUSDT,Trade,2.4,1.047,0.9466,5.5E-4,0.00138204,USDT,0.00138204,Short,Market, 8a8ecafe, 631a093f,22:23 2025-10-10
ETHFIUSDT,Trade,17.8,1.047,0.9466,5.5E-4,0.01025013,USDT,0.01025013,Short,Market, c50d8716, 631a093f,22:23 2025-10-10
ETHFIUSDT,Trade,16.9,1.0471,0.9466,5.5E-4,0.0097328,USDT,0.0097328,Short,Market, 1b4492d2, 631a093f,22:23 2025-10-10
ETHFIUSDT,Trade,9.5,1.0471,0.9466,5.5E-4,0.0054711,USDT,0.0054711,Short,Market, beab122e, 631a093f,22:23 2025-10-10
ETHFIUSDT,Trade,17.8,1.0471,0.9466,5.5E-4,0.01025111,USDT,0.01025111,Short,Market, 7cb31120, 631a093f,22:23 2025-10-10
ETHFIUSDT,Trade,48.3,1.0472,0.9466,5.5E-4,0.02781887,USDT,0.02781887,Short,Market, c2419e7b, 631a093f,22:23 2025-10-10
ETHFIUSDT,Trade,6.0,1.0472,0.9466,5.5E-4,0.00345576,USDT,0.00345576,Short,Market, 44dcab4a, 631a093f,22:23 2025-10-10
ETHFIUSDT,Trade,9.5,1.0472,0.9466,5.5E-4,0.00547162,USDT,0.00547162,Short,Market, 7da167dc, 631a093f,22:23 2025-10-10
ETHFIUSDT,Trade,17.8,1.0472,0.9466,5.5E-4,0.01025209,USDT,0.01025209,Short,Market, 4475597d, 631a093f,22:23 2025-10-10
ETHFIUSDT,Trade,49.1,1.0473,0.9466,5.5E-4,0.02828234,USDT,0.02828234,Short,Market, b30a2e9a, 631a093f,22:23 2025-10-10
ETHFIUSDT,Trade,6.0,1.0473,0.9466,5.5E-4,0.00345609,USDT,0.00345609,Short,Market, e7e8444f, 631a093f,22:23 2025-10-10
ETHFIUSDT,Trade,9.5,1.0473,0.9466,5.5E-4,0.00547215,USDT,0.00547215,Short,Market, 32fec495, 631a093f,22:23 2025-10-10
ETHFIUSDT,Trade,17.8,1.0473,0.9466,5.5E-4,0.01025307,USDT,0.01025307,Short,Market, ab4ddae7, 631a093f,22:23 2025-10-10
ETHFIUSDT,Trade,16.9,1.0474,0.9466,5.5E-4,0.00973559,USDT,0.00973559,Short,Market, 446e9e39, 631a093f,22:23 2025-10-10
ETHFIUSDT,Trade,9.5,1.0474,0.9466,5.5E-4,0.00547267,USDT,0.00547267,Short,Market, c55ee6b8, 631a093f,22:23 2025-10-10
ETHFIUSDT,Trade,17.8,1.0474,0.9466,5.5E-4,0.01025405,USDT,0.01025405,Short,Market, 6484c691, 631a093f,22:23 2025-10-10
ETHFIUSDT,Trade,16.9,1.0475,0.9466,5.5E-4,0.00973652,USDT,0.00973652,Short,Market, 44d6ecea, 631a093f,22:23 2025-10-10
ETHFIUSDT,Trade,9.5,1.0475,0.9466,5.5E-4,0.00547319,USDT,0.00547319,Short,Market, 8795c8de, 631a093f,22:23 2025-10-10
ETHFIUSDT,Trade,17.8,1.0475,0.9466,5.5E-4,0.01025503,USDT,0.01025503,Short,Market, 09f2f941, 631a093f,22:23 2025-10-10
ETHFIUSDT,Trade,48.3,1.0476,0.9466,5.5E-4,0.0278295,USDT,0.0278295,Short,Market, 3403f8a8, 631a093f,22:23 2025-10-10
ETHFIUSDT,Trade,9.5,1.0476,0.9466,5.5E-4,0.00547371,USDT,0.00547371,Short,Market, 7f98ec0e, 631a093f,22:23 2025-10-10
ETHFIUSDT,Trade,17.8,1.0476,0.9466,5.5E-4,0.01025601,USDT,0.01025601,Short,Market, 29a4ada6, 631a093f,22:23 2025-10-10
ETHFIUSDT,Trade,86.6,1.0477,0.9466,5.5E-4,0.04990196,USDT,0.04990196,Short,Market, a7f06f51, 631a093f,22:23 2025-10-10
ETHFIUSDT,Trade,17.8,1.0477,0.9466,5.5E-4,0.01025699,USDT,0.01025699,Short,Market, 9858e098, 631a093f,22:23 2025-10-10
ETHFIUSDT,Trade,9.5,1.0477,0.9466,5.5E-4,0.00547424,USDT,0.00547424,Short,Market, 184d1ae2, 631a093f,22:23 2025-10-10
ETHFIUSDT,Trade,16.9,1.0478,0.9466,5.5E-4,0.00973931,USDT,0.00973931,Short,Market, e55fe0c7, 631a093f,22:23 2025-10-10
ETHFIUSDT,Trade,9.5,1.0478,0.9466,5.5E-4,0.00547476,USDT,0.00547476,Short,Market, 1936a5e2, 631a093f,22:23 2025-10-10
ETHFIUSDT,Trade,17.8,1.0478,0.9466,5.5E-4,0.01025797,USDT,0.01025797,Short,Market, f35e3d7d, 631a093f,22:23 2025-10-10
ETHFIUSDT,Trade,16.9,1.0479,0.9466,5.5E-4,0.00974024,USDT,0.00974024,Short,Market, f5e6d199, 631a093f,22:23 2025-10-10
ETHFIUSDT,Trade,9.5,1.0479,0.9466,5.5E-4,0.00547528,USDT,0.00547528,Short,Market, e07b7099, 631a093f,22:23 2025-10-10
ETHFIUSDT,Trade,17.8,1.0479,0.9466,5.5E-4,0.01025895,USDT,0.01025895,Short,Market, bedd07e6, 631a093f,22:23 2025-10-10
ETHFIUSDT,Trade,48.3,1.048,0.9466,5.5E-4,0.02784012,USDT,0.02784012,Short,Market, f20fbdee, 631a093f,22:23 2025-10-10
ETHFIUSDT,Trade,9.5,1.048,0.9466,5.5E-4,0.0054758,USDT,0.0054758,Short,Market, 5797dd63, 631a093f,22:23 2025-10-10
ETHFIUSDT,Trade,17.8,1.048,0.9466,5.5E-4,0.01025992,USDT,0.01025992,Short,Market, fdfb36e7, 631a093f,22:23 2025-10-10
ETHFIUSDT,Trade,48.3,1.0481,0.9466,5.5E-4,0.02784278,USDT,0.02784278,Short,Market, bc6cd56c, 631a093f,22:23 2025-10-10
ETHFIUSDT,Trade,9.5,1.0481,0.9466,5.5E-4,0.00547633,USDT,0.00547633,Short,Market, 681df064, 631a093f,22:23 2025-10-10
ETHFIUSDT,Trade,17.8,1.0481,0.9466,5.5E-4,0.0102609,USDT,0.0102609,Short,Market, 4acc0277, 631a093f,22:23 2025-10-10
ETHFIUSDT,Trade,47.4,1.0482,0.9466,5.5E-4,0.02732658,USDT,0.02732658,Short,Market, 5099d6dd, 631a093f,22:23 2025-10-10
ETHFIUSDT,Trade,16.9,1.0482,0.9466,5.5E-4,0.00974302,USDT,0.00974302,Short,Market, 554f33ac, 631a093f,22:23 2025-10-10
ETHFIUSDT,Trade,17.8,1.0482,0.9466,5.5E-4,0.01026188,USDT,0.01026188,Short,Market, 6829af0e, 631a093f,22:23 2025-10-10
ETHFIUSDT,Trade,9.5,1.0482,0.9466,5.5E-4,0.00547685,USDT,0.00547685,Short,Market, 71d362f5, 631a093f,22:23 2025-10-10
ETHFIUSDT,Trade,48.3,1.0483,0.9466,5.5E-4,0.02784809,USDT,0.02784809,Short,Market, 46b4541a, 631a093f,22:23 2025-10-10
ETHFIUSDT,Trade,16.9,1.0483,0.9466,5.5E-4,0.00974395,USDT,0.00974395,Short,Market, 1dd3464c, 631a093f,22:23 2025-10-10
ETHFIUSDT,Trade,9.5,1.0483,0.9466,5.5E-4,0.00547737,USDT,0.00547737,Short,Market, 53ac54bf, 631a093f,22:23 2025-10-10
ETHFIUSDT,Trade,17.8,1.0483,0.9466,5.5E-4,0.01026286,USDT,0.01026286,Short,Market, dbb1e4ec, 631a093f,22:23 2025-10-10
ETHFIUSDT,Trade,9.5,1.0484,0.9466,5.5E-4,0.00547789,USDT,0.00547789,Short,Market, 50a8611a, 631a093f,22:23 2025-10-10
ETHFIUSDT,Trade,17.8,1.0484,0.9466,5.5E-4,0.01026384,USDT,0.01026384,Short,Market, 93a49a71, 631a093f,22:23 2025-10-10
ETHFIUSDT,Trade,9.5,1.0485,0.9466,5.5E-4,0.00547842,USDT,0.00547842,Short,Market, 8f4ea5fa, 631a093f,22:23 2025-10-10
ETHFIUSDT,Trade,17.8,1.0485,0.9466,5.5E-4,0.01026482,USDT,0.01026482,Short,Market, 9917d816, 631a093f,22:23 2025-10-10
ETHFIUSDT,Trade,1.7,1.0488,0.9466,5.5E-4,9.8063E-4,USDT,0.00098063,Short,Market, c707f986, 631a093f,22:23 2025-10-10
ETHFIUSDT,Trade,16.9,1.0489,0.9466,5.5E-4,0.00974953,USDT,0.00974953,Short,Market, 7d2c5b11, 631a093f,22:23 2025-10-10
BTCUSDT,Trade,0.026,113566.2,114640,5.5E-4,1.62399666,USDT,1.62399666,Long,Market, 077d8e67, bd14938d,22:16 2025-10-10
ETHFIUSDT,Trade,20.9,1.0479,1.1417,5.5E-4,0.01204562,USDT,0.01204562,Long,Market, 10e2fdb2, 72b0b2d3,22:12 2025-10-10
ETHFIUSDT,Trade,19.6,1.0479,1.1417,5.5E-4,0.01129637,USDT,0.01129637,Long,Market, 2297cc9c, 72b0b2d3,22:12 2025-10-10
ETHFIUSDT,Trade,9.6,1.0479,1.1417,5.5E-4,0.00553292,USDT,0.00553292,Long,Market, 094800a2, 72b0b2d3,22:12 2025-10-10
ETHFIUSDT,Trade,19.6,1.0478,1.1417,5.5E-4,0.01129529,USDT,0.01129529,Long,Market, 969d71a6, 72b0b2d3,22:12 2025-10-10
ETHFIUSDT,Trade,9.6,1.0478,1.1417,5.5E-4,0.00553239,USDT,0.00553239,Long,Market, 0285db17, 72b0b2d3,22:12 2025-10-10
ETHFIUSDT,Trade,48.3,1.0477,1.1417,5.5E-4,0.02783216,USDT,0.02783216,Long,Market, e5273d46, 72b0b2d3,22:12 2025-10-10
ETHFIUSDT,Trade,19.6,1.0477,1.1417,5.5E-4,0.01129421,USDT,0.01129421,Long,Market, 837a7894, 72b0b2d3,22:12 2025-10-10
ETHFIUSDT,Trade,9.6,1.0477,1.1417,5.5E-4,0.00553186,USDT,0.00553186,Long,Market, 2a2cfbb5, 72b0b2d3,22:12 2025-10-10
ETHFIUSDT,Trade,89.6,1.0476,1.1417,5.5E-4,0.05162573,USDT,0.05162573,Long,Market, b9837764, 72b0b2d3,22:12 2025-10-10
ETHFIUSDT,Trade,75.7,1.0476,1.1417,5.5E-4,0.04361683,USDT,0.04361683,Long,Market, 103ca420, 72b0b2d3,22:12 2025-10-10
ETHFIUSDT,Trade,19.6,1.0476,1.1417,5.5E-4,0.01129313,USDT,0.01129313,Long,Market, 523225d9, 72b0b2d3,22:12 2025-10-10
ETHFIUSDT,Trade,9.6,1.0476,1.1417,5.5E-4,0.00553133,USDT,0.00553133,Long,Market, 7d164141, 72b0b2d3,22:12 2025-10-10
ETHFIUSDT,Trade,95.6,1.0475,1.1417,5.5E-4,0.05507755,USDT,0.05507755,Long,Market, e5708c57, 72b0b2d3,22:12 2025-10-10
ETHFIUSDT,Trade,140.3,1.0475,1.1417,5.5E-4,0.08083034,USDT,0.08083034,Long,Market, 9cdbcebb, 72b0b2d3,22:12 2025-10-10
ETHFIUSDT,Trade,19.6,1.0475,1.1417,5.5E-4,0.01129205,USDT,0.01129205,Long,Market, f00c4180, 72b0b2d3,22:12 2025-10-10
ETHFIUSDT,Trade,9.6,1.0475,1.1417,5.5E-4,0.0055308,USDT,0.0055308,Long,Market, 8b241295, 72b0b2d3,22:12 2025-10-10
ETHFIUSDT,Trade,9.6,1.0474,1.1417,5.5E-4,0.00553028,USDT,0.00553028,Long,Market, dcd1c05e, 72b0b2d3,22:12 2025-10-10
ETHFIUSDT,Trade,19.6,1.0474,1.1417,5.5E-4,0.01129098,USDT,0.01129098,Long,Market, 48ba5795, 72b0b2d3,22:12 2025-10-10
ETHFIUSDT,Trade,92.0,1.0473,1.1417,5.5E-4,0.05299338,USDT,0.05299338,Long,Market, 080640b6, 72b0b2d3,22:12 2025-10-10
ETHFIUSDT,Trade,81.5,1.0473,1.1417,5.5E-4,0.04694523,USDT,0.04694523,Long,Market, 816ce6ef, 72b0b2d3,22:12 2025-10-10
ETHFIUSDT,Trade,9.6,1.0473,1.1417,5.5E-4,0.00552975,USDT,0.00552975,Long,Market, 95d338db, 72b0b2d3,22:12 2025-10-10
ETHFIUSDT,Trade,19.6,1.0473,1.1417,5.5E-4,0.0112899,USDT,0.0112899,Long,Market, 8d119403, 72b0b2d3,22:12 2025-10-10
ETHFIUSDT,Trade,48.3,1.0473,1.1417,5.5E-4,0.02782153,USDT,0.02782153,Long,Market, 287d2bd1, 72b0b2d3,22:12 2025-10-10
ETHFIUSDT,Trade,97.3,1.0472,1.1417,5.5E-4,0.05604091,USDT,0.05604091,Long,Market, b0fbbb28, 72b0b2d3,22:12 2025-10-10
ETHFIUSDT,Trade,9.6,1.0472,1.1417,5.5E-4,0.00552922,USDT,0.00552922,Long,Market, fe06c18c, 72b0b2d3,22:12 2025-10-10
ETHFIUSDT,Trade,19.6,1.0472,1.1417,5.5E-4,0.01128882,USDT,0.01128882,Long,Market, c3d297ea, 72b0b2d3,22:12 2025-10-10
ETHFIUSDT,Trade,48.3,1.0471,1.1417,5.5E-4,0.02781622,USDT,0.02781622,Long,Market, 19e85582, 72b0b2d3,22:12 2025-10-10
ETHFIUSDT,Trade,9.6,1.0471,1.1417,5.5E-4,0.00552869,USDT,0.00552869,Long,Market, 0f827ece, 72b0b2d3,22:12 2025-10-10
ETHFIUSDT,Trade,19.6,1.0471,1.1417,5.5E-4,0.01128774,USDT,0.01128774,Long,Market, 4a09758b, 72b0b2d3,22:12 2025-10-10
ETHFIUSDT,Trade,90.2,1.047,1.1417,5.5E-4,0.05194167,USDT,0.05194167,Long,Market, 3a79a4d0, 72b0b2d3,22:12 2025-10-10
ETHFIUSDT,Trade,65.2,1.047,1.1417,5.5E-4,0.03754542,USDT,0.03754542,Long,Market, 76db226f, 72b0b2d3,22:12 2025-10-10
ETHFIUSDT,Trade,104.3,1.047,1.1417,5.5E-4,0.06006116,USDT,0.06006116,Long,Market, 94718ddf, 72b0b2d3,22:12 2025-10-10
ETHFIUSDT,Trade,9.6,1.0469,1.1417,5.5E-4,0.00552764,USDT,0.00552764,Long,Market, 5ca99436, 72b0b2d3,22:12 2025-10-10
ETHFIUSDT,Trade,19.6,1.0469,1.1417,5.5E-4,0.01128559,USDT,0.01128559,Long,Market, 4f11e129, 72b0b2d3,22:12 2025-10-10
ETHFIUSDT,Trade,48.3,1.0469,1.1417,5.5E-4,0.0278109,USDT,0.0278109,Long,Market, 360a301b, 72b0b2d3,22:12 2025-10-10
ETHFIUSDT,Trade,34.8,1.0469,1.1417,5.5E-4,0.02003767,USDT,0.02003767,Long,Market, 92f3909d, 72b0b2d3,22:12 2025-10-10
ETHFIUSDT,Trade,9.6,1.0468,1.1417,5.5E-4,0.00552711,USDT,0.00552711,Long,Market, af3af3fa, 72b0b2d3,22:12 2025-10-10
ETHFIUSDT,Trade,19.6,1.0468,1.1417,5.5E-4,0.01128451,USDT,0.01128451,Long,Market, 7e896830, 72b0b2d3,22:12 2025-10-10
ETHFIUSDT,Trade,9.6,1.0467,1.1417,5.5E-4,0.00552658,USDT,0.00552658,Long,Market, 7e89aa0e, 72b0b2d3,22:12 2025-10-10
ETHFIUSDT,Trade,19.6,1.0467,1.1417,5.5E-4,0.01128343,USDT,0.01128343,Long,Market, 088e56e7, 72b0b2d3,22:12 2025-10-10
ETHFIUSDT,Trade,90.2,1.0467,1.1417,5.5E-4,0.05192679,USDT,0.05192679,Long,Market, f338f3b0, 72b0b2d3,22:12 2025-10-10
ETHFIUSDT,Trade,32.8,1.0467,1.1417,5.5E-4,0.01888247,USDT,0.01888247,Long,Market, 9720c756, 72b0b2d3,22:12 2025-10-10
ETHFIUSDT,Trade,1.7,1.0467,1.1417,5.5E-4,9.7867E-4,USDT,0.00097867,Long,Market, 9a243b50, 72b0b2d3,22:12 2025-10-10
ETHFIUSDT,Trade,9.6,1.0466,1.1417,5.5E-4,0.00552605,USDT,0.00552605,Long,Market, 21ce3f92, 72b0b2d3,22:12 2025-10-10
ETHFIUSDT,Trade,19.6,1.0466,1.1417,5.5E-4,0.01128235,USDT,0.01128235,Long,Market, 89377276, 72b0b2d3,22:12 2025-10-10
ETHFIUSDT,Trade,9.6,1.0465,1.1417,5.5E-4,0.00552552,USDT,0.00552552,Long,Market, 48b6ad27, 72b0b2d3,22:12 2025-10-10
ETHFIUSDT,Trade,19.6,1.0465,1.1417,5.5E-4,0.01128127,USDT,0.01128127,Long,Market, 15e1fbd8, 72b0b2d3,22:12 2025-10-10
ETHFIUSDT,Trade,48.3,1.0465,1.1417,5.5E-4,0.02780028,USDT,0.02780028,Long,Market, 6abae1ed, 72b0b2d3,22:12 2025-10-10
ETHFIUSDT,Trade,9.6,1.0464,1.1417,5.5E-4,0.005525,USDT,0.005525,Long,Market, 7a998008, 72b0b2d3,22:12 2025-10-10
ETHFIUSDT,Trade,19.6,1.0464,1.1417,5.5E-4,0.0112802,USDT,0.0112802,Long,Market, da3a7d5d, 72b0b2d3,22:12 2025-10-10
ETHFIUSDT,Trade,9.6,1.0463,1.1417,5.5E-4,0.00552447,USDT,0.00552447,Long,Market, 9cf254ba, 72b0b2d3,22:12 2025-10-10
ETHFIUSDT,Trade,19.6,1.0463,1.1417,5.5E-4,0.01127912,USDT,0.01127912,Long,Market, 11b01e23, 72b0b2d3,22:12 2025-10-10
ETHFIUSDT,Trade,13.3,1.0462,1.1417,5.5E-4,0.00765296,USDT,0.00765296,Long,Market, 66c36a68, 72b0b2d3,22:12 2025-10-10
ETHFIUSDT,Trade,9.6,1.0462,1.1417,5.5E-4,0.00552394,USDT,0.00552394,Long,Market, 1a2a8564, 72b0b2d3,22:12 2025-10-10
ETHFIUSDT,Trade,19.6,1.0462,1.1417,5.5E-4,0.01127804,USDT,0.01127804,Long,Market, f72403a6, 72b0b2d3,22:12 2025-10-10
ETHFIUSDT,Trade,48.3,1.0461,1.1417,5.5E-4,0.02778965,USDT,0.02778965,Long,Market, 067919e0, 72b0b2d3,22:12 2025-10-10
ETHFIUSDT,Trade,94.8,1.0458,1.1417,5.5E-4,0.05452802,USDT,0.05452802,Long,Market, a2ebc41b, 72b0b2d3,22:12 2025-10-10
BNBUSDT,Trade,0.06,1095.7,1149.4,5.5E-4,0.0361581,USDT,0.0361581,Long,Market, 8b0a3606, 5272b1e8,22:11 2025-10-10
BNBUSDT,Trade,0.53,1095.7,1149.4,5.5E-4,0.31939655,USDT,0.31939655,Long,Market, 3d895e70, 5272b1e8,22:11 2025-10-10
BNBUSDT,Trade,0.02,1095.7,1149.4,5.5E-4,0.0120527,USDT,0.0120527,Long,Market, 58d48a14, 5272b1e8,22:11 2025-10-10
BNBUSDT,Trade,0.27,1095.7,1149.4,5.5E-4,0.16271145,USDT,0.16271145,Long,Market, 94948d09, 5272b1e8,22:11 2025-10-10
BNBUSDT,Trade,0.26,1095.6,1149.4,5.5E-4,0.1566708,USDT,0.1566708,Long,Market, 0fde358d, 5272b1e8,22:11 2025-10-10
BNBUSDT,Trade,0.53,1095.6,1149.4,5.5E-4,0.3193674,USDT,0.3193674,Long,Market, e7824de7, 5272b1e8,22:11 2025-10-10
BNBUSDT,Trade,0.02,1095.6,1149.4,5.5E-4,0.0120516,USDT,0.0120516,Long,Market, 202f949e, 5272b1e8,22:11 2025-10-10
BNBUSDT,Trade,0.02,1095.6,1149.4,5.5E-4,0.0120516,USDT,0.0120516,Long,Market, bc79d87a, 5272b1e8,22:11 2025-10-10
BNBUSDT,Trade,0.27,1095.6,1149.4,5.5E-4,0.1626966,USDT,0.1626966,Long,Market, 0a743560, 5272b1e8,22:11 2025-10-10
BNBUSDT,Trade,0.26,1095.5,1149.4,5.5E-4,0.1566565,USDT,0.1566565,Long,Market, 3ea15518, 5272b1e8,22:11 2025-10-10
BNBUSDT,Trade,0.53,1095.5,1149.4,5.5E-4,0.31933825,USDT,0.31933825,Long,Market, 9e362c78, 5272b1e8,22:11 2025-10-10
BNBUSDT,Trade,1.83,1095.5,1149.4,5.5E-4,1.10262075,USDT,1.10262075,Long,Market, 64f3ae3b, 5272b1e8,22:11 2025-10-10
BNBUSDT,Trade,0.02,1095.5,1149.4,5.5E-4,0.0120505,USDT,0.0120505,Long,Market, d7e322c9, 5272b1e8,22:11 2025-10-10
BNBUSDT,Trade,0.1,1095.4,1149.4,5.5E-4,0.060247,USDT,0.060247,Long,Market, 1d820efc, 5272b1e8,22:11 2025-10-10
BNBUSDT,Trade,0.31,1095.4,1149.4,5.5E-4,0.1867657,USDT,0.1867657,Long,Market, ff4e29e7, 5272b1e8,22:11 2025-10-10
BNBUSDT,Trade,0.23,1095.4,1149.4,5.5E-4,0.1385681,USDT,0.1385681,Long,Market, 6246ad2a, 5272b1e8,22:11 2025-10-10
BNBUSDT,Trade,0.11,1095.3,1149.4,5.5E-4,0.06626565,USDT,0.06626565,Long,Market, 5d1f9ff8, 5272b1e8,22:11 2025-10-10
BNBUSDT,Trade,0.27,1095.2,1149.4,5.5E-4,0.1626372,USDT,0.1626372,Long,Market, c0c911ec, 5272b1e8,22:11 2025-10-10
SOLUSDT,Trade,6.4,178.56,170.31,5.5E-4,0.6285312,USDT,0.6285312,Short,Market, be39b063, c95a2b23,22:06 2025-10-10
ETHFIUSDT,Trade,150.8,1.0689,0.9684,5.5E-4,0.08865457,USDT,0.08865457,Short,Market, bfa859cc, 79fbd4a0,21:57 2025-10-10
ETHFIUSDT,Trade,9.2,1.0689,0.9684,5.5E-4,0.00540864,USDT,0.00540864,Short,Market, 34388f74, 79fbd4a0,21:57 2025-10-10
ETHFIUSDT,Trade,17.0,1.0689,0.9684,5.5E-4,0.00999422,USDT,0.00999422,Short,Market, 194c9a29, 79fbd4a0,21:57 2025-10-10
ETHFIUSDT,Trade,9.2,1.069,0.9684,5.5E-4,0.00540914,USDT,0.00540914,Short,Market, dc21a83d, 79fbd4a0,21:57 2025-10-10
ETHFIUSDT,Trade,17.0,1.069,0.9684,5.5E-4,0.00999515,USDT,0.00999515,Short,Market, f6664c19, 79fbd4a0,21:57 2025-10-10
ETHFIUSDT,Trade,9.2,1.0691,0.9684,5.5E-4,0.00540965,USDT,0.00540965,Short,Market, ddd30bf6, 79fbd4a0,21:57 2025-10-10
ETHFIUSDT,Trade,17.0,1.0691,0.9684,5.5E-4,0.00999609,USDT,0.00999609,Short,Market, f937e766, 79fbd4a0,21:57 2025-10-10
ETHFIUSDT,Trade,9.2,1.0692,0.9684,5.5E-4,0.00541016,USDT,0.00541016,Short,Market, e2e845aa, 79fbd4a0,21:57 2025-10-10
ETHFIUSDT,Trade,17.0,1.0692,0.9684,5.5E-4,0.00999702,USDT,0.00999702,Short,Market, b110d5c3, 79fbd4a0,21:57 2025-10-10
ETHFIUSDT,Trade,93.2,1.0693,0.9684,5.5E-4,0.05481232,USDT,0.05481232,Short,Market, 7bcb84eb, 79fbd4a0,21:57 2025-10-10
ETHFIUSDT,Trade,93.2,1.0693,0.9684,5.5E-4,0.05481232,USDT,0.05481232,Short,Market, 939fa894, 79fbd4a0,21:57 2025-10-10
ETHFIUSDT,Trade,9.2,1.0693,0.9684,5.5E-4,0.00541066,USDT,0.00541066,Short,Market, a4ced572, 79fbd4a0,21:57 2025-10-10
ETHFIUSDT,Trade,17.0,1.0693,0.9684,5.5E-4,0.00999796,USDT,0.00999796,Short,Market, 33156cac, 79fbd4a0,21:57 2025-10-10
ETHFIUSDT,Trade,9.2,1.0694,0.9684,5.5E-4,0.00541117,USDT,0.00541117,Short,Market, 8757d60d, 79fbd4a0,21:57 2025-10-10
ETHFIUSDT,Trade,17.0,1.0694,0.9684,5.5E-4,0.00999889,USDT,0.00999889,Short,Market, ad46b8ec, 79fbd4a0,21:57 2025-10-10
ETHFIUSDT,Trade,93.2,1.0695,0.9684,5.5E-4,0.05482257,USDT,0.05482257,Short,Market, 6271622e, 79fbd4a0,21:57 2025-10-10
ETHFIUSDT,Trade,93.2,1.0695,0.9684,5.5E-4,0.05482257,USDT,0.05482257,Short,Market, a80f1f9d, 79fbd4a0,21:57 2025-10-10
ETHFIUSDT,Trade,9.2,1.0695,0.9684,5.5E-4,0.00541167,USDT,0.00541167,Short,Market, 1a15e491, 79fbd4a0,21:57 2025-10-10
ETHFIUSDT,Trade,17.0,1.0695,0.9684,5.5E-4,0.00999983,USDT,0.00999983,Short,Market, a084a764, 79fbd4a0,21:57 2025-10-10
ETHFIUSDT,Trade,6.0,1.0696,0.9684,5.5E-4,0.00352968,USDT,0.00352968,Short,Market, 62ef7ddd, 79fbd4a0,21:57 2025-10-10
ETHFIUSDT,Trade,9.2,1.0696,0.9684,5.5E-4,0.00541218,USDT,0.00541218,Short,Market, edc85b1e, 79fbd4a0,21:57 2025-10-10
ETHFIUSDT,Trade,17.0,1.0696,0.9684,5.5E-4,0.01000076,USDT,0.01000076,Short,Market, 19c2e621, 79fbd4a0,21:57 2025-10-10
ETHFIUSDT,Trade,114.1,1.0696,0.9684,5.5E-4,0.06712275,USDT,0.06712275,Short,Market, f99b3a28, 79fbd4a0,21:57 2025-10-10
ETHFIUSDT,Trade,9.2,1.0697,0.9684,5.5E-4,0.00541269,USDT,0.00541269,Short,Market, 08629b99, 79fbd4a0,21:57 2025-10-10
ETHFIUSDT,Trade,17.0,1.0697,0.9684,5.5E-4,0.0100017,USDT,0.0100017,Short,Market, 3e930de0, 79fbd4a0,21:57 2025-10-10
ETHFIUSDT,Trade,6.0,1.0698,0.9684,5.5E-4,0.00353034,USDT,0.00353034,Short,Market, 97d81e78, 79fbd4a0,21:57 2025-10-10
ETHFIUSDT,Trade,9.2,1.0698,0.9684,5.5E-4,0.00541319,USDT,0.00541319,Short,Market, 21131fae, 79fbd4a0,21:57 2025-10-10
ETHFIUSDT,Trade,17.0,1.0698,0.9684,5.5E-4,0.01000263,USDT,0.01000263,Short,Market, 62f51f12, 79fbd4a0,21:57 2025-10-10
ETHFIUSDT,Trade,9.2,1.0699,0.9684,5.5E-4,0.0054137,USDT,0.0054137,Short,Market, e07e6ad8, 79fbd4a0,21:57 2025-10-10
ETHFIUSDT,Trade,17.0,1.0699,0.9684,5.5E-4,0.01000357,USDT,0.01000357,Short,Market, c34d4f2a, 79fbd4a0,21:57 2025-10-10
ETHFIUSDT,Trade,1.7,1.0699,0.9684,5.5E-4,0.00100036,USDT,0.00100036,Short,Market, 0988d70f, 79fbd4a0,21:57 2025-10-10
ETHFIUSDT,Trade,9.2,1.07,0.9684,5.5E-4,0.0054142,USDT,0.0054142,Short,Market, 888b5654, 79fbd4a0,21:57 2025-10-10
ETHFIUSDT,Trade,17.0,1.07,0.9684,5.5E-4,0.0100045,USDT,0.0100045,Short,Market, eeb4acb1, 79fbd4a0,21:57 2025-10-10
ETHFIUSDT,Trade,9.2,1.0701,0.9684,5.5E-4,0.00541471,USDT,0.00541471,Short,Market, fb8cb739, 79fbd4a0,21:57 2025-10-10
ETHFIUSDT,Trade,17.0,1.0701,0.9684,5.5E-4,0.01000544,USDT,0.01000544,Short,Market, e666e4ea, 79fbd4a0,21:57 2025-10-10
ETHFIUSDT,Trade,9.2,1.0702,0.9684,5.5E-4,0.00541522,USDT,0.00541522,Short,Market, 52e088f9, 79fbd4a0,21:57 2025-10-10
ETHFIUSDT,Trade,17.0,1.0702,0.9684,5.5E-4,0.01000637,USDT,0.01000637,Short,Market, a0f77b57, 79fbd4a0,21:57 2025-10-10
ETHFIUSDT,Trade,9.2,1.0703,0.9684,5.5E-4,0.00541572,USDT,0.00541572,Short,Market, 7a160794, 79fbd4a0,21:57 2025-10-10
ETHFIUSDT,Trade,17.0,1.0703,0.9684,5.5E-4,0.01000731,USDT,0.01000731,Short,Market, e4c455d8, 79fbd4a0,21:57 2025-10-10
ETHFIUSDT,Trade,9.2,1.0704,0.9684,5.5E-4,0.00541623,USDT,0.00541623,Short,Market, ef8b90b1, 79fbd4a0,21:57 2025-10-10
ETHFIUSDT,Trade,17.0,1.0704,0.9684,5.5E-4,0.01000824,USDT,0.01000824,Short,Market, 4eaf5a98, 79fbd4a0,21:57 2025-10-10
ETHFIUSDT,Trade,91.9,1.0705,0.9684,5.5E-4,0.05410843,USDT,0.05410843,Short,Market, 21d6ca51, 79fbd4a0,21:57 2025-10-10
ETHFIUSDT,Trade,9.2,1.0705,0.9684,5.5E-4,0.00541673,USDT,0.00541673,Short,Market, 0d1966ba, 79fbd4a0,21:57 2025-10-10
ETHFIUSDT,Trade,17.0,1.0705,0.9684,5.5E-4,0.01000918,USDT,0.01000918,Short,Market, 35ecfdd0, 79fbd4a0,21:57 2025-10-10
ETHFIUSDT,Trade,93.2,1.0706,0.9684,5.5E-4,0.05487896,USDT,0.05487896,Short,Market, a0700e6c, 79fbd4a0,21:57 2025-10-10
ETHFIUSDT,Trade,93.2,1.0706,0.9684,5.5E-4,0.05487896,USDT,0.05487896,Short,Market, 612a3327, 79fbd4a0,21:57 2025-10-10
ETHFIUSDT,Trade,93.2,1.0706,0.9684,5.5E-4,0.05487896,USDT,0.05487896,Short,Market, 641a7a4a, 79fbd4a0,21:57 2025-10-10
ETHFIUSDT,Trade,9.2,1.0706,0.9684,5.5E-4,0.00541724,USDT,0.00541724,Short,Market, 34a04914, 79fbd4a0,21:57 2025-10-10
ETHFIUSDT,Trade,17.0,1.0706,0.9684,5.5E-4,0.01001011,USDT,0.01001011,Short,Market, b28e1288, 79fbd4a0,21:57 2025-10-10
ETHFIUSDT,Trade,9.2,1.0707,0.9684,5.5E-4,0.00541775,USDT,0.00541775,Short,Market, 55c39a8d, 79fbd4a0,21:57 2025-10-10
ETHFIUSDT,Trade,17.0,1.0707,0.9684,5.5E-4,0.01001105,USDT,0.01001105,Short,Market, d523e83b, 79fbd4a0,21:57 2025-10-10
ETHFIUSDT,Trade,93.2,1.0708,0.9684,5.5E-4,0.05488921,USDT,0.05488921,Short,Market, fa359321, 79fbd4a0,21:57 2025-10-10
ETHFIUSDT,Trade,186.4,1.0708,0.9684,5.5E-4,0.10977842,USDT,0.10977842,Short,Market, c877fed7, 79fbd4a0,21:57 2025-10-10
ETHFIUSDT,Trade,9.2,1.0708,0.9684,5.5E-4,0.00541825,USDT,0.00541825,Short,Market, f3c8adff, 79fbd4a0,21:57 2025-10-10
ETHFIUSDT,Trade,17.0,1.0708,0.9684,5.5E-4,0.01001198,USDT,0.01001198,Short,Market, 57ed3ffb, 79fbd4a0,21:57 2025-10-10
ETHFIUSDT,Trade,186.4,1.0709,0.9684,5.5E-4,0.10978867,USDT,0.10978867,Short,Market, 203db24a, 79fbd4a0,21:57 2025-10-10
ETHFIUSDT,Trade,9.2,1.0709,0.9684,5.5E-4,0.00541876,USDT,0.00541876,Short,Market, 28d4e0d4, 79fbd4a0,21:57 2025-10-10
ETHFIUSDT,Trade,17.0,1.0709,0.9684,5.5E-4,0.01001292,USDT,0.01001292,Short,Market, 17199668, 79fbd4a0,21:57 2025-10-10
ETHFIUSDT,Trade,9.2,1.071,0.9684,5.5E-4,0.00541926,USDT,0.00541926,Short,Market, 1c61f1c3, 79fbd4a0,21:57 2025-10-10
ETHFIUSDT,Trade,17.0,1.071,0.9684,5.5E-4,0.01001385,USDT,0.01001385,Short,Market, 519f0dfa, 79fbd4a0,21:57 2025-10-10
ETHFIUSDT,Trade,93.1,1.0711,0.9684,5.5E-4,0.05484568,USDT,0.05484568,Short,Market, c93a282f, 79fbd4a0,21:57 2025-10-10
ETHFIUSDT,Trade,9.2,1.0711,0.9684,5.5E-4,0.00541977,USDT,0.00541977,Short,Market, 95c19b05, 79fbd4a0,21:57 2025-10-10
ETHFIUSDT,Trade,17.0,1.0711,0.9684,5.5E-4,0.01001479,USDT,0.01001479,Short,Market, d4ddcc6a, 79fbd4a0,21:57 2025-10-10
ETHFIUSDT,Trade,9.2,1.0712,0.9684,5.5E-4,0.00542028,USDT,0.00542028,Short,Market, eced8579, 79fbd4a0,21:57 2025-10-10
ETHFIUSDT,Trade,17.0,1.0712,0.9684,5.5E-4,0.01001572,USDT,0.01001572,Short,Market, 5eb658d6, 79fbd4a0,21:57 2025-10-10
ETHFIUSDT,Trade,63.7,1.0713,0.9684,5.5E-4,0.037533,USDT,0.037533,Short,Market, 0d2aa582, 79fbd4a0,21:57 2025-10-10
ETHFIUSDT,Trade,9.2,1.0713,0.9684,5.5E-4,0.00542078,USDT,0.00542078,Short,Market, 4e84f6b7, 79fbd4a0,21:57 2025-10-10
ETHFIUSDT,Trade,17.0,1.0713,0.9684,5.5E-4,0.01001666,USDT,0.01001666,Short,Market, e3ffa191, 79fbd4a0,21:57 2025-10-10
ETHFIUSDT,Trade,93.2,1.0714,0.9684,5.5E-4,0.05491997,USDT,0.05491997,Short,Market, 233ade8d, 79fbd4a0,21:57 2025-10-10
ETHFIUSDT,Trade,186.5,1.0714,0.9684,5.5E-4,0.10989886,USDT,0.10989886,Short,Market, 5861a785, 79fbd4a0,21:57 2025-10-10
ETHFIUSDT,Trade,9.2,1.0714,0.9684,5.5E-4,0.00542129,USDT,0.00542129,Short,Market, c091e8a6, 79fbd4a0,21:57 2025-10-10
ETHFIUSDT,Trade,17.0,1.0714,0.9684,5.5E-4,0.01001759,USDT,0.01001759,Short,Market, 3be6e564, 79fbd4a0,21:57 2025-10-10
ETHFIUSDT,Trade,9.2,1.0715,0.9684,5.5E-4,0.00542179,USDT,0.00542179,Short,Market, 85f59f06, 79fbd4a0,21:57 2025-10-10
ETHFIUSDT,Trade,17.0,1.0715,0.9684,5.5E-4,0.01001853,USDT,0.01001853,Short,Market, a69729f9, 79fbd4a0,21:57 2025-10-10
ETHFIUSDT,Trade,74.8,1.0716,0.9684,5.5E-4,0.04408563,USDT,0.04408563,Short,Market, bf7c8f19, 79fbd4a0,21:57 2025-10-10
ETHFIUSDT,Trade,464.8,1.0716,0.9684,5.5E-4,0.27394383,USDT,0.27394383,Short,Market, daf58ab5, 79fbd4a0,21:57 2025-10-10
ETHFIUSDT,Trade,9.2,1.0716,0.9684,5.5E-4,0.0054223,USDT,0.0054223,Short,Market, 3ea98d42, 79fbd4a0,21:57 2025-10-10
ETHFIUSDT,Trade,4.7,1.0716,0.9684,5.5E-4,0.00277009,USDT,0.00277009,Short,Market, a91cfa8f, 79fbd4a0,21:57 2025-10-10
ETHFIUSDT,Trade,114.1,1.0717,0.9684,5.5E-4,0.06725454,USDT,0.06725454,Short,Market, ed4c24a7, 79fbd4a0,21:57 2025-10-10
ETHFIUSDT,Trade,232.6,1.0719,0.9684,5.5E-4,0.13712817,USDT,0.13712817,Short,Market, f3c2db04, 79fbd4a0,21:57 2025-10-10
ETHFIUSDT,Trade,465.3,1.0719,0.9684,5.5E-4,0.27431529,USDT,0.27431529,Short,Market, 84b87c31, 79fbd4a0,21:57 2025-10-10
ETHFIUSDT,Trade,81.7,1.072,0.9684,5.5E-4,0.04817032,USDT,0.04817032,Short,Market, 20a2ba6d, 79fbd4a0,21:57 2025-10-10
ETHFIUSDT,Trade,1.7,1.072,0.9684,5.5E-4,0.00100232,USDT,0.00100232,Short,Market, 8bde1228, 79fbd4a0,21:57 2025-10-10
ETHFIUSDT,Trade,81.7,1.0722,0.9684,5.5E-4,0.04817931,USDT,0.04817931,Short,Market, e22b891a, 79fbd4a0,21:57 2025-10-10
BNBUSDT,Trade,0.09,1103.3,1050,5.5E-4,0.05461335,USDT,0.05461335,Short,Market, c181464f, e5cef630,21:52 2025-10-10
BNBUSDT,Trade,0.19,1103.3,1050,5.5E-4,0.11529485,USDT,0.11529485,Short,Market, 3fe47b13, e5cef630,21:52 2025-10-10
BNBUSDT,Trade,0.02,1103.3,1050,5.5E-4,0.0121363,USDT,0.0121363,Short,Market, 813a99b5, e5cef630,21:52 2025-10-10
BNBUSDT,Trade,0.78,1103.4,1050,5.5E-4,0.4733586,USDT,0.4733586,Short,Market, 778d0fd3, e5cef630,21:52 2025-10-10
BNBUSDT,Trade,0.02,1103.4,1050,5.5E-4,0.0121374,USDT,0.0121374,Short,Market, 1903c386, e5cef630,21:52 2025-10-10
BNBUSDT,Trade,0.02,1103.5,1050,5.5E-4,0.0121385,USDT,0.0121385,Short,Market, 292ec44e, e5cef630,21:52 2025-10-10
BNBUSDT,Trade,0.32,1103.6,1050,5.5E-4,0.1942336,USDT,0.1942336,Short,Market, 7f499453, e5cef630,21:52 2025-10-10
BNBUSDT,Trade,0.02,1103.6,1050,5.5E-4,0.0121396,USDT,0.0121396,Short,Market, df1e7bde, e5cef630,21:52 2025-10-10
BNBUSDT,Trade,2.93,1103.7,1050,5.5E-4,1.77861255,USDT,1.77861255,Short,Market, f4193c8d, e5cef630,21:52 2025-10-10
BNBUSDT,Trade,0.01,1103.7,1050,5.5E-4,0.00607035,USDT,0.00607035,Short,Market, d58b3749, e5cef630,21:52 2025-10-10
SOLUSDT,Trade,6.9,189.23,198.72,5.5E-4,0.71812785,USDT,0.71812785,Long,Market, d44df36b, 1a3f9667,21:51 2025-10-10
SOLUSDT,Trade,5.0,189.23,198.72,5.5E-4,0.5203825,USDT,0.5203825,Long,Market, 26c4a7ff, 1a3f9667,21:51 2025-10-10
SOLUSDT,Trade,0.3,189.23,198.72,5.5E-4,0.03122295,USDT,0.03122295,Long,Market, 9ae4eda0, 1a3f9667,21:51 2025-10-10
SOLUSDT,Trade,0.6,189.18,198.72,5.5E-4,0.0624294,USDT,0.0624294,Long,Market, b1903279, 1a3f9667,21:51 2025-10-10
ETHFIUSDT,Trade,467.8,1.0545,1.1423,5.5E-4,0.27131231,USDT,0.27131231,Long,Market, 3073a025, 2590c9f1,21:50 2025-10-10
ETHFIUSDT,Trade,30.7,1.0545,1.1423,5.5E-4,0.01780524,USDT,0.01780524,Long,Market, e954ba8d, 2590c9f1,21:50 2025-10-10
ETHFIUSDT,Trade,4.8,1.0544,1.1423,5.5E-4,0.00278362,USDT,0.00278362,Long,Market, 503556e3, 2590c9f1,21:50 2025-10-10
ETHFIUSDT,Trade,30.7,1.0544,1.1423,5.5E-4,0.01780355,USDT,0.01780355,Long,Market, f4536e40, 2590c9f1,21:50 2025-10-10
ETHFIUSDT,Trade,4.8,1.0543,1.1423,5.5E-4,0.00278336,USDT,0.00278336,Long,Market, d098a24e, 2590c9f1,21:50 2025-10-10
ETHFIUSDT,Trade,30.7,1.0543,1.1423,5.5E-4,0.01780186,USDT,0.01780186,Long,Market, 162cc059, 2590c9f1,21:50 2025-10-10
ETHFIUSDT,Trade,30.7,1.0542,1.1423,5.5E-4,0.01780017,USDT,0.01780017,Long,Market, 42f6250f, 2590c9f1,21:50 2025-10-10
ETHFIUSDT,Trade,6.0,1.0541,1.1423,5.5E-4,0.00347853,USDT,0.00347853,Long,Market, 2cc5a6e6, 2590c9f1,21:50 2025-10-10
ETHFIUSDT,Trade,30.7,1.0541,1.1423,5.5E-4,0.01779848,USDT,0.01779848,Long,Market, de293842, 2590c9f1,21:50 2025-10-10
ETHFIUSDT,Trade,30.7,1.054,1.1423,5.5E-4,0.01779679,USDT,0.01779679,Long,Market, b0d9fbb8, 2590c9f1,21:50 2025-10-10
ETHFIUSDT,Trade,30.7,1.0539,1.1423,5.5E-4,0.01779511,USDT,0.01779511,Long,Market, d248135c, 2590c9f1,21:50 2025-10-10
ETHFIUSDT,Trade,30.7,1.0538,1.1423,5.5E-4,0.01779342,USDT,0.01779342,Long,Market, 0bee5e00, 2590c9f1,21:50 2025-10-10
ETHFIUSDT,Trade,30.6,1.0537,1.1423,5.5E-4,0.01773378,USDT,0.01773378,Long,Market, 7e834459, 2590c9f1,21:50 2025-10-10
ETHFIUSDT,Trade,6.0,1.0536,1.1423,5.5E-4,0.00347688,USDT,0.00347688,Long,Market, f0bd210e, 2590c9f1,21:50 2025-10-10
ETHFIUSDT,Trade,30.6,1.0536,1.1423,5.5E-4,0.01773209,USDT,0.01773209,Long,Market, a375f77e, 2590c9f1,21:50 2025-10-10
ETHFIUSDT,Trade,0.2,1.0536,1.1423,5.5E-4,1.159E-4,USDT,0.0001159,Long,Market, 3e2f8232, 2590c9f1,21:50 2025-10-10
ETHFIUSDT,Trade,30.6,1.0535,1.1423,5.5E-4,0.01773041,USDT,0.01773041,Long,Market, 06c54000, 2590c9f1,21:50 2025-10-10
ETHFIUSDT,Trade,30.6,1.0534,1.1423,5.5E-4,0.01772873,USDT,0.01772873,Long,Market, a8f866f9, 2590c9f1,21:50 2025-10-10
ETHFIUSDT,Trade,30.6,1.0533,1.1423,5.5E-4,0.01772704,USDT,0.01772704,Long,Market, d3e1f3ea, 2590c9f1,21:50 2025-10-10
ETHFIUSDT,Trade,30.6,1.0532,1.1423,5.5E-4,0.01772536,USDT,0.01772536,Long,Market, ced5fe0f, 2590c9f1,21:50 2025-10-10
ETHFIUSDT,Trade,30.6,1.0531,1.1423,5.5E-4,0.01772368,USDT,0.01772368,Long,Market, 594465b5, 2590c9f1,21:50 2025-10-10
ETHFIUSDT,Trade,30.6,1.053,1.1423,5.5E-4,0.01772199,USDT,0.01772199,Long,Market, 139c181d, 2590c9f1,21:50 2025-10-10
ETHFIUSDT,Trade,1.7,1.053,1.1423,5.5E-4,9.8456E-4,USDT,0.00098456,Long,Market, 4f57ca96, 2590c9f1,21:50 2025-10-10
ETHFIUSDT,Trade,30.6,1.0529,1.1423,5.5E-4,0.01772031,USDT,0.01772031,Long,Market, 3f4af471, 2590c9f1,21:50 2025-10-10
ETHFIUSDT,Trade,47.6,1.0528,1.1423,5.5E-4,0.02756231,USDT,0.02756231,Long,Market, eeee9337, 2590c9f1,21:50 2025-10-10
ETHFIUSDT,Trade,476.4,1.0528,1.1423,5.5E-4,0.27585466,USDT,0.27585466,Long,Market, 4e4531d4, 2590c9f1,21:50 2025-10-10
ETHFIUSDT,Trade,30.6,1.0528,1.1423,5.5E-4,0.01771863,USDT,0.01771863,Long,Market, ab321ad1, 2590c9f1,21:50 2025-10-10
ETHFIUSDT,Trade,30.6,1.0527,1.1423,5.5E-4,0.01771695,USDT,0.01771695,Long,Market, efd48372, 2590c9f1,21:50 2025-10-10
ETHFIUSDT,Trade,68.1,1.0526,1.1423,5.5E-4,0.03942514,USDT,0.03942514,Long,Market, 101c8c57, 2590c9f1,21:50 2025-10-10
ETHFIUSDT,Trade,47.6,1.0526,1.1423,5.5E-4,0.02755707,USDT,0.02755707,Long,Market, c5bf598b, 2590c9f1,21:50 2025-10-10
ETHFIUSDT,Trade,30.6,1.0526,1.1423,5.5E-4,0.01771526,USDT,0.01771526,Long,Market, 5d787d39, 2590c9f1,21:50 2025-10-10
ETHFIUSDT,Trade,30.6,1.0525,1.1423,5.5E-4,0.01771358,USDT,0.01771358,Long,Market, d768ddcf, 2590c9f1,21:50 2025-10-10
ETHFIUSDT,Trade,30.6,1.0525,1.1423,5.5E-4,0.01771358,USDT,0.01771358,Long,Market, 209066fd, 2590c9f1,21:50 2025-10-10
ETHFIUSDT,Trade,30.6,1.0524,1.1423,5.5E-4,0.0177119,USDT,0.0177119,Long,Market, eda8fdf3, 2590c9f1,21:50 2025-10-10
ETHFIUSDT,Trade,47.6,1.0523,1.1423,5.5E-4,0.02754922,USDT,0.02754922,Long,Market, b18e852b, 2590c9f1,21:50 2025-10-10
ETHFIUSDT,Trade,476.9,1.0518,1.1423,5.5E-4,0.27588189,USDT,0.27588189,Long,Market, 60612876, 2590c9f1,21:50 2025-10-10
ETHFIUSDT,Trade,30.4,1.0515,1.1423,5.5E-4,0.01758108,USDT,0.01758108,Long,Market, 1312a184, 2590c9f1,21:50 2025-10-10
BTCUSDT,Trade,0.075,112671.2,111420,5.5E-4,4.647687,USDT,4.647687,Short,Market, c44010ba, 27c197ee,21:48 2025-10-10
ETHFIUSDT,Trade,10.2,1.0146,0.9241,5.5E-4,0.00569191,USDT,0.00569191,Short,Market, b8c37feb, fd7433de,21:48 2025-10-10
ETHFIUSDT,Trade,5.0,1.0146,0.9241,5.5E-4,0.00279015,USDT,0.00279015,Short,Market, f91111be, fd7433de,21:48 2025-10-10
ETHFIUSDT,Trade,119.1,1.0148,0.9241,5.5E-4,0.06647448,USDT,0.06647448,Short,Market, 0503800d, fd7433de,21:48 2025-10-10
ETHFIUSDT,Trade,22.5,1.0149,0.9241,5.5E-4,0.01255939,USDT,0.01255939,Short,Market, 03e17afb, fd7433de,21:48 2025-10-10
ETHFIUSDT,Trade,33.0,1.0149,0.9241,5.5E-4,0.01842044,USDT,0.01842044,Short,Market, a598f9e1, fd7433de,21:48 2025-10-10
ETHFIUSDT,Trade,119.1,1.015,0.9241,5.5E-4,0.06648758,USDT,0.06648758,Short,Market, 3b0db369, fd7433de,21:48 2025-10-10
ETHFIUSDT,Trade,119.1,1.0152,0.9241,5.5E-4,0.06650068,USDT,0.06650068,Short,Market, 1a014f6e, fd7433de,21:48 2025-10-10
ETHFIUSDT,Trade,22.5,1.0153,0.9241,5.5E-4,0.01256434,USDT,0.01256434,Short,Market, 688009f2, fd7433de,21:48 2025-10-10
ETHFIUSDT,Trade,33.0,1.0153,0.9241,5.5E-4,0.0184277,USDT,0.0184277,Short,Market, b430f6df, fd7433de,21:48 2025-10-10
ETHFIUSDT,Trade,196.3,1.0153,0.9241,5.5E-4,0.10961687,USDT,0.10961687,Short,Market, e2984607, fd7433de,21:48 2025-10-10
ETHFIUSDT,Trade,119.1,1.0154,0.9241,5.5E-4,0.06651378,USDT,0.06651378,Short,Market, 6c757ee3, fd7433de,21:48 2025-10-10
ETHFIUSDT,Trade,119.1,1.0156,0.9241,5.5E-4,0.06652688,USDT,0.06652688,Short,Market, 14bceff0, fd7433de,21:48 2025-10-10
ETHFIUSDT,Trade,22.5,1.0157,0.9241,5.5E-4,0.01256929,USDT,0.01256929,Short,Market, eb6b8194, fd7433de,21:48 2025-10-10
ETHFIUSDT,Trade,33.0,1.0157,0.9241,5.5E-4,0.01843496,USDT,0.01843496,Short,Market, 8237391b, fd7433de,21:48 2025-10-10
ETHFIUSDT,Trade,119.1,1.0158,0.9241,5.5E-4,0.06653998,USDT,0.06653998,Short,Market, ad8c2335, fd7433de,21:48 2025-10-10
ETHFIUSDT,Trade,180.0,1.016,0.9241,5.5E-4,0.100584,USDT,0.100584,Short,Market, a0d964af, fd7433de,21:48 2025-10-10
ETHFIUSDT,Trade,1.7,1.016,0.9241,5.5E-4,9.4996E-4,USDT,0.00094996,Short,Market, e2a789ec, fd7433de,21:48 2025-10-10
ETHFIUSDT,Trade,33.0,1.0161,0.9241,5.5E-4,0.01844222,USDT,0.01844222,Short,Market, b13e2d94, fd7433de,21:48 2025-10-10
ETHFIUSDT,Trade,119.1,1.0161,0.9241,5.5E-4,0.06655964,USDT,0.06655964,Short,Market, 65fade03, fd7433de,21:48 2025-10-10
ETHFIUSDT,Trade,22.5,1.0162,0.9241,5.5E-4,0.01257548,USDT,0.01257548,Short,Market, a4553a16, fd7433de,21:48 2025-10-10
ETHFIUSDT,Trade,6.0,1.0164,0.9241,5.5E-4,0.00335412,USDT,0.00335412,Short,Market, bd070502, fd7433de,21:48 2025-10-10
ETHFIUSDT,Trade,98.0,1.0164,0.9241,5.5E-4,0.05478396,USDT,0.05478396,Short,Market, 160cd8f5, fd7433de,21:48 2025-10-10
ETHFIUSDT,Trade,33.0,1.0165,0.9241,5.5E-4,0.01844948,USDT,0.01844948,Short,Market, 2c679b19, fd7433de,21:48 2025-10-10
ETHFIUSDT,Trade,5.7,1.0165,0.9241,5.5E-4,0.00318673,USDT,0.00318673,Short,Market, 2805a204, fd7433de,21:48 2025-10-10
ETHFIUSDT,Trade,22.5,1.0166,0.9241,5.5E-4,0.01258043,USDT,0.01258043,Short,Market, b59c9910, fd7433de,21:48 2025-10-10
ETHFIUSDT,Trade,33.0,1.0169,0.9241,5.5E-4,0.01845674,USDT,0.01845674,Short,Market, 8459e308, fd7433de,21:48 2025-10-10
ETHFIUSDT,Trade,6.0,1.0169,0.9241,5.5E-4,0.00335577,USDT,0.00335577,Short,Market, 28af349e, fd7433de,21:48 2025-10-10
ETHFIUSDT,Trade,5.7,1.0194,0.9241,5.5E-4,0.00319582,USDT,0.00319582,Short,Market, 52910e22, fd7433de,21:48 2025-10-10
ETHFIUSDT,Trade,5.7,1.0194,0.9241,5.5E-4,0.00319582,USDT,0.00319582,Short,Market, fbec9679, fd7433de,21:48 2025-10-10
ETHFIUSDT,Trade,5.7,1.0194,0.9241,5.5E-4,0.00319582,USDT,0.00319582,Short,Market, 7cccf796, fd7433de,21:48 2025-10-10
ETHFIUSDT,Trade,5.7,1.0194,0.9241,5.5E-4,0.00319582,USDT,0.00319582,Short,Market, e7aac47c, fd7433de,21:48 2025-10-10
ETHFIUSDT,Trade,5.7,1.0194,0.9241,5.5E-4,0.00319582,USDT,0.00319582,Short,Market, fe603481, fd7433de,21:48 2025-10-10
ETHFIUSDT,Trade,5.7,1.0194,0.9241,5.5E-4,0.00319582,USDT,0.00319582,Short,Market, 83d46520, fd7433de,21:48 2025-10-10
ETHFIUSDT,Trade,5.7,1.0194,0.9241,5.5E-4,0.00319582,USDT,0.00319582,Short,Market, 87096a64, fd7433de,21:48 2025-10-10
ETHFIUSDT,Trade,5.7,1.0194,0.9241,5.5E-4,0.00319582,USDT,0.00319582,Short,Market, 108e96f6, fd7433de,21:48 2025-10-10
ETHFIUSDT,Trade,5.7,1.0194,0.9241,5.5E-4,0.00319582,USDT,0.00319582,Short,Market, 91a0ad33, fd7433de,21:48 2025-10-10
ETHFIUSDT,Trade,5.7,1.0194,0.9241,5.5E-4,0.00319582,USDT,0.00319582,Short,Market, 4a4a3c46, fd7433de,21:48 2025-10-10
ETHFIUSDT,Trade,5.7,1.0194,0.9241,5.5E-4,0.00319582,USDT,0.00319582,Short,Market, 1ea4d5a9, fd7433de,21:48 2025-10-10
ETHFIUSDT,Trade,5.7,1.0194,0.9241,5.5E-4,0.00319582,USDT,0.00319582,Short,Market, b3059525, fd7433de,21:48 2025-10-10
ETHFIUSDT,Trade,5.7,1.0194,0.9241,5.5E-4,0.00319582,USDT,0.00319582,Short,Market, 2984c1f9, fd7433de,21:48 2025-10-10
ETHFIUSDT,Trade,5.7,1.0194,0.9241,5.5E-4,0.00319582,USDT,0.00319582,Short,Market, 6e300438, fd7433de,21:48 2025-10-10
ETHFIUSDT,Trade,5.7,1.0194,0.9241,5.5E-4,0.00319582,USDT,0.00319582,Short,Market, b0277f60, fd7433de,21:48 2025-10-10
ETHFIUSDT,Trade,5.7,1.0194,0.9241,5.5E-4,0.00319582,USDT,0.00319582,Short,Market, bc083976, fd7433de,21:48 2025-10-10
ETHFIUSDT,Trade,5.7,1.0194,0.9241,5.5E-4,0.00319582,USDT,0.00319582,Short,Market, e1cb0baf, fd7433de,21:48 2025-10-10
ETHFIUSDT,Trade,5.7,1.0194,0.9241,5.5E-4,0.00319582,USDT,0.00319582,Short,Market, df3e40a3, fd7433de,21:48 2025-10-10
ETHFIUSDT,Trade,5.7,1.0194,0.9241,5.5E-4,0.00319582,USDT,0.00319582,Short,Market, a17ac4b6, fd7433de,21:48 2025-10-10
ETHFIUSDT,Trade,5.7,1.0194,0.9241,5.5E-4,0.00319582,USDT,0.00319582,Short,Market, fde66b62, fd7433de,21:48 2025-10-10
ETHFIUSDT,Trade,5.7,1.0194,0.9241,5.5E-4,0.00319582,USDT,0.00319582,Short,Market, 8ae115a2, fd7433de,21:48 2025-10-10
BNBUSDT,Trade,0.79,1123.7,1068.9,5.5E-4,0.48824765,USDT,0.48824765,Short,Market, 592e2c59, 5f94ea58,21:47 2025-10-10
BNBUSDT,Trade,0.14,1123.8,1068.9,5.5E-4,0.0865326,USDT,0.0865326,Short,Market, 26a50326, 5f94ea58,21:47 2025-10-10
BNBUSDT,Trade,1.73,1123.9,1068.9,5.5E-4,1.06939085,USDT,1.06939085,Short,Market, f8957f76, 5f94ea58,21:47 2025-10-10
BNBUSDT,Trade,1.73,1124,1068.9,5.5E-4,1.069486,USDT,1.069486,Short,Market, 9f21fc53, 5f94ea58,21:47 2025-10-10
BTCUSDT,Trade,0.038,112524.8,113503.4,5.5E-4,2.35176832,USDT,2.35176832,Long,Market, 31d95e60, 792481e2,21:46 2025-10-10
BNBUSDT,Trade,2.25,1119,1167.3,5.5E-4,1.3847625,USDT,1.3847625,Long,Market, ee3da05d, 43a6783f,21:45 2025-10-10
BNBUSDT,Trade,0.89,1119,1167.3,5.5E-4,0.5477505,USDT,0.5477505,Long,Market, c58660ce, 43a6783f,21:45 2025-10-10
BNBUSDT,Trade,0.14,1119,1167.3,5.5E-4,0.086163,USDT,0.086163,Long,Market, 60fe503b, 43a6783f,21:45 2025-10-10
BNBUSDT,Trade,0.66,1118.9,1167.3,5.5E-4,0.4061607,USDT,0.4061607,Long,Market, a33bcdd5, 43a6783f,21:45 2025-10-10
ETHFIUSDT,Trade,9.8,1.0169,1.1214,5.5E-4,0.0054811,USDT,0.0054811,Long,Market, 7006a95a, 123ba70d,21:45 2025-10-10
ETHFIUSDT,Trade,493.4,1.0168,1.1214,5.5E-4,0.27592902,USDT,0.27592902,Long,Market, 58ba5db7, 123ba70d,21:45 2025-10-10
ETHFIUSDT,Trade,174.3,1.0167,1.1214,5.5E-4,0.09746595,USDT,0.09746595,Long,Market, ce5ebb0d, 123ba70d,21:45 2025-10-10
ETHFIUSDT,Trade,92.6,1.0166,1.1214,5.5E-4,0.05177544,USDT,0.05177544,Long,Market, 47f02e96, 123ba70d,21:45 2025-10-10
ETHFIUSDT,Trade,92.6,1.0164,1.1214,5.5E-4,0.05176526,USDT,0.05176526,Long,Market, b8aa26a1, 123ba70d,21:45 2025-10-10
ETHFIUSDT,Trade,26.8,1.0164,1.1214,5.5E-4,0.01498174,USDT,0.01498174,Long,Market, 0a7e477b, 123ba70d,21:45 2025-10-10
ETHFIUSDT,Trade,42.6,1.0164,1.1214,5.5E-4,0.02381426,USDT,0.02381426,Long,Market, ac820dc1, 123ba70d,21:45 2025-10-10
ETHFIUSDT,Trade,92.6,1.0162,1.1214,5.5E-4,0.05175507,USDT,0.05175507,Long,Market, 996d7615, 123ba70d,21:45 2025-10-10
ETHFIUSDT,Trade,92.6,1.016,1.1214,5.5E-4,0.05174488,USDT,0.05174488,Long,Market, 2ee6f83c, 123ba70d,21:45 2025-10-10
ETHFIUSDT,Trade,26.8,1.016,1.1214,5.5E-4,0.01497584,USDT,0.01497584,Long,Market, 6f0df599, 123ba70d,21:45 2025-10-10
ETHFIUSDT,Trade,42.6,1.016,1.1214,5.5E-4,0.02380488,USDT,0.02380488,Long,Market, cf7bd3c2, 123ba70d,21:45 2025-10-10
ETHFIUSDT,Trade,1.7,1.016,1.1214,5.5E-4,9.4996E-4,USDT,0.00094996,Long,Market, 58413520, 123ba70d,21:45 2025-10-10
ETHFIUSDT,Trade,92.6,1.0158,1.1214,5.5E-4,0.0517347,USDT,0.0517347,Long,Market, c95f22ee, 123ba70d,21:45 2025-10-10
ETHFIUSDT,Trade,92.6,1.0156,1.1214,5.5E-4,0.05172451,USDT,0.05172451,Long,Market, 9b697197, 123ba70d,21:45 2025-10-10
ETHFIUSDT,Trade,26.8,1.0156,1.1214,5.5E-4,0.01496995,USDT,0.01496995,Long,Market, 843253bd, 123ba70d,21:45 2025-10-10
ETHFIUSDT,Trade,42.6,1.0156,1.1214,5.5E-4,0.02379551,USDT,0.02379551,Long,Market, b28c59ae, 123ba70d,21:45 2025-10-10
ETHFIUSDT,Trade,52.4,1.0155,1.1214,5.5E-4,0.02926671,USDT,0.02926671,Long,Market, 0b512e72, 123ba70d,21:45 2025-10-10
ETHFIUSDT,Trade,92.6,1.0154,1.1214,5.5E-4,0.05171433,USDT,0.05171433,Long,Market, 114436ff, 123ba70d,21:45 2025-10-10
ETHFIUSDT,Trade,92.6,1.0152,1.1214,5.5E-4,0.05170414,USDT,0.05170414,Long,Market, beda0eb0, 123ba70d,21:45 2025-10-10
ETHFIUSDT,Trade,26.8,1.0152,1.1214,5.5E-4,0.01496405,USDT,0.01496405,Long,Market, d5faf4e2, 123ba70d,21:45 2025-10-10
ETHFIUSDT,Trade,42.6,1.0152,1.1214,5.5E-4,0.02378614,USDT,0.02378614,Long,Market, e67db49e, 123ba70d,21:45 2025-10-10
ETHFIUSDT,Trade,52.4,1.0151,1.1214,5.5E-4,0.02925519,USDT,0.02925519,Long,Market, e0ba4e77, 123ba70d,21:45 2025-10-10
ETHFIUSDT,Trade,92.6,1.015,1.1214,5.5E-4,0.05169395,USDT,0.05169395,Long,Market, 7050d8be, 123ba70d,21:45 2025-10-10
ETHFIUSDT,Trade,180.0,1.015,1.1214,5.5E-4,0.100485,USDT,0.100485,Long,Market, 7b05d15f, 123ba70d,21:45 2025-10-10
ETHFIUSDT,Trade,52.4,1.0149,1.1214,5.5E-4,0.02924942,USDT,0.02924942,Long,Market, cbff32c7, 123ba70d,21:45 2025-10-10
ETHFIUSDT,Trade,248.3,1.0148,1.1214,5.5E-4,0.13858617,USDT,0.13858617,Long,Market, 7cf341c5, 123ba70d,21:45 2025-10-10
ETHFIUSDT,Trade,52.4,1.0147,1.1214,5.5E-4,0.02924366,USDT,0.02924366,Long,Market, 60b859c2, 123ba70d,21:45 2025-10-10
ETHFIUSDT,Trade,42.6,1.0147,1.1214,5.5E-4,0.02377443,USDT,0.02377443,Long,Market, d092e518, 123ba70d,21:45 2025-10-10
ETHFIUSDT,Trade,26.8,1.0147,1.1214,5.5E-4,0.01495668,USDT,0.01495668,Long,Market, e1ea00fa, 123ba70d,21:45 2025-10-10
ETHFIUSDT,Trade,52.4,1.0145,1.1214,5.5E-4,0.02923789,USDT,0.02923789,Long,Market, 53023fdb, 123ba70d,21:45 2025-10-10
ETHFIUSDT,Trade,98.7,1.0143,1.1214,5.5E-4,0.05506128,USDT,0.05506128,Long,Market, a54b6c81, 123ba70d,21:45 2025-10-10
ETHFIUSDT,Trade,98.7,1.0143,1.1214,5.5E-4,0.05506128,USDT,0.05506128,Long,Market, 5212e9ab, 123ba70d,21:45 2025-10-10
ETHFIUSDT,Trade,42.1,1.0143,1.1214,5.5E-4,0.02348612,USDT,0.02348612,Long,Market, f636b857, 123ba70d,21:45 2025-10-10
ETHFIUSDT,Trade,98.7,1.0142,1.1214,5.5E-4,0.05505585,USDT,0.05505585,Long,Market, 9b53472f, 123ba70d,21:45 2025-10-10
ETHFIUSDT,Trade,42.1,1.0139,1.1214,5.5E-4,0.02347686,USDT,0.02347686,Long,Market, aa11bf4d, 123ba70d,21:45 2025-10-10
ETHFIUSDT,Trade,118.8,1.0139,1.1214,5.5E-4,0.06624823,USDT,0.06624823,Long,Market, 8daecd5b, 123ba70d,21:45 2025-10-10
ETHFIUSDT,Trade,52.4,1.0138,1.1214,5.5E-4,0.02921772,USDT,0.02921772,Long,Market, b26d150b, 123ba70d,21:45 2025-10-10
ETHFIUSDT,Trade,81.9,1.0132,1.1214,5.5E-4,0.0456396,USDT,0.0456396,Long,Market, 9466d61f, 123ba70d,21:45 2025-10-10
ETHFIUSDT,Trade,34.5,1.0132,1.1214,5.5E-4,0.01922547,USDT,0.01922547,Long,Market, 8a5949e1, 123ba70d,21:45 2025-10-10
ETHFIUSDT,Trade,327.9,1.0131,1.1214,5.5E-4,0.18270752,USDT,0.18270752,Long,Market, 5a1f40be, 123ba70d,21:45 2025-10-10
ETHFIUSDT,Trade,33.5,0.9747,0.8831,5.5E-4,0.01795885,USDT,0.01795885,Short,Market, bea120eb, 04181b0e,21:44 2025-10-10
ETHFIUSDT,Trade,91.2,0.9747,0.8831,5.5E-4,0.04889096,USDT,0.04889096,Short,Market, 02e480c7, 04181b0e,21:44 2025-10-10
ETHFIUSDT,Trade,27.2,0.9747,0.8831,5.5E-4,0.01458152,USDT,0.01458152,Short,Market, 5bde6611, 04181b0e,21:44 2025-10-10
ETHFIUSDT,Trade,91.2,0.9749,0.8831,5.5E-4,0.04890099,USDT,0.04890099,Short,Market, 7649ee63, 04181b0e,21:44 2025-10-10
ETHFIUSDT,Trade,137.8,0.975,0.8831,5.5E-4,0.07389525,USDT,0.07389525,Short,Market, d853f17c, 04181b0e,21:44 2025-10-10
ETHFIUSDT,Trade,91.2,0.975,0.8831,5.5E-4,0.048906,USDT,0.048906,Short,Market, dc23d37b, 04181b0e,21:44 2025-10-10
ETHFIUSDT,Trade,43.3,0.975,0.8831,5.5E-4,0.02321963,USDT,0.02321963,Short,Market, 278bc6f8, 04181b0e,21:44 2025-10-10
ETHFIUSDT,Trade,91.2,0.9751,0.8831,5.5E-4,0.04891102,USDT,0.04891102,Short,Market, 65f0fe4a, 04181b0e,21:44 2025-10-10
ETHFIUSDT,Trade,27.0,0.9751,0.8831,5.5E-4,0.01448024,USDT,0.01448024,Short,Market, fab1284b, 04181b0e,21:44 2025-10-10
ETHFIUSDT,Trade,91.2,0.9752,0.8831,5.5E-4,0.04891604,USDT,0.04891604,Short,Market, 3f3cae30, 04181b0e,21:44 2025-10-10
ETHFIUSDT,Trade,4.3,0.9752,0.8831,5.5E-4,0.00230635,USDT,0.00230635,Short,Market, a77a3809, 04181b0e,21:44 2025-10-10
ETHFIUSDT,Trade,137.8,0.9753,0.8831,5.5E-4,0.07391799,USDT,0.07391799,Short,Market, 2181ea81, 04181b0e,21:44 2025-10-10
ETHFIUSDT,Trade,91.2,0.9753,0.8831,5.5E-4,0.04892105,USDT,0.04892105,Short,Market, b9f8b0a5, 04181b0e,21:44 2025-10-10
ETHFIUSDT,Trade,91.2,0.9754,0.8831,5.5E-4,0.04892607,USDT,0.04892607,Short,Market, ba82860a, 04181b0e,21:44 2025-10-10
ETHFIUSDT,Trade,43.0,0.9754,0.8831,5.5E-4,0.02306821,USDT,0.02306821,Short,Market, c5ab04d2, 04181b0e,21:44 2025-10-10
ETHFIUSDT,Trade,102.0,0.9755,0.8831,5.5E-4,0.05472555,USDT,0.05472555,Short,Market, 3e74c999, 04181b0e,21:44 2025-10-10
ETHFIUSDT,Trade,91.2,0.9755,0.8831,5.5E-4,0.04893108,USDT,0.04893108,Short,Market, 757c339e, 04181b0e,21:44 2025-10-10
ETHFIUSDT,Trade,27.0,0.9755,0.8831,5.5E-4,0.01448618,USDT,0.01448618,Short,Market, 5dcfc3a2, 04181b0e,21:44 2025-10-10
ETHFIUSDT,Trade,91.2,0.9756,0.8831,5.5E-4,0.0489361,USDT,0.0489361,Short,Market, 719f7b9e, 04181b0e,21:44 2025-10-10
ETHFIUSDT,Trade,91.2,0.9757,0.8831,5.5E-4,0.04894112,USDT,0.04894112,Short,Market, 22d6eb14, 04181b0e,21:44 2025-10-10
ETHFIUSDT,Trade,91.2,0.9758,0.8831,5.5E-4,0.04894613,USDT,0.04894613,Short,Market, 1bf72d4a, 04181b0e,21:44 2025-10-10
ETHFIUSDT,Trade,43.0,0.9758,0.8831,5.5E-4,0.02307767,USDT,0.02307767,Short,Market, 1b44e2e3, 04181b0e,21:44 2025-10-10
ETHFIUSDT,Trade,91.2,0.9759,0.8831,5.5E-4,0.04895115,USDT,0.04895115,Short,Market, 3fd1481f, 04181b0e,21:44 2025-10-10
ETHFIUSDT,Trade,27.0,0.9759,0.8831,5.5E-4,0.01449212,USDT,0.01449212,Short,Market, cd65be8d, 04181b0e,21:44 2025-10-10
ETHFIUSDT,Trade,91.2,0.976,0.8831,5.5E-4,0.04895616,USDT,0.04895616,Short,Market, 3955de69, 04181b0e,21:44 2025-10-10
ETHFIUSDT,Trade,91.2,0.9761,0.8831,5.5E-4,0.04896118,USDT,0.04896118,Short,Market, 3df6a877, 04181b0e,21:44 2025-10-10
ETHFIUSDT,Trade,130.4,0.9762,0.8831,5.5E-4,0.07001307,USDT,0.07001307,Short,Market, 37ef5fd6, 04181b0e,21:44 2025-10-10
ETHFIUSDT,Trade,43.0,0.9762,0.8831,5.5E-4,0.02308713,USDT,0.02308713,Short,Market, fb7d36f4, 04181b0e,21:44 2025-10-10
ETHFIUSDT,Trade,91.2,0.9763,0.8831,5.5E-4,0.04897121,USDT,0.04897121,Short,Market, e86f6dbb, 04181b0e,21:44 2025-10-10
ETHFIUSDT,Trade,27.0,0.9763,0.8831,5.5E-4,0.01449806,USDT,0.01449806,Short,Market, 471aeef4, 04181b0e,21:44 2025-10-10
ETHFIUSDT,Trade,52.5,0.9765,0.8831,5.5E-4,0.02819644,USDT,0.02819644,Short,Market, c74c8803, 04181b0e,21:44 2025-10-10
ETHFIUSDT,Trade,91.2,0.9766,0.8831,5.5E-4,0.04898626,USDT,0.04898626,Short,Market, 4fdd0073, 04181b0e,21:44 2025-10-10
ETHFIUSDT,Trade,43.0,0.9766,0.8831,5.5E-4,0.02309659,USDT,0.02309659,Short,Market, 600cf80e, 04181b0e,21:44 2025-10-10
ETHFIUSDT,Trade,91.2,0.9767,0.8831,5.5E-4,0.04899128,USDT,0.04899128,Short,Market, b8be71b9, 04181b0e,21:44 2025-10-10
ETHFIUSDT,Trade,27.0,0.9767,0.8831,5.5E-4,0.014504,USDT,0.014504,Short,Market, 7f9530a1, 04181b0e,21:44 2025-10-10
ETHFIUSDT,Trade,41.9,0.9768,0.8831,5.5E-4,0.02251036,USDT,0.02251036,Short,Market, 885bdac0, 04181b0e,21:44 2025-10-10
ETHFIUSDT,Trade,6.0,0.9769,0.8831,5.5E-4,0.00322377,USDT,0.00322377,Short,Market, 1e7775fd, 04181b0e,21:44 2025-10-10
ETHFIUSDT,Trade,43.0,0.977,0.8831,5.5E-4,0.02310605,USDT,0.02310605,Short,Market, 6140845b, 04181b0e,21:44 2025-10-10
ETHFIUSDT,Trade,27.0,0.9771,0.8831,5.5E-4,0.01450994,USDT,0.01450994,Short,Market, f4a2307e, 04181b0e,21:44 2025-10-10
ETHFIUSDT,Trade,158.7,0.9772,0.8831,5.5E-4,0.08529491,USDT,0.08529491,Short,Market, 2ec259f8, 04181b0e,21:44 2025-10-10
ETHFIUSDT,Trade,91.2,0.9772,0.8831,5.5E-4,0.04901636,USDT,0.04901636,Short,Market, 66545940, 04181b0e,21:44 2025-10-10
ETHFIUSDT,Trade,126.8,0.9773,0.8831,5.5E-4,0.06815691,USDT,0.06815691,Short,Market, cd123b78, 04181b0e,21:44 2025-10-10
ETHFIUSDT,Trade,43.0,0.9774,0.8831,5.5E-4,0.02311551,USDT,0.02311551,Short,Market, 3b9ebe8b, 04181b0e,21:44 2025-10-10
ETHFIUSDT,Trade,27.0,0.9775,0.8831,5.5E-4,0.01451588,USDT,0.01451588,Short,Market, 34a3e627, 04181b0e,21:44 2025-10-10
ETHFIUSDT,Trade,43.0,0.9778,0.8831,5.5E-4,0.02312497,USDT,0.02312497,Short,Market, 2cbe3ead, 04181b0e,21:44 2025-10-10
ETHFIUSDT,Trade,27.0,0.9779,0.8831,5.5E-4,0.01452182,USDT,0.01452182,Short,Market, 0c92b8a8, 04181b0e,21:44 2025-10-10
ETHFIUSDT,Trade,43.0,0.9782,0.8831,5.5E-4,0.02313443,USDT,0.02313443,Short,Market, 1d61a62a, 04181b0e,21:44 2025-10-10
ETHFIUSDT,Trade,50.6,0.9784,0.8831,5.5E-4,0.02722888,USDT,0.02722888,Short,Market, 5a05a261, 04181b0e,21:44 2025-10-10
ETHFIUSDT,Trade,50.2,0.9801,0.8831,5.5E-4,0.02706057,USDT,0.02706057,Short,Market, a2868428, 04181b0e,21:44 2025-10-10
ETHFIUSDT,Trade,347.7,0.9695,0.8793,5.5E-4,0.18540234,USDT,0.18540234,Short,Market, d470a25b, 3cc38a48,21:44 2025-10-10
ETHFIUSDT,Trade,416.1,0.9698,0.8793,5.5E-4,0.22194358,USDT,0.22194358,Short,Market, c04cde5a, 3cc38a48,21:44 2025-10-10
ETHFIUSDT,Trade,512.9,0.9707,0.8793,5.5E-4,0.27382962,USDT,0.27382962,Short,Market, d99cc249, 3cc38a48,21:44 2025-10-10
ETHFIUSDT,Trade,180.0,0.9708,0.8793,5.5E-4,0.0961092,USDT,0.0961092,Short,Market, ed7b8610, 3cc38a48,21:44 2025-10-10
ETHFIUSDT,Trade,6.0,0.9717,0.8793,5.5E-4,0.00320661,USDT,0.00320661,Short,Market, 4ebd2e3b, 3cc38a48,21:44 2025-10-10
ETHFIUSDT,Trade,6.0,0.9719,0.8793,5.5E-4,0.00320727,USDT,0.00320727,Short,Market, 19a88f6b, 3cc38a48,21:44 2025-10-10
ETHFIUSDT,Trade,58.7,0.9719,0.8793,5.5E-4,0.0313778,USDT,0.0313778,Short,Market, b0f91220, 3cc38a48,21:44 2025-10-10
ETHFIUSDT,Trade,42.7,0.972,0.8793,5.5E-4,0.02282742,USDT,0.02282742,Short,Market, a8b8645d, 3cc38a48,21:44 2025-10-10
ETHFIUSDT,Trade,97.3,0.9734,0.8793,5.5E-4,0.05209151,USDT,0.05209151,Short,Market, dc8b17ee, 3cc38a48,21:44 2025-10-10
ETHFIUSDT,Trade,155.6,0.9736,0.8793,5.5E-4,0.08332069,USDT,0.08332069,Short,Market, c5ef8c4a, 3cc38a48,21:44 2025-10-10
ETHFIUSDT,Trade,5.2,0.9736,0.8793,5.5E-4,0.0027845,USDT,0.0027845,Short,Market, 6763cf75, 3cc38a48,21:44 2025-10-10
ETHFIUSDT,Trade,81.6,0.9737,0.8793,5.5E-4,0.04369966,USDT,0.04369966,Short,Market, 62c62895, 3cc38a48,21:44 2025-10-10
ETHFIUSDT,Trade,295.4,0.9737,0.8793,5.5E-4,0.15819704,USDT,0.15819704,Short,Market, e47214cf, 3cc38a48,21:44 2025-10-10
ETHFIUSDT,Trade,514.7,0.9737,0.8793,5.5E-4,0.27563987,USDT,0.27563987,Short,Market, eb884ada, 3cc38a48,21:44 2025-10-10
ETHFIUSDT,Trade,72.7,0.9738,0.8793,5.5E-4,0.0389374,USDT,0.0389374,Short,Market, fb1466fd, 3cc38a48,21:44 2025-10-10
ETHFIUSDT,Trade,46.3,0.9738,0.8793,5.5E-4,0.02479782,USDT,0.02479782,Short,Market, d76ebede, 3cc38a48,21:44 2025-10-10
ETHFIUSDT,Trade,215.1,0.9738,0.8793,5.5E-4,0.11520541,USDT,0.11520541,Short,Market, 0f46b530, 3cc38a48,21:44 2025-10-10
ETHFIUSDT,Trade,125.3,0.9738,0.8793,5.5E-4,0.06710943,USDT,0.06710943,Short,Market, d1ee52b8, 3cc38a48,21:44 2025-10-10
ETHFIUSDT,Trade,125.2,0.974,0.8793,5.5E-4,0.06706964,USDT,0.06706964,Short,Market, 79ee57a2, 3cc38a48,21:44 2025-10-10
ETHFIUSDT,Trade,1914.9,0.962,1.0382,5.5E-4,1.01317359,USDT,1.01317359,Long,Market, 221a878d, 2338e4be,21:43 2025-10-10
ETHFIUSDT,Trade,0.1,0.9615,1.0382,5.5E-4,5.289E-5,USDT,0.00005289,Long,Market, caa98b20, 2338e4be,21:43 2025-10-10
ETHFIUSDT,Trade,143.5,0.9609,1.0382,5.5E-4,0.07583904,USDT,0.07583904,Long,Market, 16b82b26, 2338e4be,21:43 2025-10-10
ETHFIUSDT,Trade,157.9,0.9608,1.0382,5.5E-4,0.08344068,USDT,0.08344068,Long,Market, 129af471, 2338e4be,21:43 2025-10-10
ETHFIUSDT,Trade,157.9,0.9607,1.0382,5.5E-4,0.083432,USDT,0.083432,Long,Market, 8bbb8c6f, 2338e4be,21:43 2025-10-10
ETHFIUSDT,Trade,5.3,0.9589,1.0382,5.5E-4,0.0027952,USDT,0.0027952,Long,Market, a1426ae4, 2338e4be,21:43 2025-10-10
ETHFIUSDT,Trade,18.4,0.9586,1.0382,5.5E-4,0.00970104,USDT,0.00970104,Long,Market, 4b80e0af, 2338e4be,21:43 2025-10-10
ETHFIUSDT,Trade,143.5,0.9582,1.0382,5.5E-4,0.07562594,USDT,0.07562594,Long,Market, 71f894b4, 2338e4be,21:43 2025-10-10
ETHFIUSDT,Trade,180.0,0.9581,1.0382,5.5E-4,0.0948519,USDT,0.0948519,Long,Market, 318949f0, 2338e4be,21:43 2025-10-10
ETHFIUSDT,Trade,130.6,0.958,1.0382,5.5E-4,0.06881314,USDT,0.06881314,Long,Market, 70ec8c2d, 2338e4be,21:43 2025-10-10
ETHFIUSDT,Trade,180.0,0.9579,1.0382,5.5E-4,0.0948321,USDT,0.0948321,Long,Market, 8f6d4b4e, 2338e4be,21:43 2025-10-10
ETHFIUSDT,Trade,18.4,0.9572,1.0382,5.5E-4,0.00968687,USDT,0.00968687,Long,Market, 8eb4eeec, 2338e4be,21:43 2025-10-10
ETHFIUSDT,Trade,180.0,0.9571,1.0382,5.5E-4,0.0947529,USDT,0.0947529,Long,Market, 55373e13, 2338e4be,21:43 2025-10-10
ETHFIUSDT,Trade,170.7,0.957,1.0382,5.5E-4,0.08984795,USDT,0.08984795,Long,Market, 85b5be04, 2338e4be,21:43 2025-10-10
ETHFIUSDT,Trade,18.4,0.9567,1.0382,5.5E-4,0.00968181,USDT,0.00968181,Long,Market, dda44aad, 2338e4be,21:43 2025-10-10
ETHFIUSDT,Trade,24.8,0.9566,1.0382,5.5E-4,0.01304803,USDT,0.01304803,Long,Market, 638e8a8e, 2338e4be,21:43 2025-10-10
ETHFIUSDT,Trade,6.0,0.9563,1.0382,5.5E-4,0.00315579,USDT,0.00315579,Long,Market, 2cbb8b07, 2338e4be,21:43 2025-10-10
ETHFIUSDT,Trade,6.0,0.9558,1.0382,5.5E-4,0.00315414,USDT,0.00315414,Long,Market, af5ab394, 2338e4be,21:43 2025-10-10
ETHFIUSDT,Trade,45.3,0.954,1.0382,5.5E-4,0.02376891,USDT,0.02376891,Long,Market, c6615fa5, 2338e4be,21:43 2025-10-10
ETHFIUSDT,Trade,84.0,0.9539,1.0382,5.5E-4,0.04407018,USDT,0.04407018,Long,Market, 7c406ad6, 2338e4be,21:43 2025-10-10
ETHFIUSDT,Trade,6.1,0.9539,1.0382,5.5E-4,0.00320034,USDT,0.00320034,Long,Market, 3369ba09, 2338e4be,21:43 2025-10-10
ETHFIUSDT,Trade,59.6,0.9539,1.0382,5.5E-4,0.03126885,USDT,0.03126885,Long,Market, 96327509, 2338e4be,21:43 2025-10-10
ETHFIUSDT,Trade,391.0,0.851,0.9322,5.5E-4,0.18300755,USDT,0.18300755,Long,Market, 46137f61, 84ce9792,21:40 2025-10-10
ETHFIUSDT,Trade,91.2,0.8509,0.9322,5.5E-4,0.04268115,USDT,0.04268115,Long,Market, cdecbe38, 84ce9792,21:40 2025-10-10
ETHFIUSDT,Trade,220.0,0.8507,0.9322,5.5E-4,0.1029347,USDT,0.1029347,Long,Market, 65b8e7b9, 84ce9792,21:40 2025-10-10
ETHFIUSDT,Trade,118.0,0.8505,0.9322,5.5E-4,0.05519745,USDT,0.05519745,Long,Market, 9d5f48b3, 84ce9792,21:40 2025-10-10
ETHFIUSDT,Trade,227.6,0.8504,0.9322,5.5E-4,0.10645308,USDT,0.10645308,Long,Market, 74e971a0, 84ce9792,21:40 2025-10-10
ETHFIUSDT,Trade,241.3,0.8503,0.9322,5.5E-4,0.11284757,USDT,0.11284757,Long,Market, 5ba90a0c, 84ce9792,21:40 2025-10-10
ETHFIUSDT,Trade,0.1,0.8503,0.9322,5.5E-4,4.677E-5,USDT,0.00004677,Long,Market, 6422af85, 84ce9792,21:40 2025-10-10
ETHFIUSDT,Trade,16.7,0.8502,0.9322,5.5E-4,0.00780909,USDT,0.00780909,Long,Market, 001d41a9, 84ce9792,21:40 2025-10-10
ETHFIUSDT,Trade,6.0,0.8494,0.9322,5.5E-4,0.00280302,USDT,0.00280302,Long,Market, 1df0a9bf, 84ce9792,21:40 2025-10-10
ETHFIUSDT,Trade,118.0,0.8493,0.9322,5.5E-4,0.05511957,USDT,0.05511957,Long,Market, 8a26aa4a, 84ce9792,21:40 2025-10-10
ETHFIUSDT,Trade,5.9,0.8493,0.9322,5.5E-4,0.00275598,USDT,0.00275598,Long,Market, a4401af1, 84ce9792,21:40 2025-10-10
ETHFIUSDT,Trade,6.0,0.849,0.9322,5.5E-4,0.0028017,USDT,0.0028017,Long,Market, 1f48d255, 84ce9792,21:40 2025-10-10
ETHFIUSDT,Trade,236.2,0.849,0.9322,5.5E-4,0.11029359,USDT,0.11029359,Long,Market, 557a7cd3, 84ce9792,21:40 2025-10-10
ETHFIUSDT,Trade,67.7,0.8486,0.9322,5.5E-4,0.03159763,USDT,0.03159763,Long,Market, 9993d840, 84ce9792,21:40 2025-10-10
ETHFIUSDT,Trade,118.0,0.8481,0.9322,5.5E-4,0.05504169,USDT,0.05504169,Long,Market, 59794c4e, 84ce9792,21:40 2025-10-10
ETHFIUSDT,Trade,118.0,0.8478,0.9322,5.5E-4,0.05502222,USDT,0.05502222,Long,Market, 8734f178, 84ce9792,21:40 2025-10-10
ETHFIUSDT,Trade,976.0,0.8477,0.9322,5.5E-4,0.45504536,USDT,0.45504536,Long,Market, 0b4342ce, 84ce9792,21:40 2025-10-10
ETHFIUSDT,Trade,117.5,0.8237,0.7468,5.5E-4,0.05323162,USDT,0.05323162,Short,Market, 3029cd59, 6ab021d7,21:37 2025-10-10
ETHFIUSDT,Trade,0.1,0.8241,0.7468,5.5E-4,4.533E-5,USDT,0.00004533,Short,Market, ae9f8901, 6ab021d7,21:37 2025-10-10
ETHFIUSDT,Trade,60.3,0.8252,0.7468,5.5E-4,0.02736776,USDT,0.02736776,Short,Market, 7ed29ac1, 6ab021d7,21:37 2025-10-10
ETHFIUSDT,Trade,60.2,0.8258,0.7468,5.5E-4,0.02734224,USDT,0.02734224,Short,Market, a2bd43a3, 6ab021d7,21:37 2025-10-10
ETHFIUSDT,Trade,6.1,0.8263,0.7468,5.5E-4,0.00277224,USDT,0.00277224,Short,Market, 53799efb, 6ab021d7,21:37 2025-10-10
ETHFIUSDT,Trade,60.3,0.8263,0.7468,5.5E-4,0.02740424,USDT,0.02740424,Short,Market, 4e8c4554, 6ab021d7,21:37 2025-10-10
ETHFIUSDT,Trade,166.1,0.8265,0.7468,5.5E-4,0.07550491,USDT,0.07550491,Short,Market, 5a7d9acd, 6ab021d7,21:37 2025-10-10
ETHFIUSDT,Trade,176.5,0.8268,0.7468,5.5E-4,0.08026161,USDT,0.08026161,Short,Market, 84aab40f, 6ab021d7,21:37 2025-10-10
ETHFIUSDT,Trade,120.3,0.827,0.7468,5.5E-4,0.05471846,USDT,0.05471846,Short,Market, fcc62823, 6ab021d7,21:37 2025-10-10
ETHFIUSDT,Trade,120.3,0.827,0.7468,5.5E-4,0.05471846,USDT,0.05471846,Short,Market, e9b9f309, 6ab021d7,21:37 2025-10-10
ETHFIUSDT,Trade,60.2,0.827,0.7468,5.5E-4,0.02738197,USDT,0.02738197,Short,Market, 80fdc964, 6ab021d7,21:37 2025-10-10
ETHFIUSDT,Trade,184.9,0.8271,0.7468,5.5E-4,0.08411194,USDT,0.08411194,Short,Market, 02d9d0e9, 6ab021d7,21:37 2025-10-10
ETHFIUSDT,Trade,6.1,0.8271,0.7468,5.5E-4,0.00277493,USDT,0.00277493,Short,Market, 05e3609c, 6ab021d7,21:37 2025-10-10
ETHFIUSDT,Trade,184.9,0.8274,0.7468,5.5E-4,0.08414245,USDT,0.08414245,Short,Market, ad2c9b50, 6ab021d7,21:37 2025-10-10
ETHFIUSDT,Trade,135.4,0.8275,0.7468,5.5E-4,0.06162393,USDT,0.06162393,Short,Market, 4ec0f170, 6ab021d7,21:37 2025-10-10
ETHFIUSDT,Trade,196.1,0.8275,0.7468,5.5E-4,0.08925002,USDT,0.08925002,Short,Market, 253911f6, 6ab021d7,21:37 2025-10-10
ETHFIUSDT,Trade,60.3,0.8278,0.7468,5.5E-4,0.02745399,USDT,0.02745399,Short,Market, 52a4550b, 6ab021d7,21:37 2025-10-10
ETHFIUSDT,Trade,46.3,0.8278,0.7468,5.5E-4,0.02107993,USDT,0.02107993,Short,Market, c6a32960, 6ab021d7,21:37 2025-10-10
ETHFIUSDT,Trade,69.9,0.8282,0.7468,5.5E-4,0.03184015,USDT,0.03184015,Short,Market, ab39690a, 6ab021d7,21:37 2025-10-10
ETHFIUSDT,Trade,500.5,0.8546,0.9321,5.5E-4,0.23525002,USDT,0.23525002,Long,Market, 97f33f06, 54d8af8f,21:34 2025-10-10
ETHFIUSDT,Trade,542.6,0.8541,0.9321,5.5E-4,0.25488907,USDT,0.25488907,Long,Market, 61102cf3, 54d8af8f,21:34 2025-10-10
ETHFIUSDT,Trade,588.2,0.8539,0.9321,5.5E-4,0.27624519,USDT,0.27624519,Long,Market, 1cc5c72c, 54d8af8f,21:34 2025-10-10
ETHFIUSDT,Trade,6.0,0.8508,0.9321,5.5E-4,0.00280764,USDT,0.00280764,Long,Market, 57e310f2, 54d8af8f,21:34 2025-10-10
ETHFIUSDT,Trade,53.8,0.8503,0.9321,5.5E-4,0.02516038,USDT,0.02516038,Long,Market, 928e8428, 54d8af8f,21:34 2025-10-10
ETHFIUSDT,Trade,6.0,0.8503,0.9321,5.5E-4,0.00280599,USDT,0.00280599,Long,Market, 6a3961e0, 54d8af8f,21:34 2025-10-10
ETHFIUSDT,Trade,111.8,0.8479,0.9321,5.5E-4,0.05213738,USDT,0.05213738,Long,Market, bdc3c693, 54d8af8f,21:34 2025-10-10
ETHFIUSDT,Trade,22.9,0.8479,0.9321,5.5E-4,0.01067931,USDT,0.01067931,Long,Market, 05d1b453, 54d8af8f,21:34 2025-10-10
BNBUSDT,Trade,0.25,1064.8,1115.8,5.5E-4,0.14641,USDT,0.14641,Long,Market, 8bf75bb7, 856bf676,21:32 2025-10-10
BNBUSDT,Trade,0.01,1064.6,1115.8,5.5E-4,0.0058553,USDT,0.0058553,Long,Market, 8fa8625e, 856bf676,21:32 2025-10-10
BNBUSDT,Trade,2.3,1064.4,1115.8,5.5E-4,1.346466,USDT,1.346466,Long,Market, 2d487ee9, 856bf676,21:32 2025-10-10
BNBUSDT,Trade,0.01,1064.2,1115.8,5.5E-4,0.0058531,USDT,0.0058531,Long,Market, 164b6370, 856bf676,21:32 2025-10-10
BNBUSDT,Trade,0.04,1064.2,1115.8,5.5E-4,0.0234124,USDT,0.0234124,Long,Market, 1645ef0d, 856bf676,21:32 2025-10-10
BNBUSDT,Trade,1.85,1063.9,1115.8,5.5E-4,1.08251825,USDT,1.08251825,Long,Market, 35964f5c, 856bf676,21:32 2025-10-10
BTCUSDT,Trade,0.037,110265.5,111361.4,5.5E-4,2.24390293,USDT,2.24390293,Long,Market, 4a530457, 35b818e0,21:32 2025-10-10
BNBUSDT,Trade,0.38,974.9,944.9,5.5E-4,0.2037541,USDT,0.2037541,Short,Market, 02cabe5c, 64639322,21:30 2025-10-10
BTCUSDT,Trade,0.021,108423.1,107153,5.5E-4,1.25228681,USDT,1.25228681,Short,Market, 83060d2b, 50712709,21:30 2025-10-10
BNBUSDT,Trade,0.04,991.5,944.9,5.5E-4,0.021813,USDT,0.021813,Short,Market, 27ec6bdb, a74aac12,21:27 2025-10-10
BNBUSDT,Trade,0.01,991.5,944.9,5.5E-4,0.00545325,USDT,0.00545325,Short,Market, b8b3e3bb, a74aac12,21:27 2025-10-10
BNBUSDT,Trade,0.7,991.6,944.9,5.5E-4,0.381766,USDT,0.381766,Short,Market, 4398f342, a74aac12,21:27 2025-10-10
BNBUSDT,Trade,0.01,991.6,944.9,5.5E-4,0.0054538,USDT,0.0054538,Short,Market, 0c9bb214, a74aac12,21:27 2025-10-10
ETHFIUSDT,Trade,110.7,0.6274,0.5645,5.5E-4,0.03819925,USDT,0.03819925,Short,Market, 846d0a08, fa5ebefb,21:25 2025-10-10
ETHFIUSDT,Trade,80.7,0.6275,0.5645,5.5E-4,0.02785159,USDT,0.02785159,Short,Market, 4efc5ba8, fa5ebefb,21:25 2025-10-10
ETHFIUSDT,Trade,796.3,0.6276,0.5645,5.5E-4,0.27486684,USDT,0.27486684,Short,Market, e6f46f38, fa5ebefb,21:25 2025-10-10
ETHFIUSDT,Trade,829.3,0.6277,0.5645,5.5E-4,0.28630339,USDT,0.28630339,Short,Market, 46ce474a, fa5ebefb,21:25 2025-10-10
BTCUSDT,Trade,0.013,108145.9,109196.9,5.5E-4,0.77324319,USDT,0.77324319,Long,Market, 6ae63173, d805bf99,21:24 2025-10-10
BTCUSDT,Trade,0.004,108145.9,109196.9,5.5E-4,0.23792098,USDT,0.23792098,Long,Market, e3f87a47, d805bf99,21:24 2025-10-10
BTCUSDT,Trade,0.003,108142.1,109196.9,5.5E-4,0.17843447,USDT,0.17843447,Long,Market, 9e7b5ae0, d805bf99,21:24 2025-10-10
BTCUSDT,Trade,0.001,108141.2,109196.9,5.5E-4,0.05947766,USDT,0.05947766,Long,Market, 4fc64004, d805bf99,21:24 2025-10-10
BNBUSDT,Trade,1.47,1049.8,1103.7,5.5E-4,0.8487633,USDT,0.8487633,Long,Market, 1ac7d53f, fc45c351,21:22 2025-10-10
BNBUSDT,Trade,0.03,1049.7,1103.7,5.5E-4,0.01732005,USDT,0.01732005,Long,Market, a6043a05, fc45c351,21:22 2025-10-10
BNBUSDT,Trade,0.03,1049.5,1103.7,5.5E-4,0.01731675,USDT,0.01731675,Long,Market, 6dcd788c, fc45c351,21:22 2025-10-10
ETHFIUSDT,Trade,481.6,0.4234,0.4627,5.5E-4,0.1121502,USDT,0.1121502,Long,Market, 32b47d2e, c82a262a,21:22 2025-10-10
ETHFIUSDT,Trade,805.8,0.4233,0.4627,5.5E-4,0.18760233,USDT,0.18760233,Long,Market, 2bf28911, c82a262a,21:22 2025-10-10
ETHFIUSDT,Trade,414.9,0.4211,0.4627,5.5E-4,0.09609292,USDT,0.09609292,Long,Market, 9983cc71, c82a262a,21:22 2025-10-10
ETHFIUSDT,Trade,60.9,0.4191,0.4627,5.5E-4,0.01403776,USDT,0.01403776,Long,Market, 53c2623e, c82a262a,21:22 2025-10-10
ETHFIUSDT,Trade,53.8,0.4145,0.4627,5.5E-4,0.01226506,USDT,0.01226506,Long,Market, 63bf78fb, c82a262a,21:22 2025-10-10
ETHFIUSDT,Trade,678.1,0.3221,0.3505,5.5E-4,0.12012881,USDT,0.12012881,Long,Market, 82426121, 71561f7a,21:19 2025-10-10
ETHFIUSDT,Trade,310.5,0.322,0.3505,5.5E-4,0.05498955,USDT,0.05498955,Long,Market, 2411dc5d, 71561f7a,21:19 2025-10-10
ETHFIUSDT,Trade,785.7,0.3204,0.3505,5.5E-4,0.13845606,USDT,0.13845606,Long,Market, 4b9c849f, 71561f7a,21:19 2025-10-10
ETHFIUSDT,Trade,15.8,0.3169,0.3505,5.5E-4,0.00275387,USDT,0.00275387,Long,Market, 5ff736df, 71561f7a,21:19 2025-10-10
ETHFIUSDT,Trade,190.5,0.3164,0.3505,5.5E-4,0.03315081,USDT,0.03315081,Long,Market, 72bcffea, 71561f7a,21:19 2025-10-10
ETHFIUSDT,Trade,44.4,0.3162,0.3505,5.5E-4,0.00772161,USDT,0.00772161,Long,Market, 6994879a, 71561f7a,21:19 2025-10-10
ETHFIUSDT,Trade,123.9,0.9433,0.8897,5.5E-4,0.06428118,USDT,0.06428118,Short,Market, 4b361242, a224f347,21:18 2025-10-10
ETHFIUSDT,Trade,352.9,0.9436,0.8897,5.5E-4,0.18314805,USDT,0.18314805,Short,Market, 4e929ccc, a224f347,21:18 2025-10-10
ETHFIUSDT,Trade,525.5,0.9444,0.8897,5.5E-4,0.27295521,USDT,0.27295521,Short,Market, 3261685e, a224f347,21:18 2025-10-10
ETHFIUSDT,Trade,1.0,0.9448,0.8897,5.5E-4,5.1964E-4,USDT,0.00051964,Short,Market, b313ed8d, a224f347,21:18 2025-10-10
ETHFIUSDT,Trade,0.1,0.9449,0.8897,5.5E-4,5.197E-5,USDT,0.00005197,Short,Market, cdc149a7, a224f347,21:18 2025-10-10
ETHFIUSDT,Trade,223.6,0.9454,0.8897,5.5E-4,0.1162653,USDT,0.1162653,Short,Market, 8181a534, a224f347,21:18 2025-10-10
ETHFIUSDT,Trade,5.7,1.1244,1.2295,5.5E-4,0.003525,USDT,0.003525,Long,Market, 825eca6b, a6866fba,21:16 2025-10-10
ETHFIUSDT,Trade,1.7,1.1244,1.2295,5.5E-4,0.00105132,USDT,0.00105132,Long,Market, 9901db92, a6866fba,21:16 2025-10-10
ETHFIUSDT,Trade,452.3,1.1243,1.2295,5.5E-4,0.27968649,USDT,0.27968649,Long,Market, 727a374b, a6866fba,21:16 2025-10-10
ETHFIUSDT,Trade,6.7,1.1241,1.2295,5.5E-4,0.00414231,USDT,0.00414231,Long,Market, 468154a4, a6866fba,21:16 2025-10-10
ETHFIUSDT,Trade,6.7,1.1233,1.2295,5.5E-4,0.00413937,USDT,0.00413937,Long,Market, 7931e0d2, a6866fba,21:16 2025-10-10
ETHFIUSDT,Trade,0.2,1.1232,1.2295,5.5E-4,1.2356E-4,USDT,0.00012356,Long,Market, b334d60a, a6866fba,21:16 2025-10-10
ETHFIUSDT,Trade,6.7,1.1227,1.2295,5.5E-4,0.00413715,USDT,0.00413715,Long,Market, ebc11695, a6866fba,21:16 2025-10-10
ETHFIUSDT,Trade,6.7,1.1226,1.2295,5.5E-4,0.00413679,USDT,0.00413679,Long,Market, 99394a8c, a6866fba,21:16 2025-10-10
ETHFIUSDT,Trade,241.2,1.1226,1.2295,5.5E-4,0.14892412,USDT,0.14892412,Long,Market, 9c3b9cc4, a6866fba,21:16 2025-10-10
ETHFIUSDT,Trade,6.7,1.1225,1.2295,5.5E-4,0.00413642,USDT,0.00413642,Long,Market, e9d8ce30, a6866fba,21:16 2025-10-10
ETHFIUSDT,Trade,6.7,1.1225,1.2295,5.5E-4,0.00413642,USDT,0.00413642,Long,Market, 8b99d614, a6866fba,21:16 2025-10-10
ETHFIUSDT,Trade,1.0,1.1225,1.2295,5.5E-4,6.1738E-4,USDT,0.00061738,Long,Market, 290fc1ec, a6866fba,21:16 2025-10-10
ETHFIUSDT,Trade,6.7,1.1224,1.2295,5.5E-4,0.00413605,USDT,0.00413605,Long,Market, 4ad398e3, a6866fba,21:16 2025-10-10
ETHFIUSDT,Trade,0.1,1.1224,1.2295,5.5E-4,6.174E-5,USDT,0.00006174,Long,Market, ab378383, a6866fba,21:16 2025-10-10
ETHFIUSDT,Trade,6.7,1.1223,1.2295,5.5E-4,0.00413568,USDT,0.00413568,Long,Market, bb726f66, a6866fba,21:16 2025-10-10
ETHFIUSDT,Trade,6.7,1.1222,1.2295,5.5E-4,0.00413531,USDT,0.00413531,Long,Market, f81dc1ff, a6866fba,21:16 2025-10-10
ETHFIUSDT,Trade,1.7,1.1222,1.2295,5.5E-4,0.00104926,USDT,0.00104926,Long,Market, de37d752, a6866fba,21:16 2025-10-10
ETHFIUSDT,Trade,6.7,1.1221,1.2295,5.5E-4,0.00413494,USDT,0.00413494,Long,Market, de43d49c, a6866fba,21:16 2025-10-10
ETHFIUSDT,Trade,6.7,1.122,1.2295,5.5E-4,0.00413457,USDT,0.00413457,Long,Market, 24ba224b, a6866fba,21:16 2025-10-10
ETHFIUSDT,Trade,6.7,1.1219,1.2295,5.5E-4,0.00413421,USDT,0.00413421,Long,Market, d8443ef2, a6866fba,21:16 2025-10-10
ETHFIUSDT,Trade,6.7,1.1218,1.2295,5.5E-4,0.00413384,USDT,0.00413384,Long,Market, e8516ead, a6866fba,21:16 2025-10-10
ETHFIUSDT,Trade,6.8,1.1217,1.2295,5.5E-4,0.00419516,USDT,0.00419516,Long,Market, 67bbe11d, a6866fba,21:16 2025-10-10
ETHFIUSDT,Trade,0.2,1.1217,1.2295,5.5E-4,1.2339E-4,USDT,0.00012339,Long,Market, a883ef46, a6866fba,21:16 2025-10-10
ETHFIUSDT,Trade,432.7,1.2082,1.1301,5.5E-4,0.28753348,USDT,0.28753348,Short,Market, 25587a3b, 86aa56ae,21:14 2025-10-10
ETHFIUSDT,Trade,6.2,1.2083,1.1301,5.5E-4,0.00412031,USDT,0.00412031,Short,Market, 235a3fa3, 86aa56ae,21:14 2025-10-10
ETHFIUSDT,Trade,161.8,1.2083,1.1301,5.5E-4,0.10752662,USDT,0.10752662,Short,Market, 11eff4c6, 86aa56ae,21:14 2025-10-10
ETHFIUSDT,Trade,433.6,1.2083,1.1301,5.5E-4,0.28815539,USDT,0.28815539,Short,Market, 4641ae95, 86aa56ae,21:14 2025-10-10
ETHFIUSDT,Trade,6.2,1.2084,1.1301,5.5E-4,0.00412065,USDT,0.00412065,Short,Market, c1a723d5, 86aa56ae,21:14 2025-10-10
ETHFIUSDT,Trade,6.2,1.2085,1.1301,5.5E-4,0.00412099,USDT,0.00412099,Short,Market, 6645fb0b, 86aa56ae,21:14 2025-10-10
ETHFIUSDT,Trade,8.2,1.2085,1.1301,5.5E-4,0.00545034,USDT,0.00545034,Short,Market, 95af9444, 86aa56ae,21:14 2025-10-10
ETHFIUSDT,Trade,6.2,1.2086,1.1301,5.5E-4,0.00412133,USDT,0.00412133,Short,Market, ee7fd89c, 86aa56ae,21:14 2025-10-10
ETHFIUSDT,Trade,6.2,1.2087,1.1301,5.5E-4,0.00412167,USDT,0.00412167,Short,Market, 4bf3f555, 86aa56ae,21:14 2025-10-10
ETHFIUSDT,Trade,351.7,1.2087,1.1301,5.5E-4,0.23380489,USDT,0.23380489,Short,Market, 9d7e5e42, 86aa56ae,21:14 2025-10-10
ETHFIUSDT,Trade,82.3,1.2088,1.1301,5.5E-4,0.05471634,USDT,0.05471634,Short,Market, 21b3ca14, 86aa56ae,21:14 2025-10-10
ETHFIUSDT,Trade,6.2,1.2088,1.1301,5.5E-4,0.00412201,USDT,0.00412201,Short,Market, 9d3ecf3e, 86aa56ae,21:14 2025-10-10
ETHFIUSDT,Trade,6.2,1.2089,1.1301,5.5E-4,0.00412235,USDT,0.00412235,Short,Market, 500c65ee, 86aa56ae,21:14 2025-10-10
ETHFIUSDT,Trade,82.3,1.209,1.1301,5.5E-4,0.05472539,USDT,0.05472539,Short,Market, 13392cf0, 86aa56ae,21:14 2025-10-10
ETHFIUSDT,Trade,1.6,1.3034,1.4327,5.5E-4,0.001147,USDT,0.001147,Long,Market, 499aefa6, ec15f6e3,21:14 2025-10-10
ETHFIUSDT,Trade,52.7,1.3033,1.4327,5.5E-4,0.03777616,USDT,0.03777616,Long,Market, 02a3569e, ec15f6e3,21:14 2025-10-10
ETHFIUSDT,Trade,15.4,1.3032,1.4327,5.5E-4,0.01103811,USDT,0.01103811,Long,Market, a1d68b32, ec15f6e3,21:14 2025-10-10
ETHFIUSDT,Trade,394.2,1.3032,1.4327,5.5E-4,0.2825468,USDT,0.2825468,Long,Market, 5f0c57ae, ec15f6e3,21:14 2025-10-10
ETHFIUSDT,Trade,45.9,1.3024,1.4327,5.5E-4,0.03287909,USDT,0.03287909,Long,Market, 7eede60f, ec15f6e3,21:14 2025-10-10
BNBUSDT,Trade,0.34,1125.3,1180.4,5.5E-4,0.2104311,USDT,0.2104311,Long,Market, 0534d5ef, a55df5e1,21:14 2025-10-10
BNBUSDT,Trade,0.19,1125.3,1180.4,5.5E-4,0.11759385,USDT,0.11759385,Long,Market, cacc3601, a55df5e1,21:14 2025-10-10
BNBUSDT,Trade,0.44,1125.2,1180.4,5.5E-4,0.2722984,USDT,0.2722984,Long,Market, d260edbb, a55df5e1,21:14 2025-10-10
BNBUSDT,Trade,0.44,1125.2,1180.4,5.5E-4,0.2722984,USDT,0.2722984,Long,Market, ead04847, a55df5e1,21:14 2025-10-10
ETHFIUSDT,Trade,2.4,1.3738,1.276,5.5E-4,0.00181342,USDT,0.00181342,Short,Market, 08f5bae6, 9fbc9ce6,21:12 2025-10-10
ETHFIUSDT,Trade,0.1,1.3738,1.276,5.5E-4,7.556E-5,USDT,0.00007556,Short,Market, 90ecbb27, 9fbc9ce6,21:12 2025-10-10
ETHFIUSDT,Trade,0.5,1.3738,1.276,5.5E-4,3.778E-4,USDT,0.0003778,Short,Market, 47bed450, 9fbc9ce6,21:12 2025-10-10
ETHFIUSDT,Trade,52.7,1.3739,1.276,5.5E-4,0.0398225,USDT,0.0398225,Short,Market, 768b339c, 9fbc9ce6,21:12 2025-10-10
ETHFIUSDT,Trade,5.5,1.3739,1.276,5.5E-4,0.00415605,USDT,0.00415605,Short,Market, de87713f, 9fbc9ce6,21:12 2025-10-10
ETHFIUSDT,Trade,81.1,1.374,1.276,5.5E-4,0.06128727,USDT,0.06128727,Short,Market, db20fdb7, 9fbc9ce6,21:12 2025-10-10
ETHFIUSDT,Trade,5.5,1.374,1.276,5.5E-4,0.00415635,USDT,0.00415635,Short,Market, 67fe1f91, 9fbc9ce6,21:12 2025-10-10
ETHFIUSDT,Trade,52.7,1.3741,1.276,5.5E-4,0.03982829,USDT,0.03982829,Short,Market, 895d71b7, 9fbc9ce6,21:12 2025-10-10
ETHFIUSDT,Trade,5.5,1.3741,1.276,5.5E-4,0.00415666,USDT,0.00415666,Short,Market, 424c5e70, 9fbc9ce6,21:12 2025-10-10
ETHFIUSDT,Trade,5.5,1.3742,1.276,5.5E-4,0.00415696,USDT,0.00415696,Short,Market, 1554ac87, 9fbc9ce6,21:12 2025-10-10
ETHFIUSDT,Trade,5.5,1.3743,1.276,5.5E-4,0.00415726,USDT,0.00415726,Short,Market, ccf0968f, 9fbc9ce6,21:12 2025-10-10
ETHFIUSDT,Trade,5.5,1.3744,1.276,5.5E-4,0.00415756,USDT,0.00415756,Short,Market, 0ab945bd, 9fbc9ce6,21:12 2025-10-10
ETHFIUSDT,Trade,52.7,1.3745,1.276,5.5E-4,0.03983989,USDT,0.03983989,Short,Market, 703bb28a, 9fbc9ce6,21:12 2025-10-10
ETHFIUSDT,Trade,5.5,1.3745,1.276,5.5E-4,0.00415787,USDT,0.00415787,Short,Market, 934f6b3c, 9fbc9ce6,21:12 2025-10-10
ETHFIUSDT,Trade,5.5,1.3746,1.276,5.5E-4,0.00415817,USDT,0.00415817,Short,Market, 7f41964e, 9fbc9ce6,21:12 2025-10-10
ETHFIUSDT,Trade,5.5,1.3747,1.276,5.5E-4,0.00415847,USDT,0.00415847,Short,Market, 2ba5f974, 9fbc9ce6,21:12 2025-10-10
ETHFIUSDT,Trade,82.7,1.3748,1.276,5.5E-4,0.06253278,USDT,0.06253278,Short,Market, 0e8c28ad, 9fbc9ce6,21:12 2025-10-10
ETHFIUSDT,Trade,52.7,1.3748,1.276,5.5E-4,0.03984858,USDT,0.03984858,Short,Market, 90867ce0, 9fbc9ce6,21:12 2025-10-10
ETHFIUSDT,Trade,82.7,1.3751,1.276,5.5E-4,0.06254643,USDT,0.06254643,Short,Market, f1848e1b, 9fbc9ce6,21:12 2025-10-10
BNBUSDT,Trade,0.71,1179.3,1120.9,5.5E-4,0.46051665,USDT,0.46051665,Short,Market, 94a4e3dc, 005f0951,21:11 2025-10-10
BNBUSDT,Trade,0.7,1179.3,1120.9,5.5E-4,0.4540305,USDT,0.4540305,Short,Market, e77541c1, 005f0951,21:11 2025-10-10
BNBUSDT,Trade,0.54,1192,1251.8,5.5E-4,0.354024,USDT,0.354024,Long,Market, 3b7259bc, f1f7e241,21:09 2025-10-10
BNBUSDT,Trade,0.19,1198.2,1141.2,5.5E-4,0.1252119,USDT,0.1252119,Short,Market, 5ef9cd57, df3b8b7c,20:56 2025-10-10
BNBUSDT,Trade,0.08,1198.3,1141.2,5.5E-4,0.0527252,USDT,0.0527252,Short,Market, 3b23cc71, df3b8b7c,20:56 2025-10-10
BNBUSDT,Trade,0.95,1198.3,1141.2,5.5E-4,0.62611175,USDT,0.62611175,Short,Market, 18b97fe6, df3b8b7c,20:56 2025-10-10
ETHUSDT,Trade,0.01,4008.91,3928.74,5.5E-4,0.02204901,USDT,0.02204901,Short,Market, 440b9f4a, 53bce7f9,20:42 2025-10-10
ETHUSDT,Trade,0.01,4008.91,3928.74,5.5E-4,0.02204901,USDT,0.02204901,Short,Market, bb319734, 53bce7f9,20:42 2025-10-10
ETHUSDT,Trade,0.04,4008.92,3928.74,5.5E-4,0.08819624,USDT,0.08819624,Short,Market, 166ae306, 53bce7f9,20:42 2025-10-10
ETHUSDT,Trade,0.05,4008.92,3928.74,5.5E-4,0.1102453,USDT,0.1102453,Short,Market, 3e904953, 53bce7f9,20:42 2025-10-10
ETHUSDT,Trade,0.01,4008.92,3928.74,5.5E-4,0.02204906,USDT,0.02204906,Short,Market, cdf367dd, 53bce7f9,20:42 2025-10-10
ETHUSDT,Trade,0.02,3999.65,3919.17,5.5E-4,0.04399615,USDT,0.04399615,Short,Market, f9c04edd, b1c953ee,20:20 2025-10-10
ETHUSDT,Trade,0.02,3999.65,3919.17,5.5E-4,0.04399615,USDT,0.04399615,Short,Market, 103ca521, b1c953ee,20:20 2025-10-10
ETHUSDT,Trade,0.05,3999.65,3919.17,5.5E-4,0.10999038,USDT,0.10999038,Short,Market, 852db196, b1c953ee,20:20 2025-10-10
ETHUSDT,Trade,0.01,3999.65,3919.17,5.5E-4,0.02199808,USDT,0.02199808,Short,Market, e840503a, b1c953ee,20:20 2025-10-10
ETHUSDT,Trade,0.01,3999.65,3919.17,5.5E-4,0.02199808,USDT,0.02199808,Short,Market, ddbe1994, b1c953ee,20:20 2025-10-10
BNBUSDT,Trade,0.67,1226.1,1287.4,5.5E-4,0.45181785,USDT,0.45181785,Long,Market, 6901a6e9, 7a1a9706,19:48 2025-10-10
BNBUSDT,Trade,0.01,1226,1287.4,5.5E-4,0.006743,USDT,0.006743,Long,Market, 18ef667b, 7a1a9706,19:48 2025-10-10
ETHUSDT,Trade,0.23,4024.44,4106.32,5.5E-4,0.50909166,USDT,0.50909166,Long,Market, 22e9af84, 0c407d61,19:45 2025-10-10
BNBUSDT,Trade,0.48,1215.9,1277,5.5E-4,0.3209976,USDT,0.3209976,Long,Market, 31708cd4, bd4b12fa,19:40 2025-10-10
ETHFIUSDT,Trade,153.6,1.4673,1.6135,5.5E-4,0.12395751,USDT,0.12395751,Long,Market, edf3b98b, f02b373c,19:30 2025-10-10
ETHFIUSDT,Trade,17.6,1.4672,1.6135,5.5E-4,0.0142025,USDT,0.0142025,Long,Market, c4e102f1, f02b373c,19:30 2025-10-10
ETHFIUSDT,Trade,46.2,1.4672,1.6135,5.5E-4,0.03728156,USDT,0.03728156,Long,Market, 303eb197, f02b373c,19:30 2025-10-10
ETHFIUSDT,Trade,208.8,1.4664,1.6135,5.5E-4,0.16840138,USDT,0.16840138,Long,Market, a9012861, 50f5ce9d,19:28 2025-10-10
ETHFIUSDT,Trade,244.6,1.4664,1.6135,5.5E-4,0.1972748,USDT,0.1972748,Long,Market, 1dd8a8be, 50f5ce9d,19:28 2025-10-10
ETHFIUSDT,Trade,47.8,1.4664,1.6135,5.5E-4,0.03855166,USDT,0.03855166,Long,Market, d48ac7ba, 50f5ce9d,19:28 2025-10-10
ETHFIUSDT,Trade,136.1,1.4664,1.6135,5.5E-4,0.10976738,USDT,0.10976738,Long,Market, 2271e1e2, 50f5ce9d,19:28 2025-10-10
ETHFIUSDT,Trade,136.1,1.4664,1.6135,5.5E-4,0.10976738,USDT,0.10976738,Long,Market, cfa81f04, 50f5ce9d,19:28 2025-10-10
ETHFIUSDT,Trade,136.1,1.4663,1.6135,5.5E-4,0.10975989,USDT,0.10975989,Long,Market, efd4976c, 50f5ce9d,19:28 2025-10-10
ETHFIUSDT,Trade,136.1,1.4662,1.6135,5.5E-4,0.10975241,USDT,0.10975241,Long,Market, 3653db60, 50f5ce9d,19:28 2025-10-10
ETHFIUSDT,Trade,50.2,1.4662,1.6135,5.5E-4,0.04048179,USDT,0.04048179,Long,Market, 8e5d0f59, 50f5ce9d,19:28 2025-10-10
ETHFIUSDT,Trade,136.1,1.4661,1.6135,5.5E-4,0.10974492,USDT,0.10974492,Long,Market, 2f540d30, 50f5ce9d,19:28 2025-10-10
BNBUSDT,Trade,0.44,1218.8,1158.2,5.5E-4,0.2949496,USDT,0.2949496,Short,Market, 9ae62750, f96d7134,19:28 2025-10-10
BNBUSDT,Trade,0.02,1218.8,1158.2,5.5E-4,0.0134068,USDT,0.0134068,Short,Market, d2acafe5, f96d7134,19:28 2025-10-10
BNBUSDT,Trade,0.01,1218.8,1158.2,5.5E-4,0.0067034,USDT,0.0067034,Short,Market, 23bed4c8, f96d7134,19:28 2025-10-10
BNBUSDT,Trade,0.01,1218.8,1158.2,5.5E-4,0.0067034,USDT,0.0067034,Short,Market, de659a60, f96d7134,19:28 2025-10-10
ETHFIUSDT,Trade,108.6,1.485,1.3783,5.5E-4,0.08869905,USDT,0.08869905,Short,Market, 1b79abb3, 3a5c8aca,18:18 2025-10-10
ETHFIUSDT,Trade,260.4,1.485,1.3783,5.5E-4,0.2126817,USDT,0.2126817,Short,Market, 2f114762, 3a5c8aca,18:18 2025-10-10
ETHFIUSDT,Trade,173.7,1.485,1.3783,5.5E-4,0.14186948,USDT,0.14186948,Short,Market, 69e56a78, 3a5c8aca,18:18 2025-10-10
ETHFIUSDT,Trade,199.0,1.485,1.3783,5.5E-4,0.16253325,USDT,0.16253325,Short,Market, 3652d3d0, 3a5c8aca,18:18 2025-10-10
ETHFIUSDT,Trade,5.1,1.485,1.3783,5.5E-4,0.00416543,USDT,0.00416543,Short,Market, 5b8f379a, 3a5c8aca,18:18 2025-10-10
ETHFIUSDT,Trade,222.7,1.4851,1.3783,5.5E-4,0.18190248,USDT,0.18190248,Short,Market, 4ce670c6, 3a5c8aca,18:18 2025-10-10
ETHFIUSDT,Trade,67.1,1.4851,1.3783,5.5E-4,0.05480762,USDT,0.05480762,Short,Market, fe5403dd, 3a5c8aca,18:18 2025-10-10
ETHFIUSDT,Trade,5.1,1.4851,1.3783,5.5E-4,0.00416571,USDT,0.00416571,Short,Market, 30ed3261, 3a5c8aca,18:18 2025-10-10
ETHFIUSDT,Trade,269.3,1.4852,1.3783,5.5E-4,0.2199804,USDT,0.2199804,Short,Market, a8a594d8, 3a5c8aca,18:18 2025-10-10
ETHFIUSDT,Trade,52.6,1.4852,1.3783,5.5E-4,0.04296684,USDT,0.04296684,Short,Market, 34c45ad9, 3a5c8aca,18:18 2025-10-10
ETHFIUSDT,Trade,85.7,1.4852,1.3783,5.5E-4,0.07000491,USDT,0.07000491,Short,Market, de0b3364, 3a5c8aca,18:18 2025-10-10
BNBUSDT,Trade,0.64,1227.3,1166.3,5.5E-4,0.4320096,USDT,0.4320096,Short,Market, b4a1feff, 735c68ed,18:17 2025-10-10
BNBUSDT,Trade,0.02,1227.3,1166.3,5.5E-4,0.0135003,USDT,0.0135003,Short,Market, c504ceea, 735c68ed,18:17 2025-10-10
BNBUSDT,Trade,0.2,1227.3,1166.3,5.5E-4,0.135003,USDT,0.135003,Short,Market, 2f22df93, 735c68ed,18:17 2025-10-10
BNBUSDT,Trade,0.04,1227.3,1166.3,5.5E-4,0.0270006,USDT,0.0270006,Short,Market, 1c1305ba, 735c68ed,18:17 2025-10-10
BNBUSDT,Trade,0.01,1227.3,1166.3,5.5E-4,0.00675015,USDT,0.00675015,Short,Market, 6a68e8c2, 735c68ed,18:17 2025-10-10
ETHFIUSDT,Trade,112.2,1.4864,1.6335,5.5E-4,0.09172575,USDT,0.09172575,Long,Market, 1ba16ed8, f7ade52a,18:17 2025-10-10
ETHFIUSDT,Trade,5.1,1.4864,1.6335,5.5E-4,0.00416936,USDT,0.00416936,Long,Market, faab0c71, f7ade52a,18:17 2025-10-10
ETHFIUSDT,Trade,3.8,1.4864,1.6335,5.5E-4,0.00310658,USDT,0.00310658,Long,Market, 917afdf4, f7ade52a,18:17 2025-10-10
ETHFIUSDT,Trade,336.4,1.4863,1.6335,5.5E-4,0.27499523,USDT,0.27499523,Long,Market, 8d86347d, f7ade52a,18:17 2025-10-10
ETHFIUSDT,Trade,56.7,1.4863,1.6335,5.5E-4,0.04635027,USDT,0.04635027,Long,Market, 40db0eda, f7ade52a,18:17 2025-10-10
ETHFIUSDT,Trade,15.3,1.4863,1.6335,5.5E-4,0.01250722,USDT,0.01250722,Long,Market, 37b725e2, f7ade52a,18:17 2025-10-10
ETHFIUSDT,Trade,5.1,1.4863,1.6335,5.5E-4,0.00416908,USDT,0.00416908,Long,Market, 215d50e0, f7ade52a,18:17 2025-10-10
ETHFIUSDT,Trade,52.0,1.4862,1.6335,5.5E-4,0.04250532,USDT,0.04250532,Long,Market, e888b459, f7ade52a,18:17 2025-10-10
ETHFIUSDT,Trade,33.5,1.4862,1.6335,5.5E-4,0.02738324,USDT,0.02738324,Long,Market, fb821d5e, f7ade52a,18:17 2025-10-10
ETHFIUSDT,Trade,15.4,1.4862,1.6335,5.5E-4,0.01258812,USDT,0.01258812,Long,Market, 5e3f2a7e, f7ade52a,18:17 2025-10-10
ETHFIUSDT,Trade,83.6,1.4862,1.6335,5.5E-4,0.06833548,USDT,0.06833548,Long,Market, 20b0513e, f7ade52a,18:17 2025-10-10
ETHFIUSDT,Trade,3.8,1.4862,1.6335,5.5E-4,0.00310616,USDT,0.00310616,Long,Market, 9f9b1b3d, f7ade52a,18:17 2025-10-10
ETHFIUSDT,Trade,7.7,1.485,1.3776,5.5E-4,0.00628898,USDT,0.00628898,Short,Market, 64c24d63, 2baad8ec,18:17 2025-10-10
ETHFIUSDT,Trade,260.0,1.485,1.3776,5.5E-4,0.212355,USDT,0.212355,Short,Market, 918299e8, 2baad8ec,18:17 2025-10-10
ETHFIUSDT,Trade,117.1,1.485,1.3776,5.5E-4,0.09564143,USDT,0.09564143,Short,Market, 08f90b3b, 2baad8ec,18:17 2025-10-10
ETHFIUSDT,Trade,169.8,1.485,1.3776,5.5E-4,0.13868415,USDT,0.13868415,Short,Market, 7d7bad44, 2baad8ec,18:17 2025-10-10
ETHFIUSDT,Trade,5.1,1.485,1.3776,5.5E-4,0.00416543,USDT,0.00416543,Short,Market, 471a9a27, 2baad8ec,18:17 2025-10-10
ETHFIUSDT,Trade,3.8,1.485,1.3776,5.5E-4,0.00310365,USDT,0.00310365,Short,Market, d4ddeeff, 2baad8ec,18:17 2025-10-10
ETHFIUSDT,Trade,0.5,1.485,1.3776,5.5E-4,4.0838E-4,USDT,0.00040838,Short,Market, 3900a6cf, 2baad8ec,18:17 2025-10-10
ETHFIUSDT,Trade,52.0,1.4851,1.3776,5.5E-4,0.04247386,USDT,0.04247386,Short,Market, 926652fe, 2baad8ec,18:17 2025-10-10
ETHFIUSDT,Trade,94.6,1.4851,1.3776,5.5E-4,0.07726976,USDT,0.07726976,Short,Market, 59da62bb, 2baad8ec,18:17 2025-10-10
ETHFIUSDT,Trade,5.1,1.4851,1.3776,5.5E-4,0.00416571,USDT,0.00416571,Short,Market, 98f7248f, 2baad8ec,18:17 2025-10-10
ETHFIUSDT,Trade,3.8,1.4852,1.3776,5.5E-4,0.00310407,USDT,0.00310407,Short,Market, ce9507c5, 2baad8ec,18:17 2025-10-10
ETHFIUSDT,Trade,3.4,1.4853,1.3776,5.5E-4,0.00277752,USDT,0.00277752,Short,Market, 1c9c243f, 2baad8ec,18:17 2025-10-10
BNBUSDT,Trade,0.86,1228.4,1289.7,5.5E-4,0.5810332,USDT,0.5810332,Long,Market, f53645c5, cc819c59,18:11 2025-10-10
BNBUSDT,Trade,0.01,1228.4,1289.7,5.5E-4,0.0067562,USDT,0.0067562,Long,Market, 96d34bfa, cc819c59,18:11 2025-10-10
BNBUSDT,Trade,0.04,1228.3,1289.7,5.5E-4,0.0270226,USDT,0.0270226,Long,Market, 9804e514, cc819c59,18:11 2025-10-10
ETHFIUSDT,Trade,122.4,1.4916,1.6406,5.5E-4,0.10041452,USDT,0.10041452,Long,Market, 45a6b968, d5fa965d,17:28 2025-10-10
ETHFIUSDT,Trade,5.1,1.4916,1.6406,5.5E-4,0.00418394,USDT,0.00418394,Long,Market, 7018bf76, d5fa965d,17:28 2025-10-10
ETHFIUSDT,Trade,3.7,1.4916,1.6406,5.5E-4,0.00303541,USDT,0.00303541,Long,Market, 1d3dade3, d5fa965d,17:28 2025-10-10
ETHFIUSDT,Trade,280.2,1.4916,1.6406,5.5E-4,0.22987048,USDT,0.22987048,Long,Market, 908a9612, d5fa965d,17:28 2025-10-10
ETHFIUSDT,Trade,163.7,1.4915,1.6406,5.5E-4,0.13428721,USDT,0.13428721,Long,Market, a7c1e345, d5fa965d,17:28 2025-10-10
ETHFIUSDT,Trade,5.1,1.4915,1.6406,5.5E-4,0.00418366,USDT,0.00418366,Long,Market, ff1c76fd, d5fa965d,17:28 2025-10-10
ETHFIUSDT,Trade,131.9,1.4915,1.6406,5.5E-4,0.10820087,USDT,0.10820087,Long,Market, ca791716, d5fa965d,17:28 2025-10-10
ETHFIUSDT,Trade,131.9,1.4914,1.6406,5.5E-4,0.10819362,USDT,0.10819362,Long,Market, 013e7374, d5fa965d,17:28 2025-10-10
ETHFIUSDT,Funding,844.0,1.5261,0,-5.0E-5,-0.06440142,USDT,-0.06440142,Short,--, 88f22cde, 9d900c02,16:00 2025-10-10
ETHFIUSDT,Trade,85.1,1.5665,1.453,5.5E-4,0.07332004,USDT,0.07332004,Short,Market, 89cc01fe, bd9812b6,14:52 2025-10-10
ETHFIUSDT,Trade,172.6,1.5665,1.453,5.5E-4,0.14870785,USDT,0.14870785,Short,Market, e6fb52cb, bd9812b6,14:52 2025-10-10
ETHFIUSDT,Trade,138.4,1.5665,1.453,5.5E-4,0.11924198,USDT,0.11924198,Short,Market, 8439f0b6, bd9812b6,14:52 2025-10-10
ETHFIUSDT,Trade,220.3,1.5665,1.453,5.5E-4,0.18980498,USDT,0.18980498,Short,Market, 3fe0bdb3, bd9812b6,14:52 2025-10-10
ETHFIUSDT,Trade,163.1,1.5666,1.453,5.5E-4,0.14053186,USDT,0.14053186,Short,Market, 323ef072, bd9812b6,14:52 2025-10-10
ETHFIUSDT,Trade,33.4,1.5666,1.453,5.5E-4,0.02877845,USDT,0.02877845,Short,Market, 87472afe, bd9812b6,14:52 2025-10-10
ETHFIUSDT,Trade,31.1,1.5666,1.453,5.5E-4,0.0267967,USDT,0.0267967,Short,Market, 8bb3f585, bd9812b6,14:52 2025-10-10
SOLUSDT,Trade,4.2,223.06,211.93,5.5E-4,0.5152686,USDT,0.5152686,Short,Market, 8ccc07b5, 87eeb962,14:51 2025-10-10
SOLUSDT,Funding,4.2,217.94,0,3.914E-5,0.03582673,USDT,0.03582673,Long,--, 5c7c2182, 4aa98c2f,08:00 2025-10-10
SOLUSDT,Funding,4.2,220.847,0,8.556E-5,0.07936182,USDT,0.07936182,Long,--, ed38d151, d37f1627,00:00 2025-10-10
SOLUSDT,Funding,4.2,218.978,0,7.18E-6,0.00660351,USDT,0.00660351,Long,--, c8771ddb, c97656db,16:00 2025-10-09
ETHFIUSDT,Trade,25.7,1.6047,1.4571,5.5E-4,0.02268244,USDT,0.02268244,Short,Market, cd3cddea, 07a6855a,14:34 2025-10-09
ETHFIUSDT,Trade,270.4,1.6047,1.4571,5.5E-4,0.23865099,USDT,0.23865099,Short,Market, 0dd7ee99, 07a6855a,14:34 2025-10-09
ETHFIUSDT,Trade,236.2,1.6047,1.4571,5.5E-4,0.20846658,USDT,0.20846658,Short,Market, b0ded29d, 07a6855a,14:34 2025-10-09
ETHFIUSDT,Trade,4.7,1.6047,1.4571,5.5E-4,0.00414815,USDT,0.00414815,Short,Market, 43884a08, 07a6855a,14:34 2025-10-09
ETHFIUSDT,Trade,3.5,1.6048,1.4571,5.5E-4,0.00308924,USDT,0.00308924,Short,Market, adb5c105, 07a6855a,14:34 2025-10-09
ETHFIUSDT,Trade,1.0,1.6048,1.4571,5.5E-4,8.8264E-4,USDT,0.00088264,Short,Market, 335620cb, 07a6855a,14:34 2025-10-09
ETHFIUSDT,Trade,90.1,1.619,1.619,2.0E-4,0.02917438,USDT,0.02917438,Long,Limit, f87c55a5, 05f16419,13:55 2025-10-09
ETHFIUSDT,Trade,451.4,1.619,1.619,2.0E-4,0.14616332,USDT,0.14616332,Long,Limit, 31a88d04, 05f16419,13:55 2025-10-09
SOLUSDT,Trade,4.2,223.68,234.86,5.5E-4,0.5167008,USDT,0.5167008,Long,Market, e6f1330c, b82f9e04,12:05 2025-10-09
ETHFIUSDT,Trade,69.5,1.7122,1.564,5.5E-4,0.06544885,USDT,0.06544885,Short,Market, b49c2494, ca2885e7,12:07 2025-10-08
ETHFIUSDT,Trade,33.8,1.7123,1.564,5.5E-4,0.03183166,USDT,0.03183166,Short,Market, 2a8cb57b, ca2885e7,12:07 2025-10-08
ETHFIUSDT,Trade,170.2,1.7123,1.564,5.5E-4,0.16028841,USDT,0.16028841,Short,Market, b843b5b6, ca2885e7,12:07 2025-10-08
ETHFIUSDT,Trade,134.3,1.7123,1.564,5.5E-4,0.12647904,USDT,0.12647904,Short,Market, 555b8e84, ca2885e7,12:07 2025-10-08
ETHFIUSDT,Trade,5.9,1.7123,1.564,5.5E-4,0.00555642,USDT,0.00555642,Short,Market, 1d5a669a, ca2885e7,12:07 2025-10-08
ETHFIUSDT,Trade,12.7,1.7123,1.564,5.5E-4,0.01196042,USDT,0.01196042,Short,Market, f9bbdf83, ca2885e7,12:07 2025-10-08
ETHFIUSDT,Trade,128.1,1.7124,1.564,5.5E-4,0.12064715,USDT,0.12064715,Short,Market, b77aa145, ca2885e7,12:07 2025-10-08
ETHFIUSDT,Trade,52.0,1.7124,1.564,5.5E-4,0.04897464,USDT,0.04897464,Short,Market, 24f34d61, ca2885e7,12:07 2025-10-08
ETHFIUSDT,Trade,58.1,1.7124,1.564,5.5E-4,0.05471975,USDT,0.05471975,Short,Market, 7e9f5427, ca2885e7,12:07 2025-10-08
ETHFIUSDT,Trade,170.2,1.7124,1.564,5.5E-4,0.16029777,USDT,0.16029777,Short,Market, fc3fb0e3, ca2885e7,12:07 2025-10-08
ETHFIUSDT,Trade,4.4,1.7124,1.564,5.5E-4,0.00414401,USDT,0.00414401,Short,Market, 70d48b33, ca2885e7,12:07 2025-10-08
ETHFIUSDT,Trade,3.3,1.7124,1.564,5.5E-4,0.00310801,USDT,0.00310801,Short,Market, 50085a6d, ca2885e7,12:07 2025-10-08
ETHFIUSDT,Trade,5.9,1.7124,1.564,5.5E-4,0.00555674,USDT,0.00555674,Short,Market, f87bd36a, ca2885e7,12:07 2025-10-08
ETHFIUSDT,Trade,128.1,1.7125,1.564,5.5E-4,0.12065419,USDT,0.12065419,Short,Market, c2491caf, ca2885e7,12:07 2025-10-08
ETHFIUSDT,Trade,33.8,1.7125,1.564,5.5E-4,0.03183538,USDT,0.03183538,Short,Market, db036816, ca2885e7,12:07 2025-10-08
ETHFIUSDT,Trade,170.2,1.7125,1.564,5.5E-4,0.16030713,USDT,0.16030713,Short,Market, 4521400c, ca2885e7,12:07 2025-10-08
ETHFIUSDT,Trade,5.9,1.7125,1.564,5.5E-4,0.00555707,USDT,0.00555707,Short,Market, 003be78f, ca2885e7,12:07 2025-10-08
ETHFIUSDT,Trade,4.4,1.7125,1.564,5.5E-4,0.00414425,USDT,0.00414425,Short,Market, 236d2866, ca2885e7,12:07 2025-10-08
ETHFIUSDT,Trade,52.0,1.7126,1.564,5.5E-4,0.04898036,USDT,0.04898036,Short,Market, 9cef7e99, ca2885e7,12:07 2025-10-08
ETHFIUSDT,Trade,3.3,1.7126,1.564,5.5E-4,0.00310837,USDT,0.00310837,Short,Market, 474c8978, ca2885e7,12:07 2025-10-08
ETHFIUSDT,Trade,5.9,1.7126,1.564,5.5E-4,0.00555739,USDT,0.00555739,Short,Market, 0779048a, ca2885e7,12:07 2025-10-08
ETHFIUSDT,Trade,5.9,1.7127,1.564,5.5E-4,0.00555772,USDT,0.00555772,Short,Market, d839fa2a, ca2885e7,12:07 2025-10-08
ETHFIUSDT,Trade,40.5,1.7128,1.564,5.5E-4,0.03815262,USDT,0.03815262,Short,Market, 63da9c5f, ca2885e7,12:07 2025-10-08
ETHFIUSDT,Trade,3.3,1.7128,1.564,5.5E-4,0.00310874,USDT,0.00310874,Short,Market, 9e480917, ca2885e7,12:07 2025-10-08
ETHFIUSDT,Trade,5.9,1.7128,1.564,5.5E-4,0.00555804,USDT,0.00555804,Short,Market, f900a0a7, ca2885e7,12:07 2025-10-08
ETHFIUSDT,Trade,58.1,1.7129,1.564,5.5E-4,0.05473572,USDT,0.05473572,Short,Market, f41ffc5f, ca2885e7,12:07 2025-10-08
ETHFIUSDT,Funding,1365.7,1.7195,0,5.0E-5,0.11741606,USDT,0.11741606,Long,--, e1e59c4b, d3210f39,12:00 2025-10-08
ETHFIUSDT,Trade,530.0,1.7193,1.8719,5.5E-4,0.50117595,USDT,0.50117595,Long,Market, 47d5e031, 7682b863,11:59 2025-10-08
ETHFIUSDT,Trade,197.8,1.7494,1.9049,5.5E-4,0.19031723,USDT,0.19031723,Long,Market, 3bae3a76, 500e83a2,10:20 2025-10-08
ETHFIUSDT,Trade,114.1,1.7494,1.9049,5.5E-4,0.1097836,USDT,0.1097836,Long,Market, 56210222, 500e83a2,10:20 2025-10-08
ETHFIUSDT,Trade,114.3,1.7494,1.9049,5.5E-4,0.10997604,USDT,0.10997604,Long,Market, f510a9f3, 500e83a2,10:20 2025-10-08
ETHFIUSDT,Trade,113.3,1.7494,1.9049,5.5E-4,0.10901387,USDT,0.10901387,Long,Market, 4ed2a2dc, 500e83a2,10:20 2025-10-08
ETHFIUSDT,Trade,5.8,1.7494,1.9049,5.5E-4,0.00558059,USDT,0.00558059,Long,Market, b4fd7bdd, 500e83a2,10:20 2025-10-08
ETHFIUSDT,Trade,104.5,1.7494,1.9049,5.5E-4,0.10054677,USDT,0.10054677,Long,Market, 4c2876eb, 500e83a2,10:20 2025-10-08
ETHFIUSDT,Trade,6.0,1.7494,1.9049,5.5E-4,0.00577302,USDT,0.00577302,Long,Market, 8c093fff, 500e83a2,10:20 2025-10-08
ETHFIUSDT,Trade,136.7,1.7493,1.9049,5.5E-4,0.13152113,USDT,0.13152113,Long,Market, 378ff105, 500e83a2,10:20 2025-10-08
ETHFIUSDT,Trade,5.8,1.7493,1.9049,5.5E-4,0.00558027,USDT,0.00558027,Long,Market, 5020944d, 500e83a2,10:20 2025-10-08
ETHFIUSDT,Trade,24.4,1.7493,1.9049,5.5E-4,0.02347561,USDT,0.02347561,Long,Market, 66319141, 500e83a2,10:20 2025-10-08
ETHFIUSDT,Trade,1.3,1.7492,1.9049,5.5E-4,0.00125068,USDT,0.00125068,Long,Market, 982be2fe, 500e83a2,10:20 2025-10-08
ETHFIUSDT,Trade,11.7,1.7492,1.9049,5.5E-4,0.01125611,USDT,0.01125611,Long,Market, bec3833a, 500e83a2,10:20 2025-10-08
ETHUSDT,Trade,0.16,4480.96,4570.87,5.5E-4,0.39432448,USDT,0.39432448,Long,Market, ae5dcb00, 6c67d208,10:17 2025-10-08
ETHUSDT,Trade,0.16,4489.87,4400.46,5.5E-4,0.39510856,USDT,0.39510856,Short,Market, 9c243126, d7be227f,10:10 2025-10-08
ETHUSDT,Trade,0.24,4486.57,4396.84,5.5E-4,0.59222724,USDT,0.59222724,Short,Market, 3bcadd72, b301ce04,10:07 2025-10-08
ETHUSDT,Trade,0.24,4483.1,4572.74,5.5E-4,0.5917692,USDT,0.5917692,Long,Limit, add85fa0, 8c2dde8b,09:59 2025-10-08
ETHUSDT,Trade,0.23,4448.83,4360.02,5.5E-4,0.562777,USDT,0.562777,Short,Market, 45e2fb77, 9cab3699,07:18 2025-10-08
ETHUSDT,Funding,0.23,4445.4,0,1.0E-4,0.1022442,USDT,0.1022442,Long,--, 7e2ea941, 0c548f4c,00:00 2025-10-08
ETHUSDT,Trade,0.23,4509.15,4599.33,5.5E-4,0.57040748,USDT,0.57040748,Long,Market, d2bc7506, 74a351cd,20:59 2025-10-07
ETHUSDT,Trade,0.19,4501.32,4411.53,5.5E-4,0.47038794,USDT,0.47038794,Short,Market, dd41015d, 7a61dd1f,20:23 2025-10-07
ETHUSDT,Trade,0.04,4501.32,4411.53,5.5E-4,0.09902904,USDT,0.09902904,Short,Market, 301d9691, 7a61dd1f,20:23 2025-10-07
ETHUSDT,Trade,0.01,4474.57,4564.56,5.5E-4,0.02461014,USDT,0.02461014,Long,Market, 0945305d, f918ea1c,19:34 2025-10-07
ETHUSDT,Trade,0.22,4474.57,4564.56,5.5E-4,0.54142297,USDT,0.54142297,Long,Market, 4ae5a9e7, f918ea1c,19:34 2025-10-07
ETHFIUSDT,Trade,208.1,1.8423,1.659,5.5E-4,0.21086045,USDT,0.21086045,Short,Market, ade2fad1, 9df54fea,20:19 2025-10-06
ETHFIUSDT,Trade,4.1,1.8423,1.659,5.5E-4,0.00415439,USDT,0.00415439,Short,Market, 6aa17e4c, 9df54fea,20:19 2025-10-06
ETHFIUSDT,Trade,5.5,1.8423,1.659,5.5E-4,0.00557296,USDT,0.00557296,Short,Market, d43dcd78, 9df54fea,20:19 2025-10-06
ETHFIUSDT,Trade,148.7,1.8423,1.659,5.5E-4,0.15067251,USDT,0.15067251,Short,Market, 7000e2a5, 9df54fea,20:19 2025-10-06
ETHFIUSDT,Trade,168.4,1.8424,1.659,5.5E-4,0.17064309,USDT,0.17064309,Short,Market, e8f66b55, 9df54fea,20:19 2025-10-06
ETHFIUSDT,Trade,70.2,1.8424,1.659,5.5E-4,0.07113507,USDT,0.07113507,Short,Market, c481bc12, 9df54fea,20:19 2025-10-06
ETHFIUSDT,Trade,5.5,1.8424,1.659,5.5E-4,0.00557326,USDT,0.00557326,Short,Market, 4dfeda56, 9df54fea,20:19 2025-10-06
ETHFIUSDT,Trade,148.7,1.8424,1.659,5.5E-4,0.15068069,USDT,0.15068069,Short,Market, 50387f2d, 9df54fea,20:19 2025-10-06
ETHFIUSDT,Trade,70.2,1.8425,1.659,5.5E-4,0.07113893,USDT,0.07113893,Short,Market, 79c7ee14, 9df54fea,20:19 2025-10-06
ETHFIUSDT,Trade,4.1,1.8425,1.659,5.5E-4,0.00415484,USDT,0.00415484,Short,Market, 8ff79091, 9df54fea,20:19 2025-10-06
ETHFIUSDT,Trade,5.5,1.8425,1.659,5.5E-4,0.00557357,USDT,0.00557357,Short,Market, a4f20fe1, 9df54fea,20:19 2025-10-06
ETHFIUSDT,Trade,148.7,1.8425,1.659,5.5E-4,0.15068887,USDT,0.15068887,Short,Market, 73119f65, 9df54fea,20:19 2025-10-06
ETHFIUSDT,Trade,70.2,1.8426,1.659,5.5E-4,0.07114279,USDT,0.07114279,Short,Market, 8d004f69, 9df54fea,20:19 2025-10-06
ETHFIUSDT,Trade,5.5,1.8426,1.659,5.5E-4,0.00557387,USDT,0.00557387,Short,Market, 1cf78125, 9df54fea,20:19 2025-10-06
ETHFIUSDT,Trade,3.0,1.8426,1.659,5.5E-4,0.00304029,USDT,0.00304029,Short,Market, ce457766, 9df54fea,20:19 2025-10-06
ETHFIUSDT,Trade,5.5,1.8427,1.659,5.5E-4,0.00557417,USDT,0.00557417,Short,Market, 8c6a9210, 9df54fea,20:19 2025-10-06
ETHFIUSDT,Trade,26.9,1.8428,1.659,5.5E-4,0.02726423,USDT,0.02726423,Short,Market, c5dcdc05, 9df54fea,20:19 2025-10-06
ETHFIUSDT,Funding,1098.8,1.8629,0,5.0E-5,0.10234773,USDT,0.10234773,Long,--, 88e57426, f673f4d9,20:00 2025-10-06
ETHFIUSDT,Funding,1098.8,1.8542,0,5.0E-5,0.10186975,USDT,0.10186975,Long,--, ce9c151d, bc20a83f,16:00 2025-10-06
ETHFIUSDT,Trade,131.0,1.8467,2.0102,5.5E-4,0.13305474,USDT,0.13305474,Long,Market, 0e34c859, f461f0c1,15:05 2025-10-06
ETHFIUSDT,Trade,207.3,1.8466,2.0102,5.5E-4,0.2105401,USDT,0.2105401,Long,Market, 7ca86396, f461f0c1,15:05 2025-10-06
ETHFIUSDT,Trade,5.5,1.8466,2.0102,5.5E-4,0.00558597,USDT,0.00558597,Long,Market, abb0f7d9, f461f0c1,15:05 2025-10-06
ETHFIUSDT,Trade,147.5,1.8466,2.0102,5.5E-4,0.14980543,USDT,0.14980543,Long,Market, 89134e74, f461f0c1,15:05 2025-10-06
ETHFIUSDT,Trade,26.6,1.8465,2.0102,5.5E-4,0.0270143,USDT,0.0270143,Long,Market, 03a83d10, f461f0c1,15:05 2025-10-06
ETHFIUSDT,Trade,25.5,1.8465,2.0102,5.5E-4,0.02589717,USDT,0.02589717,Long,Market, 2151f396, f461f0c1,15:05 2025-10-06
ETHFIUSDT,Funding,555.4,1.8329,0,5.0E-5,0.05089964,USDT,0.05089964,Long,--, d8dad480, fd3560a6,12:00 2025-10-06
ETHFIUSDT,Funding,555.4,1.8044,0,5.0E-5,0.05010819,USDT,0.05010819,Long,--, 16a50555, 85d44e90,08:00 2025-10-06
ETHFIUSDT,Funding,555.4,1.8164,0,5.0E-5,0.05044143,USDT,0.05044143,Long,--, 0e00b629, fa32aaa9,04:00 2025-10-06
ETHFIUSDT,Funding,555.4,1.8096,0,5.0E-5,0.0502526,USDT,0.0502526,Long,--, a7dd6c90, ea9669bf,00:00 2025-10-06
ETHFIUSDT,Trade,25.4,1.8064,1.9664,5.5E-4,0.02523541,USDT,0.02523541,Long,Market, d9d35f14, 0557bc94,21:00 2025-10-05
ETHFIUSDT,Trade,106.3,1.8064,1.9664,5.5E-4,0.10561118,USDT,0.10561118,Long,Market, 9d98c176, 0557bc94,21:00 2025-10-05
ETHFIUSDT,Trade,212.4,1.8064,1.9664,5.5E-4,0.21102365,USDT,0.21102365,Long,Market, 38a58843, 0557bc94,21:00 2025-10-05
ETHFIUSDT,Trade,141.5,1.8064,1.9664,5.5E-4,0.14058308,USDT,0.14058308,Long,Market, 9f32da0f, 0557bc94,21:00 2025-10-05
ETHFIUSDT,Trade,3.1,1.8064,1.9664,5.5E-4,0.00307992,USDT,0.00307992,Long,Market, f44b1c84, 0557bc94,21:00 2025-10-05
ETHFIUSDT,Trade,5.6,1.8064,1.9664,5.5E-4,0.00556372,USDT,0.00556372,Long,Market, 07e4b9ae, 0557bc94,21:00 2025-10-05
ETHFIUSDT,Trade,5.6,1.8063,1.9664,5.5E-4,0.00556341,USDT,0.00556341,Long,Market, abb389f6, 0557bc94,21:00 2025-10-05
ETHFIUSDT,Trade,33.3,1.8062,1.9664,5.5E-4,0.03308056,USDT,0.03308056,Long,Market, 46a3c334, 0557bc94,21:00 2025-10-05
ETHFIUSDT,Trade,19.1,1.8062,1.9664,5.5E-4,0.01897414,USDT,0.01897414,Long,Market, 2f070be8, 0557bc94,21:00 2025-10-05
ETHFIUSDT,Trade,3.1,1.8062,1.9664,5.5E-4,0.00307958,USDT,0.00307958,Long,Market, 4cf623be, 0557bc94,21:00 2025-10-05
NEARUSDT,Trade,6.4,2.99,2.841,5.5E-4,0.0105248,USDT,0.0105248,Short,Market, e0481fc5, 050d8bea,17:36 2025-10-05
NEARUSDT,Trade,0.3,2.99,2.841,5.5E-4,4.9335E-4,USDT,0.00049335,Short,Market, a137fc64, 050d8bea,17:36 2025-10-05
NEARUSDT,Trade,3.5,2.99,2.841,5.5E-4,0.00575575,USDT,0.00575575,Short,Market, 8be59ecd, 050d8bea,17:36 2025-10-05
NEARUSDT,Trade,25.0,2.99,2.841,5.5E-4,0.0411125,USDT,0.0411125,Short,Market, 0977e7ac, 050d8bea,17:36 2025-10-05
ETHFIUSDT,Trade,23.3,1.8266,1.6442,5.5E-4,0.02340788,USDT,0.02340788,Short,Market, 05f69ba2, 38bbf9c0,17:36 2025-10-05
ETHFIUSDT,Trade,16.4,1.8267,1.6442,5.5E-4,0.01647684,USDT,0.01647684,Short,Market, 72bd2b34, 38bbf9c0,17:36 2025-10-05
ETHFIUSDT,Trade,5.5,1.8267,1.6442,5.5E-4,0.00552577,USDT,0.00552577,Short,Market, 37a31a29, 38bbf9c0,17:36 2025-10-05
ETHFIUSDT,Trade,139.5,1.8267,1.6442,5.5E-4,0.14015356,USDT,0.14015356,Short,Market, ccd89a04, 38bbf9c0,17:36 2025-10-05
ETHFIUSDT,Trade,61.1,1.8267,1.6442,5.5E-4,0.06138626,USDT,0.06138626,Short,Market, 0b3c83d4, 38bbf9c0,17:36 2025-10-05
ETHFIUSDT,Trade,61.1,1.8268,1.6442,5.5E-4,0.06138962,USDT,0.06138962,Short,Market, 618b5b1e, 38bbf9c0,17:36 2025-10-05
ETHFIUSDT,Trade,23.4,1.8268,1.6442,5.5E-4,0.02351092,USDT,0.02351092,Short,Market, 2118bf72, 38bbf9c0,17:36 2025-10-05
ETHFIUSDT,Trade,40.0,1.8268,1.6442,5.5E-4,0.0401896,USDT,0.0401896,Short,Market, a3684fdc, 38bbf9c0,17:36 2025-10-05
ETHFIUSDT,Funding,370.3,1.8431,0,5.0E-5,0.034125,USDT,0.034125,Long,--, 7103e684, 02f30339,16:00 2025-10-05
NEARUSDT,Funding,35.2,3.03,0,1.0E-4,0.0106656,USDT,0.0106656,Long,--, 5265e260, b733b183,16:00 2025-10-05
ETHFIUSDT,Funding,370.3,1.8467,0,5.0E-5,0.03419166,USDT,0.03419166,Long,--, 66aae458, 6ccfdf3e,12:00 2025-10-05
ETHFIUSDT,Funding,370.3,1.8824,0,5.0E-5,0.03485264,USDT,0.03485264,Long,--, 94957f0b, 642e6fae,08:00 2025-10-05
NEARUSDT,Funding,35.2,3.16,0,1.0E-4,0.0111232,USDT,0.0111232,Long,--, 06874ff6, 6273a44e,08:00 2025-10-05
ETHFIUSDT,Funding,370.3,1.8777,0,5.0E-5,0.03476562,USDT,0.03476562,Long,--, 453d8bdc, 24cf8b2e,04:00 2025-10-05
ETHFIUSDT,Funding,370.3,1.8245,0,-4.708E-5,-0.03180783,USDT,-0.03180783,Long,--, 7655d75d, 7c596716,00:00 2025-10-05
NEARUSDT,Funding,35.2,2.961,0,1.0E-4,0.01042272,USDT,0.01042272,Long,--, 411ac923, d65f0718,00:00 2025-10-05
ETHFIUSDT,Funding,370.3,1.8449,0,5.0E-5,0.03415833,USDT,0.03415833,Long,--, 414daca8, 60fa050c,20:00 2025-10-04
ETHFIUSDT,Funding,370.3,1.8127,0,5.0E-5,0.03356215,USDT,0.03356215,Long,--, 4efce898, 8d3a46c2,16:00 2025-10-04
NEARUSDT,Funding,35.2,2.888,0,1.0E-4,0.01016576,USDT,0.01016576,Long,--, 212de02e, d1b6c4b1,16:00 2025-10-04
ETHFIUSDT,Funding,370.3,1.751,0,5.0E-5,0.03241977,USDT,0.03241977,Long,--, d2141907, 79a04a6f,12:00 2025-10-04
ETHFIUSDT,Funding,370.3,1.7383,0,5.0E-5,0.03218463,USDT,0.03218463,Long,--, f5a58ddd, a6f3d526,08:00 2025-10-04
NEARUSDT,Funding,35.2,2.978,0,4.385E-5,0.00459661,USDT,0.00459661,Long,--, 6141327b, 5a0a46a7,08:00 2025-10-04
ETHFIUSDT,Funding,370.3,1.7551,0,5.0E-5,0.03249568,USDT,0.03249568,Long,--, 39e14d35, f2d19431,04:00 2025-10-04
ETHFIUSDT,Funding,370.3,1.8058,0,5.0E-5,0.03343439,USDT,0.03343439,Long,--, 1a38c645, e02da097,00:00 2025-10-04
NEARUSDT,Funding,35.2,3.03,0,7.277E-5,0.00776136,USDT,0.00776136,Long,--, 31b27553, 980e019a,00:00 2025-10-04
ETHFIUSDT,Funding,370.3,1.7694,0,5.0E-5,0.03276045,USDT,0.03276045,Long,--, 13ef1a07, b3609463,20:00 2025-10-03
ETHFIUSDT,Funding,370.3,1.8085,0,5.0E-5,0.03348438,USDT,0.03348438,Long,--, 65f50d81, 5e5d2007,16:00 2025-10-03
NEARUSDT,Funding,35.2,3.017,0,1.0E-4,0.01061984,USDT,0.01061984,Long,--, cb68f04a, 93943c7a,16:00 2025-10-03
ETHFIUSDT,Funding,370.3,1.7625,0,5.0E-5,0.03263269,USDT,0.03263269,Long,--, bf5b1240, dbc9b105,12:00 2025-10-03
ETHFIUSDT,Funding,370.3,1.7368,0,5.0E-5,0.03215686,USDT,0.03215686,Long,--, b1bc2adf, 7fedb22a,08:00 2025-10-03
NEARUSDT,Funding,35.2,2.914,0,1.0E-4,0.01025728,USDT,0.01025728,Long,--, 57ae2e30, 0808384d,08:00 2025-10-03
ETHFIUSDT,Funding,370.3,1.724,0,5.0E-5,0.03191986,USDT,0.03191986,Long,--, 0a6e1e18, a5ee9173,04:00 2025-10-03
ETHFIUSDT,Funding,370.3,1.7522,0,5.0E-5,0.03244199,USDT,0.03244199,Long,--, bde309fb, ee8de0f3,00:00 2025-10-03
NEARUSDT,Funding,35.2,2.967,0,1.0E-4,0.01044384,USDT,0.01044384,Long,--, 3dc6fcbb, 317e9fcb,00:00 2025-10-03
ETHFIUSDT,Trade,164.7,1.7982,1.6366,5.5E-4,0.16288995,USDT,0.16288995,Short,Market, 5f695a85, 1ff45579,22:26 2025-10-02
ETHFIUSDT,Trade,4.2,1.7982,1.6366,5.5E-4,0.00415385,USDT,0.00415385,Short,Market, 18d755cd, 1ff45579,22:26 2025-10-02
ETHFIUSDT,Trade,40.1,1.7983,1.6366,5.5E-4,0.03966151,USDT,0.03966151,Short,Market, 4514bb80, 1ff45579,22:26 2025-10-02
ETHFIUSDT,Trade,22.3,1.7983,1.6366,5.5E-4,0.02205615,USDT,0.02205615,Short,Market, 4e47a6e4, 1ff45579,22:26 2025-10-02
ETHFIUSDT,Trade,4.2,1.7984,1.6366,5.5E-4,0.00415431,USDT,0.00415431,Short,Market, d65f38e5, 1ff45579,22:26 2025-10-02
ETHFIUSDT,Trade,0.1,1.7984,1.6366,5.5E-4,9.892E-5,USDT,0.00009892,Short,Market, e5ef60de, 1ff45579,22:26 2025-10-02
ETHFIUSDT,Trade,3.1,1.7984,1.6366,5.5E-4,0.00306628,USDT,0.00306628,Short,Market, 19f6b267, 1ff45579,22:26 2025-10-02
ETHFIUSDT,Trade,4.2,1.7986,1.6366,5.5E-4,0.00415477,USDT,0.00415477,Short,Market, 39ff17e6, 1ff45579,22:26 2025-10-02
ETHFIUSDT,Trade,55.3,1.7987,1.6366,5.5E-4,0.05470747,USDT,0.05470747,Short,Market, 5d4e2acb, 1ff45579,22:26 2025-10-02
ETHFIUSDT,Trade,55.4,1.7988,1.6366,5.5E-4,0.05480944,USDT,0.05480944,Short,Market, 16f30b06, 1ff45579,22:26 2025-10-02
ETHFIUSDT,Trade,4.2,1.7988,1.6366,5.5E-4,0.00415523,USDT,0.00415523,Short,Market, 905ffe85, 1ff45579,22:26 2025-10-02
ETHFIUSDT,Trade,4.2,1.7988,1.6366,5.5E-4,0.00415523,USDT,0.00415523,Short,Market, 7253893f, 1ff45579,22:26 2025-10-02
ETHFIUSDT,Trade,1.0,1.7988,1.6366,5.5E-4,9.8934E-4,USDT,0.00098934,Short,Market, 1d62aad9, 1ff45579,22:26 2025-10-02
ETHFIUSDT,Trade,3.1,1.7988,1.6366,5.5E-4,0.00306696,USDT,0.00306696,Short,Market, f77e1a42, 1ff45579,22:26 2025-10-02
ETHFIUSDT,Trade,4.2,1.799,1.6366,5.5E-4,0.00415569,USDT,0.00415569,Short,Market, bf67d1c5, 1ff45579,22:26 2025-10-02
NEARUSDT,Trade,105.6,2.963,2.816,5.5E-4,0.17209104,USDT,0.17209104,Short,Market, ae8995a8, 676a30ee,22:25 2025-10-02
ETHFIUSDT,Trade,56.2,1.8187,1.9802,5.5E-4,0.05621602,USDT,0.05621602,Long,Market, e283a5ca, bdfdd6da,21:28 2025-10-02
ETHFIUSDT,Trade,167.9,1.8186,1.9802,5.5E-4,0.16793862,USDT,0.16793862,Long,Market, 24c5229c, bdfdd6da,21:28 2025-10-02
ETHFIUSDT,Trade,26.1,1.8186,1.9802,5.5E-4,0.02610601,USDT,0.02610601,Long,Market, 3744e7fa, bdfdd6da,21:28 2025-10-02
ETHFIUSDT,Trade,35.2,1.8186,1.9802,5.5E-4,0.0352081,USDT,0.0352081,Long,Market, 1f644e2d, bdfdd6da,21:28 2025-10-02
ETHFIUSDT,Trade,35.2,1.8186,1.9802,5.5E-4,0.0352081,USDT,0.0352081,Long,Market, 3643c6b2, bdfdd6da,21:28 2025-10-02
ETHFIUSDT,Trade,66.1,1.8186,1.9802,5.5E-4,0.06611521,USDT,0.06611521,Long,Market, 124caa74, bdfdd6da,21:28 2025-10-02
ETHFIUSDT,Trade,8.9,1.8186,1.9802,5.5E-4,0.00890205,USDT,0.00890205,Long,Market, 8a012850, bdfdd6da,21:28 2025-10-02
ETHFIUSDT,Trade,4.2,1.8186,1.9802,5.5E-4,0.00420097,USDT,0.00420097,Long,Market, 2b74e7fe, bdfdd6da,21:28 2025-10-02
ETHFIUSDT,Trade,5.4,1.8185,1.9802,5.5E-4,0.00540095,USDT,0.00540095,Long,Market, 52f4136c, bdfdd6da,21:28 2025-10-02
ETHFIUSDT,Trade,25.5,1.8185,1.9802,5.5E-4,0.02550447,USDT,0.02550447,Long,Market, 809c77fa, bdfdd6da,21:28 2025-10-02
ETHFIUSDT,Trade,3.9,1.8185,1.9802,5.5E-4,0.00390069,USDT,0.00390069,Long,Market, 2a657b41, bdfdd6da,21:28 2025-10-02
ETHFIUSDT,Trade,3.9,1.8185,1.9802,5.5E-4,0.00390069,USDT,0.00390069,Long,Market, 8d0fc270, bdfdd6da,21:28 2025-10-02
ETHFIUSDT,Trade,3.9,1.8184,1.9802,5.5E-4,0.00390047,USDT,0.00390047,Long,Market, ffe82f0b, bdfdd6da,21:28 2025-10-02
ETHFIUSDT,Trade,4.2,1.8184,1.9802,5.5E-4,0.00420051,USDT,0.00420051,Long,Market, ebc2e372, bdfdd6da,21:28 2025-10-02
ETHFIUSDT,Trade,3.9,1.8184,1.9802,5.5E-4,0.00390047,USDT,0.00390047,Long,Market, 5c03e315, bdfdd6da,21:28 2025-10-02
ETHFIUSDT,Trade,8.8,1.8184,1.9802,5.5E-4,0.00880106,USDT,0.00880106,Long,Market, 9cc26aec, bdfdd6da,21:28 2025-10-02
ETHFIUSDT,Trade,3.8,1.8183,1.9802,5.5E-4,0.00380025,USDT,0.00380025,Long,Market, e744aafd, bdfdd6da,21:28 2025-10-02
ETHFIUSDT,Trade,3.8,1.8183,1.9802,5.5E-4,0.00380025,USDT,0.00380025,Long,Market, 36b37080, bdfdd6da,21:28 2025-10-02
ETHFIUSDT,Trade,3.8,1.8183,1.9802,5.5E-4,0.00380025,USDT,0.00380025,Long,Market, 2dffa40a, bdfdd6da,21:28 2025-10-02
ETHFIUSDT,Trade,23.6,1.8183,1.9802,5.5E-4,0.02360154,USDT,0.02360154,Long,Market, acada22a, bdfdd6da,21:28 2025-10-02
ETHFIUSDT,Trade,3.9,1.8183,1.9802,5.5E-4,0.00390026,USDT,0.00390026,Long,Market, 1cb17e10, bdfdd6da,21:28 2025-10-02
ETHFIUSDT,Trade,23.4,1.8183,1.9802,5.5E-4,0.02340153,USDT,0.02340153,Long,Market, 52041f76, bdfdd6da,21:28 2025-10-02
ETHFIUSDT,Trade,25.4,1.8182,1.9802,5.5E-4,0.02540026,USDT,0.02540026,Long,Market, 45f27185, bdfdd6da,21:28 2025-10-02
ETHFIUSDT,Trade,19.5,1.8182,1.9802,5.5E-4,0.0195002,USDT,0.0195002,Long,Market, a8266cfc, bdfdd6da,21:28 2025-10-02
ETHFIUSDT,Trade,4.2,1.8182,1.9802,5.5E-4,0.00420005,USDT,0.00420005,Long,Market, 39a7b857, bdfdd6da,21:28 2025-10-02
ETHFIUSDT,Trade,3.9,1.8182,1.9802,5.5E-4,0.00390004,USDT,0.00390004,Long,Market, c8fc1d7e, bdfdd6da,21:28 2025-10-02
ETHFIUSDT,Trade,25.9,1.8181,1.9802,5.5E-4,0.02589884,USDT,0.02589884,Long,Market, 726168a3, bdfdd6da,21:28 2025-10-02
ETHFIUSDT,Trade,8.2,1.8181,1.9802,5.5E-4,0.00819964,USDT,0.00819964,Long,Market, dad73183, bdfdd6da,21:28 2025-10-02
ETHFIUSDT,Trade,3.9,1.8181,1.9802,5.5E-4,0.00389983,USDT,0.00389983,Long,Market, 3815efae, bdfdd6da,21:28 2025-10-02
ETHFIUSDT,Trade,5.4,1.8181,1.9802,5.5E-4,0.00539976,USDT,0.00539976,Long,Market, bdde2753, bdfdd6da,21:28 2025-10-02
ETHFIUSDT,Trade,4.2,1.818,1.9802,5.5E-4,0.00419958,USDT,0.00419958,Long,Market, c73d49f1, bdfdd6da,21:28 2025-10-02
ETHFIUSDT,Trade,28.8,1.818,1.9802,5.5E-4,0.02879712,USDT,0.02879712,Long,Market, 56fd7ec0, bdfdd6da,21:28 2025-10-02
ETHFIUSDT,Trade,9.9,1.818,1.9802,5.5E-4,0.00989901,USDT,0.00989901,Long,Market, 3a43589f, bdfdd6da,21:28 2025-10-02
ETHFIUSDT,Trade,11.7,1.818,1.9802,5.5E-4,0.01169883,USDT,0.01169883,Long,Market, 2e0ec1dc, bdfdd6da,21:28 2025-10-02
ETHFIUSDT,Trade,4.2,1.8179,1.9802,5.5E-4,0.00419935,USDT,0.00419935,Long,Market, 40aa4935, bdfdd6da,21:28 2025-10-02
ETHFIUSDT,Trade,8.8,1.8179,1.9802,5.5E-4,0.00879864,USDT,0.00879864,Long,Market, f62a35c0, bdfdd6da,21:28 2025-10-02
ETHFIUSDT,Trade,55.0,1.8178,1.9802,5.5E-4,0.05498845,USDT,0.05498845,Long,Market, 7f792ffe, bdfdd6da,21:28 2025-10-02
ETHFIUSDT,Trade,487.7,1.8135,1.6329,5.5E-4,0.48644418,USDT,0.48644418,Short,Market, 6d734a57, 76d6fbbf,21:28 2025-10-02
ETHFIUSDT,Trade,33.1,1.8136,1.6329,5.5E-4,0.03301659,USDT,0.03301659,Short,Market, 11b491a0, 76d6fbbf,21:28 2025-10-02
ETHFIUSDT,Trade,18.6,1.8136,1.6329,5.5E-4,0.01855313,USDT,0.01855313,Short,Market, 0a990b97, 76d6fbbf,21:28 2025-10-02
ETHFIUSDT,Trade,21.0,1.8136,1.6329,5.5E-4,0.02094708,USDT,0.02094708,Short,Market, d1edfeb0, 76d6fbbf,21:28 2025-10-02
ETHFIUSDT,Trade,2.8,1.8136,1.6329,5.5E-4,0.00279295,USDT,0.00279295,Short,Market, 44278094, 76d6fbbf,21:28 2025-10-02
ETHFIUSDT,Trade,1.9,1.8136,1.6329,5.5E-4,0.00189522,USDT,0.00189522,Short,Market, 381adb87, 76d6fbbf,21:28 2025-10-02
ETHFIUSDT,Trade,41.3,1.8124,1.9725,5.5E-4,0.04116867,USDT,0.04116867,Long,Market, 29558c75, e9813959,21:24 2025-10-02
ETHFIUSDT,Trade,25.9,1.8124,1.9725,5.5E-4,0.02581764,USDT,0.02581764,Long,Market, 0400f5b6, e9813959,21:24 2025-10-02
ETHFIUSDT,Trade,3.1,1.8124,1.9725,5.5E-4,0.00309015,USDT,0.00309015,Long,Market, 8d82777b, e9813959,21:24 2025-10-02
ETHFIUSDT,Trade,28.1,1.8123,1.9725,5.5E-4,0.0280091,USDT,0.0280091,Long,Market, 080286d8, e9813959,21:24 2025-10-02
ETHFIUSDT,Trade,4.2,1.8123,1.9725,5.5E-4,0.00418642,USDT,0.00418642,Long,Market, 0cf5b01c, e9813959,21:24 2025-10-02
ETHFIUSDT,Trade,28.1,1.8122,1.9725,5.5E-4,0.02800756,USDT,0.02800756,Long,Market, 767c00dd, e9813959,21:24 2025-10-02
ETHFIUSDT,Trade,28.1,1.8121,1.9725,5.5E-4,0.02800601,USDT,0.02800601,Long,Market, 134bcc10, e9813959,21:24 2025-10-02
ETHFIUSDT,Trade,4.2,1.8121,1.9725,5.5E-4,0.00418596,USDT,0.00418596,Long,Market, f9b4c56b, e9813959,21:24 2025-10-02
ETHFIUSDT,Trade,28.1,1.812,1.9725,5.5E-4,0.02800446,USDT,0.02800446,Long,Market, b0fbb6e3, e9813959,21:24 2025-10-02
ETHFIUSDT,Trade,25.9,1.812,1.9725,5.5E-4,0.02581194,USDT,0.02581194,Long,Market, 90c7a54e, e9813959,21:24 2025-10-02
ETHFIUSDT,Trade,3.1,1.812,1.9725,5.5E-4,0.00308946,USDT,0.00308946,Long,Market, 5923fd68, e9813959,21:24 2025-10-02
ETHFIUSDT,Trade,102.6,1.812,1.9725,5.5E-4,0.10225116,USDT,0.10225116,Long,Market, d88275ba, e9813959,21:24 2025-10-02
ETHFIUSDT,Trade,4.2,1.8119,1.9725,5.5E-4,0.00418549,USDT,0.00418549,Long,Market, 33a022d2, e9813959,21:24 2025-10-02
ETHFIUSDT,Trade,4.2,1.8117,1.9725,5.5E-4,0.00418503,USDT,0.00418503,Long,Market, 06922688, e9813959,21:24 2025-10-02
ETHFIUSDT,Trade,6.3,1.8116,1.9725,5.5E-4,0.0062772,USDT,0.0062772,Long,Market, 90aa92d9, e9813959,21:24 2025-10-02
ETHFIUSDT,Trade,3.1,1.8116,1.9725,5.5E-4,0.00308878,USDT,0.00308878,Long,Market, 9b2c0c19, e9813959,21:24 2025-10-02
ETHFIUSDT,Trade,4.2,1.8115,1.9725,5.5E-4,0.00418457,USDT,0.00418457,Long,Market, 5cb763d0, e9813959,21:24 2025-10-02
ETHFIUSDT,Trade,215.1,1.8115,1.9725,5.5E-4,0.21430951,USDT,0.21430951,Long,Market, 75a2f3ed, e9813959,21:24 2025-10-02
ETHFIUSDT,Trade,5.3,1.8113,1.9725,5.5E-4,0.00527994,USDT,0.00527994,Long,Market, 2c2ddd48, e9813959,21:24 2025-10-02
ETHFIUSDT,Trade,28.0,1.8131,1.6326,5.5E-4,0.02792174,USDT,0.02792174,Short,Market, b733f7b3, e5ab21a2,21:22 2025-10-02
ETHFIUSDT,Trade,31.0,1.8131,1.6326,5.5E-4,0.03091336,USDT,0.03091336,Short,Market, 9811b06b, e5ab21a2,21:22 2025-10-02
ETHFIUSDT,Trade,43.0,1.8131,1.6326,5.5E-4,0.04287982,USDT,0.04287982,Short,Market, ed386bdf, e5ab21a2,21:22 2025-10-02
ETHFIUSDT,Trade,43.0,1.8132,1.6326,5.5E-4,0.04288218,USDT,0.04288218,Short,Market, 91545fd3, e5ab21a2,21:22 2025-10-02
ETHFIUSDT,Trade,31.0,1.8132,1.6326,5.5E-4,0.03091506,USDT,0.03091506,Short,Market, 8911b554, e5ab21a2,21:22 2025-10-02
ETHFIUSDT,Trade,103.5,1.8132,1.6326,5.5E-4,0.10321641,USDT,0.10321641,Short,Market, 45025ed3, e5ab21a2,21:22 2025-10-02
ETHFIUSDT,Trade,3.1,1.8132,1.6326,5.5E-4,0.00309151,USDT,0.00309151,Short,Market, ccd49562, e5ab21a2,21:22 2025-10-02
ETHFIUSDT,Trade,4.2,1.8132,1.6326,5.5E-4,0.0041885,USDT,0.0041885,Short,Market, 40e5c4ac, e5ab21a2,21:22 2025-10-02
ETHFIUSDT,Trade,0.2,1.8132,1.6326,5.5E-4,1.9946E-4,USDT,0.00019946,Short,Market, d85d1158, e5ab21a2,21:22 2025-10-02
ETHFIUSDT,Trade,4.2,1.8132,1.6326,5.5E-4,0.0041885,USDT,0.0041885,Short,Market, 2321be81, e5ab21a2,21:22 2025-10-02
ETHFIUSDT,Trade,50.4,1.8133,1.6326,5.5E-4,0.05026468,USDT,0.05026468,Short,Market, cd75b939, e5ab21a2,21:22 2025-10-02
ETHFIUSDT,Trade,31.0,1.8133,1.6326,5.5E-4,0.03091677,USDT,0.03091677,Short,Market, 28402323, e5ab21a2,21:22 2025-10-02
ETHFIUSDT,Trade,43.0,1.8133,1.6326,5.5E-4,0.04288455,USDT,0.04288455,Short,Market, 48d4fa37, e5ab21a2,21:22 2025-10-02
ETHFIUSDT,Trade,43.0,1.8134,1.6326,5.5E-4,0.04288691,USDT,0.04288691,Short,Market, 60581820, e5ab21a2,21:22 2025-10-02
ETHFIUSDT,Trade,31.0,1.8134,1.6326,5.5E-4,0.03091847,USDT,0.03091847,Short,Market, f5ce9dbd, e5ab21a2,21:22 2025-10-02
ETHFIUSDT,Trade,26.8,1.8134,1.6326,5.5E-4,0.02672952,USDT,0.02672952,Short,Market, 5837037f, e5ab21a2,21:22 2025-10-02
ETHFIUSDT,Trade,4.2,1.8134,1.6326,5.5E-4,0.00418896,USDT,0.00418896,Short,Market, 6402db92, e5ab21a2,21:22 2025-10-02
ETHFIUSDT,Trade,43.0,1.8135,1.6326,5.5E-4,0.04288928,USDT,0.04288928,Short,Market, df6e77fa, e5ab21a2,21:22 2025-10-02
ETHFIUSDT,Trade,43.0,1.8136,1.6326,5.5E-4,0.04289164,USDT,0.04289164,Short,Market, aa89bb99, e5ab21a2,21:22 2025-10-02
ETHFIUSDT,Trade,26.7,1.8136,1.6326,5.5E-4,0.02663272,USDT,0.02663272,Short,Market, 3e10716b, e5ab21a2,21:22 2025-10-02
ETHFIUSDT,Trade,4.2,1.8136,1.6326,5.5E-4,0.00418942,USDT,0.00418942,Short,Market, 48d7c696, e5ab21a2,21:22 2025-10-02
ETHFIUSDT,Trade,3.1,1.8136,1.6326,5.5E-4,0.00309219,USDT,0.00309219,Short,Market, d8eec8c4, e5ab21a2,21:22 2025-10-02
ETHFIUSDT,Trade,8.1,1.8138,1.6326,5.5E-4,0.00808048,USDT,0.00808048,Short,Market, 9e5cc6b0, e5ab21a2,21:22 2025-10-02
ETHFIUSDT,Trade,19.2,1.8138,1.6326,5.5E-4,0.01915373,USDT,0.01915373,Short,Market, b5014f89, e5ab21a2,21:22 2025-10-02
ETHFIUSDT,Trade,4.2,1.8138,1.6326,5.5E-4,0.00418988,USDT,0.00418988,Short,Market, c9cc7301, e5ab21a2,21:22 2025-10-02
ETHFIUSDT,Trade,5.7,1.814,1.6326,5.5E-4,0.00568689,USDT,0.00568689,Short,Market, 753e572c, e5ab21a2,21:22 2025-10-02
ETHFIUSDT,Trade,5.7,1.814,1.6326,5.5E-4,0.00568689,USDT,0.00568689,Short,Market, 154f9e4a, e5ab21a2,21:22 2025-10-02
ETHFIUSDT,Trade,7.3,1.814,1.6326,5.5E-4,0.00728321,USDT,0.00728321,Short,Market, e5b5dbf0, e5ab21a2,21:22 2025-10-02
ETHFIUSDT,Trade,1.0,1.814,1.6326,5.5E-4,9.977E-4,USDT,0.0009977,Short,Market, 3bf2d48f, e5ab21a2,21:22 2025-10-02
ETHFIUSDT,Trade,2.8,1.8141,1.6326,5.5E-4,0.00279372,USDT,0.00279372,Short,Market, 93ecf779, e5ab21a2,21:22 2025-10-02
ETHFIUSDT,Trade,7.3,1.8141,1.6326,5.5E-4,0.00728362,USDT,0.00728362,Short,Market, 5a18e044, e5ab21a2,21:22 2025-10-02
ETHFIUSDT,Trade,64.6,1.8105,1.9697,5.5E-4,0.06432707,USDT,0.06432707,Long,Market, 42ead929, 72c9e103,21:18 2025-10-02
ETHFIUSDT,Trade,75.6,1.8105,1.9697,5.5E-4,0.07528059,USDT,0.07528059,Long,Market, bfa27fb8, 72c9e103,21:18 2025-10-02
ETHFIUSDT,Trade,68.5,1.8105,1.9697,5.5E-4,0.06821059,USDT,0.06821059,Long,Market, 5f994ebc, 72c9e103,21:18 2025-10-02
ETHFIUSDT,Trade,45.7,1.8105,1.9697,5.5E-4,0.04550692,USDT,0.04550692,Long,Market, f34f596e, 72c9e103,21:18 2025-10-02
ETHFIUSDT,Trade,4.2,1.8104,1.9697,5.5E-4,0.00418203,USDT,0.00418203,Long,Market, 1f9300c8, 72c9e103,21:18 2025-10-02
ETHFIUSDT,Trade,61.6,1.8104,1.9697,5.5E-4,0.06133636,USDT,0.06133636,Long,Market, b2cb3d3e, 72c9e103,21:18 2025-10-02
ETHFIUSDT,Trade,86.6,1.8104,1.9697,5.5E-4,0.08622936,USDT,0.08622936,Long,Market, 11f9eed5, 72c9e103,21:18 2025-10-02
ETHFIUSDT,Trade,66.4,1.8104,1.9697,5.5E-4,0.06611581,USDT,0.06611581,Long,Market, 9c49e09e, 72c9e103,21:18 2025-10-02
ETHFIUSDT,Trade,3.1,1.8104,1.9697,5.5E-4,0.00308674,USDT,0.00308674,Long,Market, 36c52fbc, 72c9e103,21:18 2025-10-02
ETHFIUSDT,Trade,22.2,1.8103,1.9697,5.5E-4,0.02210377,USDT,0.02210377,Long,Market, 70ea085d, 72c9e103,21:18 2025-10-02
ETHFIUSDT,Trade,61.6,1.8103,1.9697,5.5E-4,0.06133297,USDT,0.06133297,Long,Market, 82c0c6db, 72c9e103,21:18 2025-10-02
ETHFIUSDT,Trade,4.2,1.8102,1.9697,5.5E-4,0.00418157,USDT,0.00418157,Long,Market, ded1f7e1, 72c9e103,21:18 2025-10-02
ETHFIUSDT,Trade,12.2,1.8102,1.9697,5.5E-4,0.01214645,USDT,0.01214645,Long,Market, e2a60c9e, 72c9e103,21:18 2025-10-02
ETHFIUSDT,Trade,66.1,1.8102,1.9697,5.5E-4,0.06580983,USDT,0.06580983,Long,Market, 48a66bcd, 72c9e103,21:18 2025-10-02
ETHFIUSDT,Trade,1.0,1.8102,1.9697,5.5E-4,9.9561E-4,USDT,0.00099561,Long,Market, 30d1491e, 72c9e103,21:18 2025-10-02
ETHFIUSDT,Trade,22.2,1.8101,1.9697,5.5E-4,0.02210133,USDT,0.02210133,Long,Market, 6f2c0cfe, 72c9e103,21:18 2025-10-02
ETHFIUSDT,Trade,4.9,1.8101,1.9697,5.5E-4,0.00487822,USDT,0.00487822,Long,Market, 6c03ad8d, 72c9e103,21:18 2025-10-02
ETHFIUSDT,Trade,31.2,1.81,1.9697,5.5E-4,0.0310596,USDT,0.0310596,Long,Market, c7e03c34, 72c9e103,21:18 2025-10-02
NEARUSDT,Funding,140.8,2.88,0,1.0E-4,0.0405504,USDT,0.0405504,Long,--, 218e1f07, 65b94bc0,16:00 2025-10-02
NEARUSDT,Funding,140.8,2.878,0,-1.422E-5,-0.00576227,USDT,-0.00576227,Long,--, 5575a734, 49151ef7,08:00 2025-10-02
NEARUSDT,Funding,140.8,2.831,0,1.0E-4,0.03986048,USDT,0.03986048,Long,--, 6cd54265, 478381eb,00:00 2025-10-02
NEARUSDT,Funding,140.8,2.841,0,1.0E-4,0.04000128,USDT,0.04000128,Long,--, f292fa6d, bff594bf,16:00 2025-10-01
NEARUSDT,Funding,140.8,2.658,0,1.0E-4,0.03742464,USDT,0.03742464,Long,--, 1e55bf9d, e1c94c3d,08:00 2025-10-01
NEARUSDT,Funding,140.8,2.627,0,-3.893E-5,-0.0143995,USDT,-0.0143995,Long,--, 4b2e3b9f, 790e05e0,00:00 2025-10-01
NEARUSDT,Funding,140.8,2.59,0,-1.1876E-4,-0.04330845,USDT,-0.04330845,Long,--, d99a6747, a2f111b6,16:00 2025-09-30
NEARUSDT,Funding,140.8,2.673,0,-5.132E-5,-0.01931472,USDT,-0.01931472,Long,--, fd0faf66, 9ca2f3dd,08:00 2025-09-30
NEARUSDT,Funding,140.8,2.773,0,1.0E-4,0.03904384,USDT,0.03904384,Long,--, bc70a306, a464459b,00:00 2025-09-30
NEARUSDT,Funding,140.8,2.785,0,1.0E-4,0.0392128,USDT,0.0392128,Long,--, 1cd7c42a, d4deb2fd,16:00 2025-09-29
NEARUSDT,Trade,140.8,2.751,2.889,5.5E-4,0.21303744,USDT,0.21303744,Long,Market, 27a37b7d, 411a3a19,08:20 2025-09-29
ETHUSDT,Trade,0.19,4020.59,3940.18,5.5E-4,0.42015166,USDT,0.42015166,Short,Market, fd5899e6, 7cf32932,08:40 2025-09-25
ETHUSDT,Funding,0.19,4006.85,0,-5.39E-5,-0.04103416,USDT,-0.04103416,Long,--, f33bd1f2, b9be90ea,08:00 2025-09-25
ETHUSDT,Funding,0.19,4150.41,0,-1.1015E-4,-0.08686186,USDT,-0.08686186,Long,--, 4e9ff5ba, b5cc4fa8,00:00 2025-09-25
ETHUSDT,Funding,0.19,4163.36,0,5.898E-5,0.04665545,USDT,0.04665545,Long,--, dc8465d0, 929f7042,16:00 2025-09-24
ETHUSDT,Funding,0.19,4173.56,0,6.568E-5,0.05208269,USDT,0.05208269,Long,--, 946b912c, 6e5490a0,08:00 2025-09-24
ETHUSDT,Funding,0.19,4162.26,0,8.676E-5,0.06861236,USDT,0.06861236,Long,--, 39294fa1, 42cfece3,00:00 2025-09-24
ETHUSDT,Trade,0.19,4178.61,4262.27,5.5E-4,0.43666475,USDT,0.43666475,Long,Market, 8ba520f3, 6c9f2a92,21:38 2025-09-23
ETHUSDT,Trade,0.24,4170.79,4086.85,5.5E-4,0.55054428,USDT,0.55054428,Short,Market, 2bbb8db2, 9df6928a,19:13 2025-09-23
ETHUSDT,Trade,0.24,4148.06,4231.3,5.5E-4,0.54754392,USDT,0.54754392,Long,Market, d73a3a11, ba4af456,18:04 2025-09-23
NEARUSDT,Trade,195.9,2.999,2.85,5.5E-4,0.32312726,USDT,0.32312726,Short,Market, 97da2a87, 7e86baa7,18:04 2025-09-23
NEARUSDT,Funding,195.9,3.045,0,9.925E-5,0.05920417,USDT,0.05920417,Long,--, 38f66164, aa2cfb75,16:00 2025-09-23
NEARUSDT,Funding,195.9,3.086,0,5.808E-5,0.03511212,USDT,0.03511212,Long,--, a832a17b, c0ea9f87,08:00 2025-09-23
NEARUSDT,Funding,195.9,2.961,0,1.0E-4,0.05800599,USDT,0.05800599,Long,--, 48decbac, 5d033b32,00:00 2025-09-23
NEARUSDT,Trade,195.9,2.876,3.019,5.5E-4,0.30987462,USDT,0.30987462,Long,Market, 5ea8a0a2, ef528d9c,17:52 2025-09-22
SOLUSDT,Liquidation,10.9,220.98,222.09,5.5E-4,1.3247751,USDT,1.3247751,Short,Market, 8f667f54, 8f667f54,06:00 2025-09-22
NEARUSDT,Trade,233.6,2.941,2.908,5.5E-4,0.37785968,USDT,0.37785968,Short,Market, 479b1192, 7fdb9b0c,05:30 2025-09-22
NEARUSDT,Funding,233.6,3.128,0,1.0E-4,0.07307008,USDT,0.07307008,Long,--, f13db456, 13b4d3c2,00:00 2025-09-22
SOLUSDT,Funding,10.9,236.09,0,9.212E-5,0.23705986,USDT,0.23705986,Long,--, a674d83f, da6575ba,00:00 2025-09-22
NEARUSDT,Funding,233.6,3.099,0,1.0E-4,0.07239264,USDT,0.07239264,Long,--, 345bc15b, cf960fa2,16:00 2025-09-21
SOLUSDT,Funding,10.9,237.779,0,6.986E-5,0.18106253,USDT,0.18106253,Long,--, ce388dfa, 4077c4bf,16:00 2025-09-21
NEARUSDT,Funding,233.6,3.138,0,1.0E-4,0.07330368,USDT,0.07330368,Long,--, cd98ea36, 75378961,08:00 2025-09-21
SOLUSDT,Funding,10.9,239.77,0,-2.376E-5,-0.0620966,USDT,-0.0620966,Long,--, a6638e8e, 0545e8e0,08:00 2025-09-21
NEARUSDT,Funding,233.6,3.154,0,1.437E-5,0.01058745,USDT,0.01058745,Long,--, d8e96f36, 46ee6b0f,00:00 2025-09-21
SOLUSDT,Funding,10.9,239.361,0,-6.625E-5,-0.17284857,USDT,-0.17284857,Long,--, 5bbea015, f92f8780,00:00 2025-09-21
SOLUSDT,Trade,3.8,240.23,252.24,5.5E-4,0.5020807,USDT,0.5020807,Long,Market, 777fd8ad, 367369eb,16:17 2025-09-20
NEARUSDT,Funding,233.6,3.173,0,1.0E-4,0.07412128,USDT,0.07412128,Long,--, ce7dc37a, b85f7e1a,16:00 2025-09-20
SOLUSDT,Funding,7.1,239.99,0,-3.312E-5,-0.05643413,USDT,-0.05643413,Long,--, 5aa7b781, 3fe3de88,16:00 2025-09-20
NEARUSDT,Funding,233.6,3.134,0,6.95E-5,0.05088112,USDT,0.05088112,Long,--, f1adbba7, 0f80fa16,08:00 2025-09-20
SOLUSDT,Funding,7.1,239.64,0,-5.2E-7,-8.8476E-4,USDT,-0.00088476,Long,--, 68904f03, 95c151d2,08:00 2025-09-20
NEARUSDT,Funding,233.6,3.118,0,6.75E-5,0.04916463,USDT,0.04916463,Long,--, 6dfa693f, 785571f3,00:00 2025-09-20
SOLUSDT,Funding,7.1,238.44,0,1.0E-4,0.1692924,USDT,0.1692924,Long,--, f8c438e7, 5fb04ec1,00:00 2025-09-20
NEARUSDT,Funding,233.6,3.146,0,1.0E-4,0.07349056,USDT,0.07349056,Long,--, f1f10678, 1da6f9dc,16:00 2025-09-19
SOLUSDT,Funding,7.1,237.4,0,3.466E-5,0.05842082,USDT,0.05842082,Long,--, 6c2024e3, 19ce2ffa,16:00 2025-09-19
NEARUSDT,Trade,233.6,3.184,3.026,5.5E-4,0.40908032,USDT,0.40908032,Short,Market, b343924d, dc1a650e,12:48 2025-09-19
NEARUSDT,Funding,467.2,3.207,0,1.0E-4,0.14983104,USDT,0.14983104,Long,--, 4bb7b0dd, 2423de36,08:00 2025-09-19
SOLUSDT,Funding,7.1,243.724,0,4.876E-5,0.08437628,USDT,0.08437628,Long,--, 8bba92a0, 89360476,08:00 2025-09-19
NEARUSDT,Funding,467.2,3.176,0,1.0E-4,0.14838272,USDT,0.14838272,Long,--, 5255874f, d0926cbf,00:00 2025-09-19
SOLUSDT,Funding,7.1,247.413,0,3.709E-5,0.0651535,USDT,0.0651535,Long,--, fa69e85f, fb3d9b83,00:00 2025-09-19
NEARUSDT,Trade,22.8,3.221,3.06,5.5E-4,0.04039134,USDT,0.04039134,Short,Market, 1167a2b4, fd9a0d22,21:15 2025-09-18
NEARUSDT,Trade,444.3,3.221,3.06,5.5E-4,0.78709967,USDT,0.78709967,Short,Market, fe319fd9, fd9a0d22,21:15 2025-09-18
NEARUSDT,Trade,311.4,3.211,3.051,5.5E-4,0.54994797,USDT,0.54994797,Short,Market, c7a341a7, d8983b96,21:09 2025-09-18
NEARUSDT,Trade,280.6,3.264,3.425,5.5E-4,0.50373312,USDT,0.50373312,Long,Market, 8d246dd9, 5828d75c,20:09 2025-09-18
NEARUSDT,Trade,383.9,3.264,3.425,5.5E-4,0.68917728,USDT,0.68917728,Long,Market, 1bb9e8f7, 5828d75c,20:09 2025-09-18
SOLUSDT,Trade,0.1,248.36,260.78,5.5E-4,0.0136598,USDT,0.0136598,Long,Market, f09993c1, 7d79f13f,19:52 2025-09-18
SOLUSDT,Trade,7.0,248.36,260.78,5.5E-4,0.956186,USDT,0.956186,Long,Market, 2ef2295d, 7d79f13f,19:52 2025-09-18
NEARUSDT,Trade,18.3,3.193,3.351,5.5E-4,0.03213755,USDT,0.03213755,Long,Market, 3f27b013, b0425349,19:48 2025-09-18
NEARUSDT,Trade,215.4,3.193,3.351,5.5E-4,0.37827471,USDT,0.37827471,Long,Market, b9372a35, b0425349,19:48 2025-09-18
NEARUSDT,Trade,66.7,3.193,3.351,5.5E-4,0.11713521,USDT,0.11713521,Long,Market, de209235, b0425349,19:48 2025-09-18
NEARUSDT,Trade,39.3,3.193,3.351,5.5E-4,0.0690167,USDT,0.0690167,Long,Market, 9cc2d0fc, b0425349,19:48 2025-09-18
NEARUSDT,Trade,46.5,3.193,3.351,5.5E-4,0.08166098,USDT,0.08166098,Long,Market, 2c5a11e8, b0425349,19:48 2025-09-18
NEARUSDT,Trade,195.0,3.193,3.351,5.5E-4,0.34244925,USDT,0.34244925,Long,Market, 979902f8, b0425349,19:48 2025-09-18
SOLUSDT,Trade,8.4,238.85,226.92,5.5E-4,1.103487,,,Short,Market, f64086ee, 727bdae2,20:40 2025-09-17
SOLUSDT,Funding,8.4,233.801,0,1.0E-4,0.19639284,,,Long,--, a9955723, e640583c,16:00 2025-09-17
SOLUSDT,Trade,8.4,234.14,245.85,5.5E-4,1.0817268,,,Long,Market, e7866e51, 15e3ab83,12:10 2025-09-17
BTCUSDT,Trade,0.017,116197.1,115014.6,5.5E-4,1.08644289,,,Short,Market, 775df100, 9741fb6e,12:10 2025-09-17
BTCUSDT,Trade,0.012,116156.1,117317.5,5.5E-4,0.76663026,,,Long,Market, b187eab6, 399efd4a,12:10 2025-09-17
BTCUSDT,Trade,0.005,116156.1,117317.5,5.5E-4,0.31942928,,,Long,Market, b915ae11, 399efd4a,12:10 2025-09-17
BTCUSDT,Trade,0.025,115239.9,114087.6,5.5E-4,1.58454863,,,Short,Market, cf06b86d, 4d1d6c18,04:10 2025-09-16
BNBUSDT,Trade,0.71,919,873.2,5.5E-4,0.3588695,,,Short,Market, 108ed24d, e41735c0,04:10 2025-09-16
BNBUSDT,Funding,0.71,919.1,0,7.645E-5,0.04988829,,,Long,--, b85a875d, e9808d11,00:00 2025-09-16
BTCUSDT,Funding,0.025,115315.92,0,1.0E-4,0.2882898,,,Long,--, 2535f593, 05ee4248,00:00 2025-09-16
BTCUSDT,Trade,0.025,115491.8,116664.2,5.5E-4,1.58801225,,,Long,Market, 68d7c126, 458b9b8d,19:41 2025-09-15
BNBUSDT,Funding,0.71,915.9,0,-1.596E-5,-0.01037862,,,Long,--, 5d3f11a8, fc22b4c2,16:00 2025-09-15
BNBUSDT,Funding,0.71,922.8,0,-2.324E-5,-0.01522657,,,Long,--, e9341535, f4d6bdb9,08:00 2025-09-15
BNBUSDT,Funding,0.71,925.7,0,2.354E-5,0.0154716,,,Long,--, ad58f1c2, 785fd7bb,00:00 2025-09-15
BNBUSDT,Funding,0.71,924.05,0,1.0E-4,0.06560755,,,Long,--, f333f998, 46fcf127,16:00 2025-09-14
ETHUSDT,Trade,0.44,4617.56,4528.94,5.5E-4,1.11744952,,,Short,Market, 57543e19, cde6d359,12:51 2025-09-14
ETHUSDT,Funding,0.44,4649.59,0,1.0E-4,0.20458196,,,Long,--, cb31db17, 89b1ee02,08:00 2025-09-14
BNBUSDT,Funding,0.71,937.27,0,1.0E-4,0.06654617,,,Long,--, c4f7edd1, 08ac11ee,08:00 2025-09-14
ETHUSDT,Funding,0.44,4665.47,0,1.0E-4,0.20528068,,,Long,--, ecbeca7f, 470293d0,00:00 2025-09-14
BNBUSDT,Funding,0.71,933.42,0,1.0E-4,0.06627282,,,Long,--, 0a847991, 9139a196,00:00 2025-09-14
BNBUSDT,Trade,0.71,928.2,938.1,5.5E-4,0.3624621,,,Long,Market, 0aabe0ae, 6fe10c46,18:40 2025-09-13
ETHUSDT,Trade,0.44,4640,4640,2.0E-4,0.40832,,,Long,Limit, a6424e6f, 50913e7f,18:34 2025-09-13
ETHUSDT,Trade,0.43,4312.81,4227.01,5.5E-4,1.01997957,,,Short,Market, 6e0bcef9, da680f0d,22:36 2025-09-08
ETHUSDT,Trade,0.43,4290.41,4377.07,5.5E-4,1.01468197,,,Long,Market, 042f1f08, cac0ebaa,19:37 2025-09-08
ETHUSDT,Trade,0.19,4313,4226.97,5.5E-4,0.4507085,,,Short,Market, 3deb2207, be332788,21:46 2025-09-04
ETHUSDT,Trade,0.19,4305.4,4391.25,5.5E-4,0.4499143,,,Long,Market, 351adfe4, ea5589cf,20:25 2025-09-04
BNBUSDT,Trade,0.48,849.6,892.1,5.5E-4,0.2242944,,,Long,Market, 7b055e7b, 3384a103,17:37 2025-09-02
BNBUSDT,Funding,0.48,846.4,0,-7.991E-5,-0.0324652,,,Short,--, 6a241bbf, 6d26d010,16:00 2025-09-02
BNBUSDT,Trade,0.35,849.7,807.3,5.5E-4,0.16356725,,,Short,Market, f5e9d676, 6e8628cb,14:43 2025-09-02
BNBUSDT,Trade,0.13,849.7,807.3,5.5E-4,0.06075355,,,Short,Market, 693dac3a, 6e8628cb,14:43 2025-09-02
BTCUSDT,Trade,0.01,109171.7,108080.1,5.5E-4,0.60044435,,,Short,Market, 3cfbdcf3, 0dc8245e,10:16 2025-09-01
BTCUSDT,Funding,0.01,109394.5,0,1.0E-4,0.1093945,,,Long,--, d8960ad0, 66138a70,08:00 2025-09-01
BTCUSDT,Trade,0.01,108321.6,109402.9,5.5E-4,0.5957688,,,Long,Market, 819d1246, 1347b54e,07:21 2025-09-01
BNBUSDT,Trade,0.06,855.4,812.8,5.5E-4,0.0282282,,,Short,Market, 9e55b929, 3919d120,21:25 2025-08-29
BNBUSDT,Trade,0.25,855.4,812.8,5.5E-4,0.1176175,,,Short,Market, 400a0540, 3919d120,21:25 2025-08-29
BNBUSDT,Trade,0.1,855.4,812.8,5.5E-4,0.047047,,,Short,Market, 2b54284b, 3919d120,21:25 2025-08-29
BNBUSDT,Trade,0.22,855.4,812.8,5.5E-4,0.1035034,,,Short,Market, 4c413ad1, 3919d120,21:25 2025-08-29
SOLUSDT,Trade,7.9,201.05,211.08,5.5E-4,0.87356225,,,Long,Market, 0c008e5a, 582edc17,21:24 2025-08-29
SOLUSDT,Trade,2.4,201.05,211.08,5.5E-4,0.265386,,,Long,Market, 0977807a, 582edc17,21:24 2025-08-29
ETHUSDT,Trade,0.24,4328.39,4414.05,5.5E-4,0.57134748,,,Long,Market, ae9873c2, 95276f5f,21:05 2025-08-29
SOLUSDT,Trade,10.3,200.65,210.69,5.5E-4,1.13668225,,,Long,Market, e9fbd382, 602206b8,21:04 2025-08-29
SOLUSDT,Trade,12.4,200.36,190.35,5.5E-4,1.3664552,,,Short,Market, b7223e0f, ff41cebc,21:01 2025-08-29
SOLUSDT,Trade,4.8,201.35,191.25,5.5E-4,0.531564,,,Short,Market, 465a05c8, 452a7698,20:56 2025-08-29
ETHUSDT,Trade,0.24,4339.89,4253.11,5.5E-4,0.57286548,,,Short,Market, 6330ebb4, 2bdbfe5d,20:27 2025-08-29
BNBUSDT,Trade,0.18,852.7,810.2,5.5E-4,0.0844173,,,Short,Market, ad338e22, 4581389c,19:02 2025-08-29
BNBUSDT,Trade,0.05,852.7,810.2,5.5E-4,0.02344925,,,Short,Market, 0b4f8010, 4581389c,19:02 2025-08-29
BNBUSDT,Trade,0.01,852.7,810.2,5.5E-4,0.00468985,,,Short,Market, 70009bf8, 4581389c,19:02 2025-08-29
BNBUSDT,Trade,0.02,852.7,810.2,5.5E-4,0.0093797,,,Short,Market, aba191c6, 4581389c,19:02 2025-08-29
BNBUSDT,Trade,0.26,852.7,810.2,5.5E-4,0.1219361,,,Short,Market, 047600bf, 4581389c,19:02 2025-08-29
BNBUSDT,Trade,0.08,852.7,810.2,5.5E-4,0.0375188,,,Short,Market, a7d1d7b4, 4581389c,19:02 2025-08-29
BNBUSDT,Trade,0.02,852.7,810.2,5.5E-4,0.0093797,,,Short,Market, f24aa497, 4581389c,19:02 2025-08-29
BNBUSDT,Trade,0.01,852.7,810.2,5.5E-4,0.00468985,,,Short,Market, 90d240b3, 4581389c,19:02 2025-08-29
SOLUSDT,Trade,3.3,201.95,212.06,5.5E-4,0.36653925,,,Long,Market, f1dec1fe, 8866a0e7,18:43 2025-08-29
SOLUSDT,Trade,2.2,205.01,215.29,5.5E-4,0.2480621,,,Long,Market, c88fc605, 2eeb7533,16:43 2025-08-29
SOLUSDT,Trade,5.0,204.03,193.79,5.5E-4,0.5610825,,,Short,Market, 0d76f6df, 8f7b266e,16:03 2025-08-29
SOLUSDT,Trade,3.6,204.03,193.79,5.5E-4,0.4039794,,,Short,Market, 6a50cf5f, 8f7b266e,16:03 2025-08-29
SOLUSDT,Trade,0.3,204.03,193.79,5.5E-4,0.03366495,,,Short,Market, b3d23d6d, 8f7b266e,16:03 2025-08-29
SOLUSDT,Trade,1.5,203.96,193.78,5.5E-4,0.168267,,,Short,Market, 37b196a8, dcd075b2,16:03 2025-08-29
SOLUSDT,Trade,1.1,203.96,193.78,5.5E-4,0.1233958,,,Short,Market, 2058756c, dcd075b2,16:03 2025-08-29
SOLUSDT,Trade,0.2,203.96,193.78,5.5E-4,0.0224356,,,Short,Market, 78b8c7d1, dcd075b2,16:03 2025-08-29
SOLUSDT,Trade,0.4,203.97,193.78,5.5E-4,0.0448734,,,Short,Market, fa212d37, dcd075b2,16:03 2025-08-29
SOLUSDT,Trade,1.1,203.97,193.78,5.5E-4,0.12340185,,,Short,Market, 380c1f7a, dcd075b2,16:03 2025-08-29
SOLUSDT,Trade,0.1,203.97,193.78,5.5E-4,0.01121835,,,Short,Market, dd3009c0, dcd075b2,16:03 2025-08-29
SOLUSDT,Trade,0.2,203.97,193.78,5.5E-4,0.0224367,,,Short,Market, 3f92c64c, dcd075b2,16:03 2025-08-29
SOLUSDT,Trade,0.1,203.97,193.78,5.5E-4,0.01121835,,,Short,Market, bfc7beee, dcd075b2,16:03 2025-08-29
SOLUSDT,Trade,0.3,203.98,193.78,5.5E-4,0.0336567,,,Short,Market, e75f0ed8, dcd075b2,16:03 2025-08-29
SOLUSDT,Trade,0.2,203.98,193.78,5.5E-4,0.0224378,,,Short,Market, 7b31294f, dcd075b2,16:03 2025-08-29
SOLUSDT,Trade,0.1,203.98,193.78,5.5E-4,0.0112189,,,Short,Market, e17a5dbc, dcd075b2,16:03 2025-08-29
SOLUSDT,Trade,0.1,203.98,193.78,5.5E-4,0.0112189,,,Short,Market, b4b112eb, dcd075b2,16:03 2025-08-29
SOLUSDT,Trade,0.1,203.98,193.78,5.5E-4,0.0112189,,,Short,Market, c32d1414, dcd075b2,16:03 2025-08-29
SOLUSDT,Trade,0.1,203.99,193.78,5.5E-4,0.01121945,,,Short,Market, dc400f35, dcd075b2,16:03 2025-08-29
SOLUSDT,Trade,0.1,203.99,193.78,5.5E-4,0.01121945,,,Short,Market, c77c61ca, dcd075b2,16:03 2025-08-29
SOLUSDT,Trade,0.2,203.99,193.78,5.5E-4,0.0224389,,,Short,Market, f3b0af13, dcd075b2,16:03 2025-08-29
SOLUSDT,Trade,0.1,203.99,193.78,5.5E-4,0.01121945,,,Short,Market, 496ebf0c, dcd075b2,16:03 2025-08-29
SOLUSDT,Trade,6.0,204.75,214.99,5.5E-4,0.675675,,,Long,Market, 7fa44e3d, 6e7d1e7e,16:00 2025-08-29
BNBUSDT,Funding,1.26,857.7,0,-7.194E-5,-0.07774571,,,Long,--, 6bb05f14, 5ebb98de,16:00 2025-08-29
BNBUSDT,Trade,0.12,858.8,901.7,5.5E-4,0.0566808,,,Long,Market, 12f0dc74, f0d6a835,15:53 2025-08-29
BNBUSDT,Trade,1.14,858.8,901.7,5.5E-4,0.5384676,,,Long,Market, ecc61a33, f0d6a835,15:53 2025-08-29
ETHUSDT,Trade,0.1,4598.89,4689.14,5.5E-4,0.25293895,,,Long,Market, 60035ded, 0681446d,07:59 2025-08-28
ETHUSDT,Trade,0.01,4597.98,4689.14,5.5E-4,0.02528889,,,Long,Market, 3f239c6c, 0681446d,07:59 2025-08-28
ETHUSDT,Trade,0.07,4568,4659.34,5.5E-4,0.175868,,,Long,Market, c566ffd3, deba4ce5,04:58 2025-08-28
ETHUSDT,Trade,0.02,4568,4659.34,5.5E-4,0.050248,,,Long,Market, 65f857ae, deba4ce5,04:58 2025-08-28
ETHUSDT,Trade,0.02,4568,4659.34,5.5E-4,0.050248,,,Long,Market, 5881b7df, deba4ce5,04:58 2025-08-28
ETHUSDT,Funding,0.22,4504.51,0,4.41E-5,0.04370276,,,Short,--, c4729757, fab61230,00:00 2025-08-28
ETHUSDT,Trade,0.22,4560.07,4651.52,5.5E-4,0.55176847,,,Long,Market, 5f47d74c, ad512594,21:20 2025-08-27
ETHUSDT,Trade,0.25,4571.4,4479.98,5.5E-4,0.6285675,,,Short,Market, 2e2c14f8, ef4f9cb0,21:17 2025-08-27
ETHUSDT,Trade,0.02,4571.4,4479.98,5.5E-4,0.0502854,,,Short,Market, dfea7dc0, ef4f9cb0,21:17 2025-08-27
ETHUSDT,Trade,0.01,4571.4,4479.98,5.5E-4,0.0251427,,,Short,Market, e71584af, ef4f9cb0,21:17 2025-08-27
ETHUSDT,Trade,0.13,4572.2,4663.07,5.5E-4,0.3269123,,,Long,Market, 3be5fdf9, dd3bd973,21:10 2025-08-27
ETHUSDT,Trade,0.01,4572.02,4663.07,5.5E-4,0.02514611,,,Long,Market, 24b73d5e, dd3bd973,21:10 2025-08-27
ETHUSDT,Trade,0.01,4572,4663.07,5.5E-4,0.025146,,,Long,Market, 3e08b492, dd3bd973,21:10 2025-08-27
ETHUSDT,Trade,0.1,4584.36,4492.62,5.5E-4,0.2521398,,,Short,Market, 331520b8, 1cb3248e,21:00 2025-08-27
ETHUSDT,Trade,0.21,4584.36,4492.62,5.5E-4,0.52949358,,,Short,Market, 839a5f04, 1cb3248e,21:00 2025-08-27
SOLUSDT,Trade,1.0,189.94,180.5,5.5E-4,0.104467,,,Short,Market, a8fe0a73, c6b0ba28,14:28 2025-08-26
SOLUSDT,Trade,2.8,189.94,180.5,5.5E-4,0.2925076,,,Short,Market, 5b680636, c6b0ba28,14:28 2025-08-26
SOLUSDT,Trade,5.7,189.94,180.5,5.5E-4,0.5954619,,,Short,Market, 83e65357, c6b0ba28,14:28 2025-08-26
SOLUSDT,Trade,3.9,189.94,180.5,5.5E-4,0.4074213,,,Short,Market, fd4ef443, c6b0ba28,14:28 2025-08-26
SOLUSDT,Trade,2.9,189.48,179.96,5.5E-4,0.3022206,,,Short,Market, 15cfa542, 77db1c3a,14:11 2025-08-26
SOLUSDT,Trade,2.1,189.48,179.96,5.5E-4,0.2188494,,,Short,Market, a133425e, 77db1c3a,14:11 2025-08-26
SOLUSDT,Trade,8.4,189.48,179.96,5.5E-4,0.8753976,,,Short,Market, cc926146, 77db1c3a,14:11 2025-08-26
SOLUSDT,Trade,18.5,189.17,198.63,5.5E-4,1.92480475,,,Long,Market, 47b343ce, e9a90573,13:21 2025-08-26
SOLUSDT,Trade,8.3,189.17,198.63,5.5E-4,0.86356105,,,Long,Market, c1b2f66a, e9a90573,13:21 2025-08-26
ETHUSDT,Trade,0.88,4362.1,4450.05,5.5E-4,2.1112564,,,Long,Market, d320a876, 593cd91d,21:00 2025-08-25
ETHUSDT,Trade,0.87,4376.5,4290.44,5.5E-4,2.09415525,,,Short,Market, 7e905351, 6b8c4899,20:41 2025-08-25
ETHUSDT,Trade,0.01,4376.64,4290.44,5.5E-4,0.02407152,,,Short,Market, cf9d1c5c, 6b8c4899,20:41 2025-08-25
ETHUSDT,Trade,0.8,4406.66,4494.93,5.5E-4,1.9389304,,,Long,Market, 80a4a916, b87913b6,20:29 2025-08-25
ETHUSDT,Trade,0.8,4403.82,4316.9,5.5E-4,1.9376808,,,Short,Market, b6eea501, 122a0655,20:25 2025-08-25
ETHUSDT,Trade,0.56,4410.75,4498.3,5.5E-4,1.358511,,,Long,Market, 1c26c1a5, c967f7a2,20:22 2025-08-25
ETHUSDT,Trade,0.55,4414.8,4327.5,5.5E-4,1.335477,,,Short,Market, 1dc0b628, fff59e20,20:08 2025-08-25
ETHUSDT,Trade,0.01,4414.8,4327.5,5.5E-4,0.0242814,,,Short,Market, a2da005b, fff59e20,20:08 2025-08-25
ETHUSDT,Trade,0.48,4433,4344.66,5.5E-4,1.170312,,,Short,Market, 4d6d9cab, 6d963ce3,20:06 2025-08-25
ETHUSDT,Trade,0.48,4437.29,4526.02,5.5E-4,1.17144456,,,Long,Market, ff58e630, 5297cca3,20:02 2025-08-25
ETHUSDT,Trade,0.6,4433.01,4522.39,5.5E-4,1.4628933,,,Long,Market, 730cd303, 163a708c,20:01 2025-08-25
ETHUSDT,Trade,0.46,4433.01,4522.39,5.5E-4,1.12155153,,,Long,Market, da8a1fb7, 163a708c,20:01 2025-08-25
ETHUSDT,Trade,0.1,4419.54,4330.47,5.5E-4,0.2430747,,,Short,Market, 994c7a64, 59e0c642,20:00 2025-08-25
ETHUSDT,Trade,0.21,4421.22,4332.68,5.5E-4,0.51065091,,,Short,Market, c1ed2cdf, a6253a3a,19:59 2025-08-25
ETHUSDT,Trade,0.32,4421.22,4332.68,5.5E-4,0.77813472,,,Short,Market, 7ccb6cf2, a6253a3a,19:59 2025-08-25
ETHUSDT,Trade,0.05,4574.7,4483.24,5.5E-4,0.12580425,,,Short,Market, 323250c8, fbc47370,18:46 2025-08-25
ETHUSDT,Trade,0.21,4574.7,4483.24,5.5E-4,0.52837785,,,Short,Market, 5460db58, fbc47370,18:46 2025-08-25
ETHUSDT,Trade,0.02,4574.7,4483.24,5.5E-4,0.0503217,,,Short,Market, 6bf84f0b, fbc47370,18:46 2025-08-25
ETHUSDT,Trade,0.15,4574.7,4483.24,5.5E-4,0.37741275,,,Short,Market, 32e7f36c, fbc47370,18:46 2025-08-25
NEARUSDT,Trade,220.0,2.463,2.585,5.5E-4,0.298023,,,Long,Market, 53e5a87d, 30d6287d,18:46 2025-08-25
NEARUSDT,Trade,0.1,2.463,2.585,5.5E-4,1.3547E-4,,,Long,Market, 91eb26a7, 30d6287d,18:46 2025-08-25
NEARUSDT,Trade,0.3,2.463,2.585,5.5E-4,4.064E-4,,,Long,Market, adea23c9, 30d6287d,18:46 2025-08-25
NEARUSDT,Trade,0.2,2.463,2.585,5.5E-4,2.7093E-4,,,Long,Market, 07e52f4d, 30d6287d,18:46 2025-08-25
NEARUSDT,Trade,1.4,2.463,2.585,5.5E-4,0.00189651,,,Long,Market, fadfd6e3, 30d6287d,18:46 2025-08-25
NEARUSDT,Trade,0.1,2.463,2.585,5.5E-4,1.3547E-4,,,Long,Market, 9c4bf189, 30d6287d,18:46 2025-08-25
NEARUSDT,Trade,0.1,2.463,2.585,5.5E-4,1.3547E-4,,,Long,Market, 79668125, 30d6287d,18:46 2025-08-25
NEARUSDT,Trade,0.1,2.463,2.585,5.5E-4,1.3547E-4,,,Long,Market, 167bdf1c, 30d6287d,18:46 2025-08-25
NEARUSDT,Trade,2.3,2.463,2.585,5.5E-4,0.0031157,,,Long,Market, a0e844ee, 30d6287d,18:46 2025-08-25
NEARUSDT,Trade,460.0,2.463,2.585,5.5E-4,0.623139,,,Long,Market, 80633a6b, 30d6287d,18:46 2025-08-25
NEARUSDT,Trade,684.6,2.461,2.338,5.5E-4,0.92664033,,,Short,Market, 4cbc57f0, 97399d95,18:46 2025-08-25
BTCUSDT,Trade,0.007,113439.1,114573.3,5.5E-4,0.43674054,,,Long,Market, 7e14a22c, a672d9d7,21:10 2025-08-19
BTCUSDT,Trade,0.007,113244.7,112115,5.5E-4,0.4359921,,,Short,Market, 4b1f985e, 54bcaae8,20:29 2025-08-19
BTCUSDT,Trade,0.002,116205.6,117377.6,5.5E-4,0.12782616,,,Long,Market, 3bdbdf0b, 523cf79c,16:05 2025-08-18
BTCUSDT,Trade,0.001,116205.6,117377.6,5.5E-4,0.06391308,,,Long,Market, 844d715f, 523cf79c,16:05 2025-08-18
BTCUSDT,Funding,0.003,116083.85,0,-2.41E-5,-0.00839287,,,Short,--, 7b4fe948, 844f2713,16:00 2025-08-18
BTCUSDT,Trade,0.002,115374.2,116532.6,5.5E-4,0.12691162,,,Long,Market, 4e3fc038, 6c6a220d,15:20 2025-08-18
BTCUSDT,Trade,0.004,115647.7,114473.7,5.5E-4,0.25442494,,,Short,Market, 5e0454ae, 3fc4a9a9,15:01 2025-08-18
BTCUSDT,Trade,0.001,115647.7,114473.7,5.5E-4,0.06360624,,,Short,Market, 4029e4e4, 3fc4a9a9,15:01 2025-08-18
NEARUSDT,Trade,184.3,2.703,2.568,5.5E-4,0.2739896,,,Short,Market, 21ede19f, d5cf99a0,23:40 2025-08-15
NEARUSDT,Trade,184.3,2.706,2.841,5.5E-4,0.27429369,,,Long,Market, 8b025767, 4e7daef8,23:39 2025-08-15
NEARUSDT,Trade,147.6,2.707,2.841,5.5E-4,0.21975426,,,Long,Market, 4870b944, 4df896bd,23:39 2025-08-15
NEARUSDT,Trade,2.1,2.707,2.841,5.5E-4,0.00312659,,,Long,Market, 70256c3c, 4df896bd,23:39 2025-08-15
NEARUSDT,Trade,5.5,2.707,2.841,5.5E-4,0.00818868,,,Long,Market, a11518ff, 4df896bd,23:39 2025-08-15
NEARUSDT,Trade,11.1,2.707,2.841,5.5E-4,0.01652624,,,Long,Market, bbc481bd, 4df896bd,23:39 2025-08-15
NEARUSDT,Trade,1.5,2.707,2.841,5.5E-4,0.00223328,,,Long,Market, d0a9fada, 4df896bd,23:39 2025-08-15
NEARUSDT,Trade,1.1,2.707,2.841,5.5E-4,0.00163774,,,Long,Market, 79a8da4f, 4df896bd,23:39 2025-08-15
NEARUSDT,Trade,1.1,2.707,2.841,5.5E-4,0.00163774,,,Long,Market, 76fa3f69, 4df896bd,23:39 2025-08-15
NEARUSDT,Trade,1.4,2.707,2.841,5.5E-4,0.00208439,,,Long,Market, cdd6df67, 4df896bd,23:39 2025-08-15
NEARUSDT,Trade,0.9,2.707,2.841,5.5E-4,0.00133997,,,Long,Market, 7cd541ef, 4df896bd,23:39 2025-08-15
NEARUSDT,Trade,0.9,2.707,2.841,5.5E-4,0.00133997,,,Long,Market, ee2a9c0d, 4df896bd,23:39 2025-08-15
NEARUSDT,Trade,1.1,2.707,2.841,5.5E-4,0.00163774,,,Long,Market, 575507e9, 4df896bd,23:39 2025-08-15
NEARUSDT,Trade,1.3,2.707,2.841,5.5E-4,0.00193551,,,Long,Market, 7a6f694f, 4df896bd,23:39 2025-08-15
NEARUSDT,Trade,1.4,2.707,2.841,5.5E-4,0.00208439,,,Long,Market, 1cf0d869, 4df896bd,23:39 2025-08-15
NEARUSDT,Trade,0.7,2.707,2.841,5.5E-4,0.0010422,,,Long,Market, 53078828, 4df896bd,23:39 2025-08-15
NEARUSDT,Trade,0.8,2.707,2.841,5.5E-4,0.00119108,,,Long,Market, f56fb5f0, 4df896bd,23:39 2025-08-15
NEARUSDT,Trade,1.1,2.707,2.841,5.5E-4,0.00163774,,,Long,Market, 9b9108d1, 4df896bd,23:39 2025-08-15
NEARUSDT,Trade,1.3,2.707,2.841,5.5E-4,0.00193551,,,Long,Market, da305bbc, 4df896bd,23:39 2025-08-15
NEARUSDT,Trade,1.7,2.707,2.841,5.5E-4,0.00253105,,,Long,Market, 34cf56cf, 4df896bd,23:39 2025-08-15
NEARUSDT,Trade,0.3,2.707,2.841,5.5E-4,4.4666E-4,,,Long,Market, fecbcd87, 4df896bd,23:39 2025-08-15
NEARUSDT,Trade,0.1,2.707,2.841,5.5E-4,1.4889E-4,,,Long,Market, f84e7cd9, 4df896bd,23:39 2025-08-15
NEARUSDT,Trade,0.1,2.707,2.841,5.5E-4,1.4889E-4,,,Long,Market, 502c859e, 4df896bd,23:39 2025-08-15
NEARUSDT,Trade,0.1,2.707,2.841,5.5E-4,1.4889E-4,,,Long,Market, a43635e7, 4df896bd,23:39 2025-08-15
NEARUSDT,Trade,0.1,2.707,2.841,5.5E-4,1.4889E-4,,,Long,Market, 0f2bba24, 4df896bd,23:39 2025-08-15
NEARUSDT,Trade,0.1,2.707,2.841,5.5E-4,1.4889E-4,,,Long,Market, 7bc2ff90, 4df896bd,23:39 2025-08-15
NEARUSDT,Trade,0.3,2.707,2.841,5.5E-4,4.4666E-4,,,Long,Market, ff1d9d1b, 4df896bd,23:39 2025-08-15
NEARUSDT,Trade,0.6,2.707,2.841,5.5E-4,8.9331E-4,,,Long,Market, 92fc859b, 4df896bd,23:39 2025-08-15
NEARUSDT,Trade,0.3,2.707,2.841,5.5E-4,4.4666E-4,,,Long,Market, bad8d95b, 4df896bd,23:39 2025-08-15
NEARUSDT,Trade,0.1,2.707,2.841,5.5E-4,1.4889E-4,,,Long,Market, 126f43dd, 4df896bd,23:39 2025-08-15
NEARUSDT,Trade,0.1,2.707,2.841,5.5E-4,1.4889E-4,,,Long,Market, c7a87bf5, 4df896bd,23:39 2025-08-15
NEARUSDT,Trade,184.8,2.699,2.565,5.5E-4,0.27432636,,,Short,Market, d566dfba, cf80bdfc,23:31 2025-08-15
NEARUSDT,Trade,284.7,2.697,2.831,5.5E-4,0.42230975,,,Long,Market, 23a332e7, a6e66cee,23:24 2025-08-15
NEARUSDT,Trade,272.4,2.703,2.569,5.5E-4,0.40496346,,,Short,Market, f334ddca, 1e73c6f3,23:19 2025-08-15
NEARUSDT,Trade,0.3,2.703,2.569,5.5E-4,4.46E-4,,,Short,Market, 68960aa6, 1e73c6f3,23:19 2025-08-15
NEARUSDT,Trade,0.1,2.703,2.569,5.5E-4,1.4867E-4,,,Short,Market, d5f07e53, 1e73c6f3,23:19 2025-08-15
NEARUSDT,Trade,0.8,2.703,2.569,5.5E-4,0.00118932,,,Short,Market, af4dd26b, 1e73c6f3,23:19 2025-08-15
NEARUSDT,Trade,0.1,2.703,2.569,5.5E-4,1.4867E-4,,,Short,Market, 7fc61f19, 1e73c6f3,23:19 2025-08-15
NEARUSDT,Trade,1.4,2.703,2.569,5.5E-4,0.00208131,,,Short,Market, 2f050a2e, 1e73c6f3,23:19 2025-08-15
NEARUSDT,Trade,1.9,2.703,2.569,5.5E-4,0.00282464,,,Short,Market, 56b5ce45, 1e73c6f3,23:19 2025-08-15
NEARUSDT,Trade,0.1,2.703,2.569,5.5E-4,1.4867E-4,,,Short,Market, 863ff718, 1e73c6f3,23:19 2025-08-15
NEARUSDT,Trade,0.1,2.703,2.569,5.5E-4,1.4867E-4,,,Short,Market, 71135d70, 1e73c6f3,23:19 2025-08-15
NEARUSDT,Trade,2.1,2.703,2.569,5.5E-4,0.00312197,,,Short,Market, e1630ff1, 1e73c6f3,23:19 2025-08-15
NEARUSDT,Trade,2.8,2.703,2.569,5.5E-4,0.00416262,,,Short,Market, 15bc273d, 1e73c6f3,23:19 2025-08-15
NEARUSDT,Trade,2.8,2.703,2.569,5.5E-4,0.00416262,,,Short,Market, 8d056c34, 1e73c6f3,23:19 2025-08-15
NEARUSDT,Trade,227.6,2.71,2.844,5.5E-4,0.3392378,,,Long,Market, 7b4a3de9, 6508b7ea,23:18 2025-08-15
NEARUSDT,Trade,1.9,2.71,2.844,5.5E-4,0.00283195,,,Long,Market, c36b5040, 6508b7ea,23:18 2025-08-15
NEARUSDT,Trade,35.7,2.71,2.844,5.5E-4,0.05321085,,,Long,Market, d5d11df0, 6508b7ea,23:18 2025-08-15
NEARUSDT,Trade,2.6,2.71,2.844,5.5E-4,0.0038753,,,Long,Market, 22e52872, 6508b7ea,23:18 2025-08-15
NEARUSDT,Trade,0.8,2.71,2.844,5.5E-4,0.0011924,,,Long,Market, ac7fe84f, 6508b7ea,23:18 2025-08-15
NEARUSDT,Trade,0.1,2.71,2.844,5.5E-4,1.4905E-4,,,Long,Market, 8111c1cd, 6508b7ea,23:18 2025-08-15
NEARUSDT,Trade,2.9,2.71,2.844,5.5E-4,0.00432245,,,Long,Market, 27279c32, 6508b7ea,23:18 2025-08-15
NEARUSDT,Trade,9.8,2.71,2.844,5.5E-4,0.0146069,,,Long,Market, d870b8b1, 6508b7ea,23:18 2025-08-15
NEARUSDT,Trade,0.3,2.71,2.844,5.5E-4,4.4715E-4,,,Long,Market, e6a20df6, 6508b7ea,23:18 2025-08-15
NEARUSDT,Trade,0.1,2.71,2.844,5.5E-4,1.4905E-4,,,Long,Market, f3e77a8e, 6508b7ea,23:18 2025-08-15
NEARUSDT,Trade,0.1,2.71,2.844,5.5E-4,1.4905E-4,,,Long,Market, f0699c78, 6508b7ea,23:18 2025-08-15
NEARUSDT,Trade,0.1,2.71,2.844,5.5E-4,1.4905E-4,,,Long,Market, 4649b5be, 6508b7ea,23:18 2025-08-15
NEARUSDT,Trade,0.1,2.71,2.844,5.5E-4,1.4905E-4,,,Long,Market, d090c48a, 6508b7ea,23:18 2025-08-15
NEARUSDT,Trade,0.1,2.71,2.844,5.5E-4,1.4905E-4,,,Long,Market, 912371bc, 6508b7ea,23:18 2025-08-15
NEARUSDT,Trade,0.1,2.71,2.844,5.5E-4,1.4905E-4,,,Long,Market, 9916f5ca, 6508b7ea,23:18 2025-08-15
NEARUSDT,Trade,2.1,2.71,2.844,5.5E-4,0.00313005,,,Long,Market, 5126b0cc, 6508b7ea,23:18 2025-08-15
NEARUSDT,Trade,284.2,2.711,2.577,5.5E-4,0.42375641,,,Short,Market, e4e7df7b, b3b723e9,23:06 2025-08-15
NEARUSDT,Trade,80.2,2.713,2.58,5.5E-4,0.11967043,,,Short,Market, c2d0b8a7, e4dfb023,23:06 2025-08-15
NEARUSDT,Trade,2.8,2.713,2.58,5.5E-4,0.00417802,,,Short,Market, 5aff3634, e4dfb023,23:06 2025-08-15
NEARUSDT,Trade,2.1,2.713,2.58,5.5E-4,0.00313352,,,Short,Market, 405c6a7b, e4dfb023,23:06 2025-08-15
NEARUSDT,Trade,197.9,2.713,2.58,5.5E-4,0.29529649,,,Short,Market, ea552791, e4dfb023,23:06 2025-08-15
NEARUSDT,Trade,283.0,2.723,2.86,5.5E-4,0.42383495,,,Long,Market, 8273c5e7, 2137d320,23:05 2025-08-15
NEARUSDT,Trade,257.3,2.718,2.584,5.5E-4,0.38463777,,,Short,Market, 1026ed9d, 5b4be57a,23:04 2025-08-15
NEARUSDT,Trade,2.1,2.718,2.584,5.5E-4,0.00313929,,,Short,Market, b0f62a3c, 5b4be57a,23:04 2025-08-15
NEARUSDT,Trade,2.8,2.718,2.584,5.5E-4,0.00418572,,,Short,Market, 2171f337, 5b4be57a,23:04 2025-08-15
NEARUSDT,Trade,0.1,2.718,2.584,5.5E-4,1.4949E-4,,,Short,Market, 2ae5fe8d, 5b4be57a,23:04 2025-08-15
NEARUSDT,Trade,1.3,2.718,2.584,5.5E-4,0.00194337,,,Short,Market, d227d33e, 5b4be57a,23:04 2025-08-15
NEARUSDT,Trade,1.1,2.718,2.584,5.5E-4,0.00164439,,,Short,Market, 8cd7aaa8, 5b4be57a,23:04 2025-08-15
NEARUSDT,Trade,0.8,2.718,2.584,5.5E-4,0.00119592,,,Short,Market, 788cdfd9, 5b4be57a,23:04 2025-08-15
NEARUSDT,Trade,1.1,2.718,2.584,5.5E-4,0.00164439,,,Short,Market, 54be98d5, 5b4be57a,23:04 2025-08-15
NEARUSDT,Trade,0.9,2.718,2.584,5.5E-4,0.00134541,,,Short,Market, f563f781, 5b4be57a,23:04 2025-08-15
NEARUSDT,Trade,1.1,2.718,2.584,5.5E-4,0.00164439,,,Short,Market, 3730c1ef, 5b4be57a,23:04 2025-08-15
NEARUSDT,Trade,1.3,2.718,2.584,5.5E-4,0.00194337,,,Short,Market, b22e6a92, 5b4be57a,23:04 2025-08-15
NEARUSDT,Trade,1.4,2.718,2.584,5.5E-4,0.00209286,,,Short,Market, decf1392, 5b4be57a,23:04 2025-08-15
NEARUSDT,Trade,0.9,2.718,2.584,5.5E-4,0.00134541,,,Short,Market, b74a905c, 5b4be57a,23:04 2025-08-15
NEARUSDT,Trade,1.1,2.718,2.584,5.5E-4,0.00164439,,,Short,Market, 14a432d7, 5b4be57a,23:04 2025-08-15
NEARUSDT,Trade,1.4,2.718,2.584,5.5E-4,0.00209286,,,Short,Market, 107653ce, 5b4be57a,23:04 2025-08-15
NEARUSDT,Trade,0.7,2.718,2.584,5.5E-4,0.00104643,,,Short,Market, dfcc73b6, 5b4be57a,23:04 2025-08-15
NEARUSDT,Trade,1.2,2.718,2.584,5.5E-4,0.00179388,,,Short,Market, bd5a8d62, 5b4be57a,23:04 2025-08-15
NEARUSDT,Trade,1.7,2.718,2.584,5.5E-4,0.00254133,,,Short,Market, 43f90950, 5b4be57a,23:04 2025-08-15
NEARUSDT,Trade,0.1,2.718,2.584,5.5E-4,1.4949E-4,,,Short,Market, ab1cb081, 5b4be57a,23:04 2025-08-15
NEARUSDT,Trade,0.3,2.718,2.584,5.5E-4,4.4847E-4,,,Short,Market, 8c83159c, 5b4be57a,23:04 2025-08-15
NEARUSDT,Trade,0.1,2.718,2.584,5.5E-4,1.4949E-4,,,Short,Market, 4bc760e7, 5b4be57a,23:04 2025-08-15
NEARUSDT,Trade,0.1,2.718,2.584,5.5E-4,1.4949E-4,,,Short,Market, a253222d, 5b4be57a,23:04 2025-08-15
NEARUSDT,Trade,2.8,2.718,2.584,5.5E-4,0.00418572,,,Short,Market, af71aa52, 5b4be57a,23:04 2025-08-15
NEARUSDT,Trade,281.7,2.736,2.871,5.5E-4,0.42390216,,,Long,Market, 47d23d9f, f85c1838,23:00 2025-08-15
NEARUSDT,Trade,283.3,2.73,2.594,5.5E-4,0.42537495,,,Short,Market, 480675a2, a25a00d2,22:57 2025-08-15
NEARUSDT,Trade,225.5,2.721,2.856,5.5E-4,0.33747203,,,Long,Market, 0e2ba40a, 48c00df6,22:52 2025-08-15
NEARUSDT,Trade,50.0,2.721,2.856,5.5E-4,0.0748275,,,Long,Market, ab6996c2, 48c00df6,22:52 2025-08-15
NEARUSDT,Trade,0.3,2.721,2.856,5.5E-4,4.4897E-4,,,Long,Market, 317df238, 48c00df6,22:52 2025-08-15
NEARUSDT,Trade,4.0,2.721,2.856,5.5E-4,0.0059862,,,Long,Market, 7a13841e, 48c00df6,22:52 2025-08-15
NEARUSDT,Trade,0.1,2.721,2.856,5.5E-4,1.4966E-4,,,Long,Market, 3355ff50, 48c00df6,22:52 2025-08-15
NEARUSDT,Trade,0.1,2.721,2.856,5.5E-4,1.4966E-4,,,Long,Market, 7364c30e, 48c00df6,22:52 2025-08-15
NEARUSDT,Trade,2.0,2.721,2.856,5.5E-4,0.0029931,,,Long,Market, 7653e4d0, 48c00df6,22:52 2025-08-15
NEARUSDT,Trade,0.8,2.721,2.856,5.5E-4,0.00119724,,,Long,Market, 3141c86d, 48c00df6,22:52 2025-08-15
NEARUSDT,Trade,0.1,2.721,2.856,5.5E-4,1.4966E-4,,,Long,Market, 692cf444, 48c00df6,22:52 2025-08-15
NEARUSDT,Trade,0.4,2.721,2.856,5.5E-4,5.9862E-4,,,Long,Market, 10fb8a8c, 48c00df6,22:52 2025-08-15
ETHUSDT,Trade,0.1,4759.7,4664.51,5.5E-4,0.2617835,,,Short,Market, 5c1d5597, e8df493f,23:54 2025-08-13
ETHUSDT,Trade,0.06,4769.01,4864.16,5.5E-4,0.15737733,,,Long,Market, 99a651a5, b1aab16f,23:49 2025-08-13
ETHUSDT,Trade,0.04,4769.01,4864.16,5.5E-4,0.10491822,,,Long,Market, 56c13033, b1aab16f,23:49 2025-08-13
BTCUSDT,Trade,0.004,123596.4,122359.5,5.5E-4,0.27191208,,,Short,Market, 70f8baa0, 1c58d3ef,23:43 2025-08-13
BTCUSDT,Trade,0.004,123604.7,124836.5,5.5E-4,0.27193034,,,Long,Market, 44b31f40, 0b3e5e56,23:40 2025-08-13
BTCUSDT,Trade,0.003,121997.7,120759.2,5.5E-4,0.20129621,,,Short,Market, 12ba0a06, acd5423a,19:10 2025-08-13
BTCUSDT,Funding,0.003,120920.6,0,1.0E-4,0.03627618,,,Long,--, ed18b6b3, 4aa0de57,16:00 2025-08-13
BTCUSDT,Trade,0.003,120568.5,120568.5,2.0E-4,0.0723411,,,Long,Limit, 6dccb4c0, 5ce68fb9,15:30 2025-08-13
NEARUSDT,Trade,489.0,2.881,2.738,5.5E-4,0.77484495,,,Short,Market, e21d498c, 53b40e79,15:09 2025-08-13
NEARUSDT,Trade,470.1,2.9,3.046,5.5E-4,0.7498095,,,Long,Market, 9d4e26f4, cad4146d,14:53 2025-08-13
NEARUSDT,Trade,18.9,2.9,3.046,5.5E-4,0.0301455,,,Long,Market, 6d0ccd61, cad4146d,14:53 2025-08-13
NEARUSDT,Trade,498.8,2.915,2.771,5.5E-4,0.7997011,,,Short,Market, 83d1d952, ac5d4320,14:51 2025-08-13
NEARUSDT,Trade,1.8,2.915,2.771,5.5E-4,0.00288585,,,Short,Market, ed7e957d, ac5d4320,14:51 2025-08-13
NEARUSDT,Trade,4.8,2.915,2.771,5.5E-4,0.0076956,,,Short,Market, c78491e5, ac5d4320,14:51 2025-08-13
NEARUSDT,Trade,0.1,2.915,2.771,5.5E-4,1.6033E-4,,,Short,Market, d09824ed, ac5d4320,14:51 2025-08-13
NEARUSDT,Trade,1.8,2.915,2.771,5.5E-4,0.00288585,,,Short,Market, bf9bc069, ac5d4320,14:51 2025-08-13
NEARUSDT,Trade,0.1,2.915,2.771,5.5E-4,1.6033E-4,,,Short,Market, 588d6e10, ac5d4320,14:51 2025-08-13
NEARUSDT,Trade,0.2,2.915,2.771,5.5E-4,3.2065E-4,,,Short,Market, bbb3ab00, ac5d4320,14:51 2025-08-13
NEARUSDT,Trade,0.4,2.915,2.771,5.5E-4,6.413E-4,,,Short,Market, 0d385b64, ac5d4320,14:51 2025-08-13
NEARUSDT,Trade,2.6,2.915,2.771,5.5E-4,0.00416845,,,Short,Market, f89d790e, ac5d4320,14:51 2025-08-13
NEARUSDT,Trade,510.6,2.926,3.071,5.5E-4,0.82170858,,,Long,Market, 0d874209, f7f420f0,14:50 2025-08-13
NEARUSDT,Trade,285.3,2.925,3.071,5.5E-4,0.45897638,,,Long,Market, 707c5914, 833d1a3e,14:49 2025-08-13
NEARUSDT,Trade,259.2,2.931,2.786,5.5E-4,0.41784336,,,Short,Market, 43d1f3e1, 8d0717e6,14:46 2025-08-13
NEARUSDT,Trade,4.4,2.931,2.786,5.5E-4,0.00709302,,,Short,Market, 46796388, 8d0717e6,14:46 2025-08-13
NEARUSDT,Trade,13.8,2.931,2.786,5.5E-4,0.02224629,,,Short,Market, de999944, 8d0717e6,14:46 2025-08-13
NEARUSDT,Trade,7.9,2.931,2.786,5.5E-4,0.0127352,,,Short,Market, ee3e954b, 8d0717e6,14:46 2025-08-13
NEARUSDT,Trade,730.9,2.923,2.778,5.5E-4,1.17503139,,,Short,Market, b6b63b23, d55f9ca2,14:35 2025-08-13
BTCUSDT,Trade,0.003,121659.3,120463.2,5.5E-4,0.20073785,,,Short,Market, 05d23601, be4d402c,14:23 2025-08-13
NEARUSDT,Trade,730.9,2.919,3.064,5.5E-4,1.17342341,,,Long,Market, 3f680668, 7266317f,14:14 2025-08-13
BTCUSDT,Trade,0.002,122015.2,123232.2,5.5E-4,0.13421672,,,Long,Market, db941aa3, 38e57ba4,14:01 2025-08-13
BTCUSDT,Trade,0.001,122014.8,123232.2,5.5E-4,0.06710814,,,Long,Market, adbee72e, 38e57ba4,14:01 2025-08-13
DOGEUSDT,Trade,154.0,0.22808,0.23936,5.5E-4,0.01931838,,,Long,Market, c4b8ab7b, ad98282d,15:23 2025-08-12
DOGEUSDT,Trade,154.0,0.22743,0.21607,5.5E-4,0.01926333,,,Short,Market, 36e28e2e, f1f60dcb,15:03 2025-08-12
